x,y,fitness,sample
17,10,4.875,[-9.854581441763525, 2.657496233411372, -3.6072743836534915, -0.6478507131609952, -5.088893271660031, 7.887471404722554, 3.7086334661485125, 1.548993522919302, -5.93328226799545, -8.05241041210411, 2.913315742740263, -5.514530992036361, -0.8364601792409374, 3.1159253138681677, 2.561393716573111, -8.593355960935654, -7.591839617288403, 3.7209453403110366, -2.04326490991847, 1.0229424944333392, -5.473427125141708]
22,8,2.0416666666666665,[-9.854581441763525, 2.657496233411372, -3.6072743836534915, -0.6478507131609952, -5.088893271660031, 7.887471404722554, 3.7086334661485125, 1.548993522919302, -5.93328226799545, -8.05241041210411, 2.913315742740263, -5.514530992036361, -0.8364601792409374, 3.1159253138681677, 2.561393716573111, -8.593355960935654, -7.591839617288403, 3.7209453403110366, -2.04326490991847, 1.0229424944333392, -5.473427125141708]
9,14,-0.875,[-8.806549129299853, -6.533907422281102, -4.038595937651285, 3.761492307336738, -2.7660700958126494, 6.197362134222409, 3.1795936469527746, 6.988627627279996, -5.924904292596667, 2.527981935056495, -8.070087689098731, -3.63476604662341, 8.142274463670493, 5.287726568018307, -7.0201282165403756, -7.445447608272088, 0.8790942368008778, -5.350136246888626, 6.2851956510724065, -5.534476483442337, -8.68272130458616]
12,15,-0.16666666666666666,[-8.806549129299853, -6.533907422281102, -4.038595937651285, 3.761492307336738, -2.7660700958126494, 6.197362134222409, 3.1795936469527746, 6.988627627279996, -5.924904292596667, 2.527981935056495, -8.070087689098731, -3.63476604662341, 8.142274463670493, 5.287726568018307, -7.0201282165403756, -7.445447608272088, 0.8790942368008778, -5.350136246888626, 6.2851956510724065, -5.534476483442337, -8.68272130458616]
19,8,0.5,[-9.854581441763525, 2.657496233411372, -3.6072743836534915, -0.6478507131609952, -5.088893271660031, 7.887471404722554, 3.7086334661485125, 1.548993522919302, -5.93328226799545, -8.05241041210411, 2.913315742740263, -5.514530992036361, -0.8364601792409374, 3.1159253138681677, 2.561393716573111, -8.593355960935654, -7.591839617288403, 3.7209453403110366, -2.04326490991847, 1.0229424944333392, -5.473427125141708]
