generation,class,card,share,n_unique_elites
0,HUNTER,Abusive Sergeant,0.1111,9
0,HUNTER,Alexstrasza,0.2222,9
0,HUNTER,Ancient Brewmaster,0.1111,9
0,HUNTER,Animal Companion,0.5556,9
0,HUNTER,Arcane Golem,0.1111,9
0,HUNTER,Arcane Shot,0.3333,9
0,HUNTER,Argent Squire,0.1111,9
0,HUNTER,Baron Geddon,0.1111,9
0,HUNTER,Baron Rivendare,0.1111,9
0,HUNTER,Coldlight Oracle,0.1111,9
0,HUNTER,Crazed Alchemist,0.1111,9
0,HUNTER,Deadly Shot,0.2222,9
0,HUNTER,Deathlord,0.1111,9
0,HUNTER,Dire Wolf Alpha,0.3333,9
0,HUNTER,Eaglehorn Bow,0.7778,9
0,HUNTER,Elven Archer,0.1111,9
0,HUNTER,Explosive Shot,0.3333,9
0,HUNTER,Explosive Trap,0.7778,9
0,HUNTER,Feugen,0.1111,9
0,HUNTER,Flare,0.5556,9
0,HUNTER,Freezing Trap,0.6667,9
0,HUNTER,Frostwolf Grunt,0.1111,9
0,HUNTER,Goldshire Footman,0.1111,9
0,HUNTER,Harvest Golem,0.1111,9
0,HUNTER,Haunted Creeper,0.5556,9
0,HUNTER,Houndmaster,0.3333,9
0,HUNTER,Hungry Crab,0.1111,9
0,HUNTER,Hunter's Mark,0.7778,9
0,HUNTER,Ironbeak Owl,0.1111,9
0,HUNTER,Kel'Thuzad,0.1111,9
0,HUNTER,Kill Command,0.3333,9
0,HUNTER,King Krush,0.1111,9
0,HUNTER,Knife Juggler,0.1111,9
0,HUNTER,Leeroy Jenkins,0.3333,9
0,HUNTER,Leper Gnome,0.6667,9
0,HUNTER,Loatheb,0.2222,9
0,HUNTER,Loot Hoarder,0.3333,9
0,HUNTER,Mad Scientist,0.6667,9
0,HUNTER,Maexxna,0.1111,9
0,HUNTER,Misdirection,0.3333,9
0,HUNTER,Multi-Shot,0.2222,9
0,HUNTER,Murloc Raider,0.1111,9
0,HUNTER,Murloc Tidehunter,0.1111,9
0,HUNTER,Nat Pagle,0.1111,9
0,HUNTER,Nerub'ar Weblord,0.1111,9
0,HUNTER,Ragnaros the Firelord,0.1111,9
0,HUNTER,Raid Leader,0.1111,9
0,HUNTER,Savannah Highmane,0.4444,9
0,HUNTER,Scarlet Crusader,0.1111,9
0,HUNTER,Scavenging Hyena,0.1111,9
0,HUNTER,Sea Giant,0.1111,9
0,HUNTER,Shieldbearer,0.2222,9
0,HUNTER,Sludge Belcher,0.2222,9
0,HUNTER,Snake Trap,0.1111,9
0,HUNTER,Stalagg,0.1111,9
0,HUNTER,Starving Buzzard,0.6667,9
0,HUNTER,Stonetusk Boar,0.2222,9
0,HUNTER,Sylvanas Windrunner,0.1111,9
0,HUNTER,Timber Wolf,0.2222,9
0,HUNTER,Tracking,0.2222,9
0,HUNTER,Undertaker,0.4444,9
0,HUNTER,Unleash the Hounds,0.8889,9
0,HUNTER,Unstable Ghoul,0.1111,9
0,HUNTER,Webspinner,0.5556,9
0,HUNTER,Wisp,0.1111,9
0,HUNTER,Wolfrider,0.1111,9
0,HUNTER,Worgen Infiltrator,0.1111,9
0,HUNTER,Young Dragonhawk,0.1111,9
0,HUNTER,Ysera,0.1111,9
0,MAGE,Acidic Swamp Ooze,0.125,16
0,MAGE,Acolyte of Pain,0.0625,16
0,MAGE,Alexstrasza,0.1875,16
0,MAGE,Amani Berserker,0.125,16
0,MAGE,Arcane Explosion,0.375,16
0,MAGE,Arcane Golem,0.0625,16
0,MAGE,Arcane Intellect,0.6875,16
0,MAGE,Arcane Missiles,0.375,16
0,MAGE,Archmage Antonidas,0.125,16
0,MAGE,Argent Commander,0.125,16
0,MAGE,Azure Drake,0.3125,16
0,MAGE,Baron Rivendare,0.0625,16
0,MAGE,Blizzard,0.5,16
0,MAGE,Bloodfen Raptor,0.0625,16
0,MAGE,Bloodmage Thalnos,0.25,16
0,MAGE,Bluegill Warrior,0.0625,16
0,MAGE,Booty Bay Bodyguard,0.0625,16
0,MAGE,Cairne Bloodhoof,0.1875,16
0,MAGE,Chillwind Yeti,0.125,16
0,MAGE,Cone of Cold,0.375,16
0,MAGE,Counterspell,0.5,16
0,MAGE,Cult Master,0.0625,16
0,MAGE,Dancing Swords,0.125,16
0,MAGE,Darkscale Healer,0.0625,16
0,MAGE,Deathlord,0.0625,16
0,MAGE,Demolisher,0.0625,16
0,MAGE,Doomsayer,0.375,16
0,MAGE,Duplicate,0.375,16
0,MAGE,Earthen Ring Farseer,0.125,16
0,MAGE,Echoing Ooze,0.0625,16
0,MAGE,Elven Archer,0.1875,16
0,MAGE,Ethereal Arcanist,0.1875,16
0,MAGE,Faerie Dragon,0.1875,16
0,MAGE,Feugen,0.1875,16
0,MAGE,Fireball,1.0,16
0,MAGE,Flamestrike,0.875,16
0,MAGE,Frost Nova,0.5625,16
0,MAGE,Frostbolt,0.875,16
0,MAGE,Frostwolf Grunt,0.0625,16
0,MAGE,Frostwolf Warlord,0.0625,16
0,MAGE,Gadgetzan Auctioneer,0.0625,16
0,MAGE,Gnomish Inventor,0.0625,16
0,MAGE,Harvest Golem,0.0625,16
0,MAGE,Hungry Crab,0.0625,16
0,MAGE,Ice Barrier,0.5625,16
0,MAGE,Ice Block,0.625,16
0,MAGE,Ice Lance,0.3125,16
0,MAGE,Imp Master,0.0625,16
0,MAGE,Ironfur Grizzly,0.0625,16
0,MAGE,Kirin Tor Mage,0.25,16
0,MAGE,Knife Juggler,0.0625,16
0,MAGE,Leper Gnome,0.125,16
0,MAGE,Loatheb,0.25,16
0,MAGE,Loot Hoarder,0.1875,16
0,MAGE,Mad Scientist,0.4375,16
0,MAGE,Maexxna,0.0625,16
0,MAGE,Mana Wraith,0.0625,16
0,MAGE,Mana Wyrm,0.25,16
0,MAGE,Mirror Entity,0.3125,16
0,MAGE,Mirror Image,0.3125,16
0,MAGE,Mogu'shan Warden,0.125,16
0,MAGE,Molten Giant,0.0625,16
0,MAGE,Mountain Giant,0.0625,16
0,MAGE,Murloc Tidehunter,0.125,16
0,MAGE,Nerubian Egg,0.0625,16
0,MAGE,Nightblade,0.125,16
0,MAGE,Novice Engineer,0.1875,16
0,MAGE,Ogre Magi,0.0625,16
0,MAGE,Polymorph,0.5,16
0,MAGE,Pyroblast,0.3125,16
0,MAGE,Ragnaros the Firelord,0.1875,16
0,MAGE,Raid Leader,0.0625,16
0,MAGE,Razorfen Hunter,0.0625,16
0,MAGE,River Crocolisk,0.0625,16
0,MAGE,Secretkeeper,0.0625,16
0,MAGE,Sen'jin Shieldmasta,0.1875,16
0,MAGE,Shieldbearer,0.0625,16
0,MAGE,Sludge Belcher,0.25,16
0,MAGE,Sorcerer's Apprentice,0.25,16
0,MAGE,Spellbender,0.125,16
0,MAGE,Stalagg,0.1875,16
0,MAGE,Stormpike Commando,0.0625,16
0,MAGE,Sunwalker,0.0625,16
0,MAGE,Sylvanas Windrunner,0.125,16
0,MAGE,Undertaker,0.125,16
0,MAGE,Unstable Ghoul,0.0625,16
0,MAGE,Vaporize,0.4375,16
0,MAGE,Venture Co. Mercenary,0.0625,16
0,MAGE,Voodoo Doctor,0.125,16
0,MAGE,Water Elemental,0.125,16
0,MAGE,Wild Pyromancer,0.0625,16
0,MAGE,Wolfrider,0.125,16
0,MAGE,Young Dragonhawk,0.0625,16
0,MAGE,Ysera,0.0625,16
0,WARRIOR,Abomination,0.0909,11
0,WARRIOR,Acolyte of Pain,0.8182,11
0,WARRIOR,Alexstrasza,0.4545,11
0,WARRIOR,Amani Berserker,0.0909,11
0,WARRIOR,Arathi Weaponsmith,0.0909,11
0,WARRIOR,Arcane Golem,0.0909,11
0,WARRIOR,Arcanite Reaper,0.1818,11
0,WARRIOR,Argent Commander,0.1818,11
0,WARRIOR,Armorsmith,0.7273,11
0,WARRIOR,Azure Drake,0.0909,11
0,WARRIOR,Baron Geddon,0.1818,11
0,WARRIOR,Battle Rage,0.0909,11
0,WARRIOR,Brawl,0.6364,11
0,WARRIOR,Cairne Bloodhoof,0.2727,11
0,WARRIOR,Cleave,0.7273,11
0,WARRIOR,Cruel Taskmaster,0.7273,11
0,WARRIOR,Death's Bite,0.5455,11
0,WARRIOR,Defender of Argus,0.0909,11
0,WARRIOR,Demolisher,0.0909,11
0,WARRIOR,Elven Archer,0.0909,11
0,WARRIOR,Execute,1.0,11
0,WARRIOR,Faceless Manipulator,0.1818,11
0,WARRIOR,Feugen,0.1818,11
0,WARRIOR,Fiery War Axe,1.0,11
0,WARRIOR,Frothing Berserker,0.1818,11
0,WARRIOR,Gorehowl,0.3636,11
0,WARRIOR,Grommash Hellscream,0.8182,11
0,WARRIOR,Harrison Jones,0.2727,11
0,WARRIOR,Harvest Golem,0.0909,11
0,WARRIOR,Haunted Creeper,0.0909,11
0,WARRIOR,Heroic Strike,0.1818,11
0,WARRIOR,Inner Rage,0.1818,11
0,WARRIOR,Jungle Panther,0.0909,11
0,WARRIOR,Kel'Thuzad,0.0909,11
0,WARRIOR,Kor'kron Elite,0.2727,11
0,WARRIOR,Leeroy Jenkins,0.0909,11
0,WARRIOR,Leper Gnome,0.0909,11
0,WARRIOR,Lightwarden,0.0909,11
0,WARRIOR,Loatheb,0.3636,11
0,WARRIOR,Loot Hoarder,0.0909,11
0,WARRIOR,Lord of the Arena,0.0909,11
0,WARRIOR,Mad Bomber,0.0909,11
0,WARRIOR,Mind Control Tech,0.0909,11
0,WARRIOR,Mortal Strike,0.1818,11
0,WARRIOR,Raging Worgen,0.0909,11
0,WARRIOR,Ragnaros the Firelord,0.5455,11
0,WARRIOR,Reckless Rocketeer,0.0909,11
0,WARRIOR,Sen'jin Shieldmasta,0.1818,11
0,WARRIOR,Shade of Naxxramas,0.0909,11
0,WARRIOR,Shield Block,0.9091,11
0,WARRIOR,Shield Slam,0.8182,11
0,WARRIOR,Slam,0.8182,11
0,WARRIOR,Sludge Belcher,0.8182,11
0,WARRIOR,Spectral Knight,0.0909,11
0,WARRIOR,Spellbreaker,0.1818,11
0,WARRIOR,Stalagg,0.2727,11
0,WARRIOR,Sunwalker,0.0909,11
0,WARRIOR,Sylvanas Windrunner,0.4545,11
0,WARRIOR,The Black Knight,0.3636,11
0,WARRIOR,Tinkmaster Overspark,0.1818,11
0,WARRIOR,Undertaker,0.0909,11
0,WARRIOR,Unstable Ghoul,0.6364,11
0,WARRIOR,Warsong Commander,0.0909,11
0,WARRIOR,Whirlwind,0.5455,11
0,WARRIOR,Wild Pyromancer,0.0909,11
0,WARRIOR,Ysera,0.3636,11
1,HUNTER,Abusive Sergeant,0.1,10
1,HUNTER,Alexstrasza,0.2,10
1,HUNTER,Ancient Brewmaster,0.1,10
1,HUNTER,Animal Companion,0.5,10
1,HUNTER,Arcane Golem,0.1,10
1,HUNTER,Arcane Shot,0.3,10
1,HUNTER,Argent Squire,0.1,10
1,HUNTER,Baron Geddon,0.1,10
1,HUNTER,Baron Rivendare,0.1,10
1,HUNTER,Cairne Bloodhoof,0.1,10
1,HUNTER,Coldlight Oracle,0.1,10
1,HUNTER,Crazed Alchemist,0.1,10
1,HUNTER,Deadly Shot,0.2,10
1,HUNTER,Deathlord,0.1,10
1,HUNTER,Dire Wolf Alpha,0.3,10
1,HUNTER,Eaglehorn Bow,0.8,10
1,HUNTER,Elven Archer,0.1,10
1,HUNTER,Explosive Shot,0.3,10
1,HUNTER,Explosive Trap,0.8,10
1,HUNTER,Feugen,0.1,10
1,HUNTER,Flare,0.5,10
1,HUNTER,Freezing Trap,0.7,10
1,HUNTER,Frostwolf Grunt,0.1,10
1,HUNTER,Goldshire Footman,0.1,10
1,HUNTER,Harvest Golem,0.2,10
1,HUNTER,Haunted Creeper,0.6,10
1,HUNTER,Houndmaster,0.4,10
1,HUNTER,Hungry Crab,0.1,10
1,HUNTER,Hunter's Mark,0.8,10
1,HUNTER,Ironbeak Owl,0.1,10
1,HUNTER,Ironfur Grizzly,0.1,10
1,HUNTER,Kel'Thuzad,0.1,10
1,HUNTER,Kill Command,0.3,10
1,HUNTER,King Krush,0.1,10
1,HUNTER,Knife Juggler,0.1,10
1,HUNTER,Leeroy Jenkins,0.3,10
1,HUNTER,Leper Gnome,0.7,10
1,HUNTER,Loatheb,0.2,10
1,HUNTER,Loot Hoarder,0.4,10
1,HUNTER,Mad Scientist,0.7,10
1,HUNTER,Maexxna,0.1,10
1,HUNTER,Misdirection,0.4,10
1,HUNTER,Multi-Shot,0.2,10
1,HUNTER,Murloc Raider,0.1,10
1,HUNTER,Murloc Tidehunter,0.1,10
1,HUNTER,Nat Pagle,0.1,10
1,HUNTER,Nerub'ar Weblord,0.1,10
1,HUNTER,Oasis Snapjaw,0.1,10
1,HUNTER,Ragnaros the Firelord,0.1,10
1,HUNTER,Raid Leader,0.1,10
1,HUNTER,Savannah Highmane,0.5,10
1,HUNTER,Scarlet Crusader,0.1,10
1,HUNTER,Scavenging Hyena,0.1,10
1,HUNTER,Sea Giant,0.1,10
1,HUNTER,Shieldbearer,0.2,10
1,HUNTER,Silverback Patriarch,0.1,10
1,HUNTER,Sludge Belcher,0.3,10
1,HUNTER,Snake Trap,0.1,10
1,HUNTER,Stalagg,0.1,10
1,HUNTER,Starving Buzzard,0.5,10
1,HUNTER,Stonetusk Boar,0.2,10
1,HUNTER,Sylvanas Windrunner,0.1,10
1,HUNTER,Timber Wolf,0.2,10
1,HUNTER,Tracking,0.2,10
1,HUNTER,Undertaker,0.5,10
1,HUNTER,Unleash the Hounds,0.9,10
1,HUNTER,Unstable Ghoul,0.1,10
1,HUNTER,Webspinner,0.6,10
1,HUNTER,Wisp,0.1,10
1,HUNTER,Wolfrider,0.1,10
1,HUNTER,Worgen Infiltrator,0.1,10
1,HUNTER,Young Dragonhawk,0.1,10
1,HUNTER,Ysera,0.1,10
1,MAGE,Acidic Swamp Ooze,0.0952,21
1,MAGE,Acolyte of Pain,0.0952,21
1,MAGE,Alexstrasza,0.2381,21
1,MAGE,Amani Berserker,0.0952,21
1,MAGE,Arcane Explosion,0.3333,21
1,MAGE,Arcane Golem,0.0476,21
1,MAGE,Arcane Intellect,0.6667,21
1,MAGE,Arcane Missiles,0.4286,21
1,MAGE,Archmage Antonidas,0.0952,21
1,MAGE,Argent Commander,0.0952,21
1,MAGE,Azure Drake,0.2857,21
1,MAGE,Baron Rivendare,0.0476,21
1,MAGE,Blizzard,0.5238,21
1,MAGE,Bloodfen Raptor,0.0476,21
1,MAGE,Bloodmage Thalnos,0.2381,21
1,MAGE,Bluegill Warrior,0.0476,21
1,MAGE,Booty Bay Bodyguard,0.0952,21
1,MAGE,Cairne Bloodhoof,0.2381,21
1,MAGE,Chillwind Yeti,0.1429,21
1,MAGE,Cone of Cold,0.381,21
1,MAGE,Counterspell,0.5238,21
1,MAGE,Cult Master,0.0952,21
1,MAGE,Dancing Swords,0.1429,21
1,MAGE,Darkscale Healer,0.0952,21
1,MAGE,Deathlord,0.0476,21
1,MAGE,Demolisher,0.0952,21
1,MAGE,Doomsayer,0.381,21
1,MAGE,Duplicate,0.381,21
1,MAGE,Earthen Ring Farseer,0.1429,21
1,MAGE,Echoing Ooze,0.0476,21
1,MAGE,Elven Archer,0.1905,21
1,MAGE,Ethereal Arcanist,0.1905,21
1,MAGE,Faerie Dragon,0.1429,21
1,MAGE,Feugen,0.1429,21
1,MAGE,Fireball,1.0,21
1,MAGE,Flamestrike,0.9048,21
1,MAGE,Frost Nova,0.5238,21
1,MAGE,Frostbolt,0.8571,21
1,MAGE,Frostwolf Grunt,0.0476,21
1,MAGE,Frostwolf Warlord,0.0476,21
1,MAGE,Gadgetzan Auctioneer,0.0476,21
1,MAGE,Gnomish Inventor,0.0476,21
1,MAGE,Harrison Jones,0.0476,21
1,MAGE,Harvest Golem,0.0952,21
1,MAGE,Hungry Crab,0.0476,21
1,MAGE,Ice Barrier,0.619,21
1,MAGE,Ice Block,0.619,21
1,MAGE,Ice Lance,0.3333,21
1,MAGE,Imp Master,0.0952,21
1,MAGE,Ironfur Grizzly,0.0476,21
1,MAGE,Kirin Tor Mage,0.2381,21
1,MAGE,Knife Juggler,0.0476,21
1,MAGE,Leper Gnome,0.1429,21
1,MAGE,Loatheb,0.2381,21
1,MAGE,Loot Hoarder,0.1905,21
1,MAGE,Mad Scientist,0.4286,21
1,MAGE,Maexxna,0.0476,21
1,MAGE,Mana Wraith,0.0952,21
1,MAGE,Mana Wyrm,0.2381,21
1,MAGE,Mirror Entity,0.2857,21
1,MAGE,Mirror Image,0.2381,21
1,MAGE,Mogu'shan Warden,0.1429,21
1,MAGE,Molten Giant,0.0476,21
1,MAGE,Mountain Giant,0.0476,21
1,MAGE,Murloc Tidehunter,0.0952,21
1,MAGE,Nerubian Egg,0.0476,21
1,MAGE,Nightblade,0.0952,21
1,MAGE,Novice Engineer,0.1429,21
1,MAGE,Nozdormu,0.0476,21
1,MAGE,Ogre Magi,0.0476,21
1,MAGE,Polymorph,0.4762,21
1,MAGE,Pyroblast,0.381,21
1,MAGE,Ragnaros the Firelord,0.1905,21
1,MAGE,Raid Leader,0.0476,21
1,MAGE,Razorfen Hunter,0.0476,21
1,MAGE,Reckless Rocketeer,0.0476,21
1,MAGE,River Crocolisk,0.0476,21
1,MAGE,Scarlet Crusader,0.0476,21
1,MAGE,Secretkeeper,0.0476,21
1,MAGE,Sen'jin Shieldmasta,0.1905,21
1,MAGE,Shade of Naxxramas,0.0476,21
1,MAGE,Shieldbearer,0.0476,21
1,MAGE,Sludge Belcher,0.2381,21
1,MAGE,Sorcerer's Apprentice,0.2381,21
1,MAGE,Spellbender,0.1429,21
1,MAGE,Stalagg,0.2381,21
1,MAGE,Stormpike Commando,0.0952,21
1,MAGE,Stranglethorn Tiger,0.0476,21
1,MAGE,Sunwalker,0.0476,21
1,MAGE,Sylvanas Windrunner,0.1429,21
1,MAGE,Undertaker,0.1429,21
1,MAGE,Unstable Ghoul,0.0476,21
1,MAGE,Vaporize,0.381,21
1,MAGE,Venture Co. Mercenary,0.0476,21
1,MAGE,Voodoo Doctor,0.0952,21
1,MAGE,Water Elemental,0.0952,21
1,MAGE,Wild Pyromancer,0.0476,21
1,MAGE,Windfury Harpy,0.0476,21
1,MAGE,Wolfrider,0.1429,21
1,MAGE,Young Dragonhawk,0.0476,21
1,MAGE,Ysera,0.0476,21
1,WARRIOR,Abomination,0.1538,13
1,WARRIOR,Acolyte of Pain,0.8462,13
1,WARRIOR,Alexstrasza,0.4615,13
1,WARRIOR,Amani Berserker,0.0769,13
1,WARRIOR,Arathi Weaponsmith,0.1538,13
1,WARRIOR,Arcane Golem,0.0769,13
1,WARRIOR,Arcanite Reaper,0.1538,13
1,WARRIOR,Argent Commander,0.1538,13
1,WARRIOR,Armorsmith,0.7692,13
1,WARRIOR,Azure Drake,0.1538,13
1,WARRIOR,Baron Geddon,0.2308,13
1,WARRIOR,Battle Rage,0.0769,13
1,WARRIOR,Brawl,0.5385,13
1,WARRIOR,Cairne Bloodhoof,0.2308,13
1,WARRIOR,Cleave,0.6923,13
1,WARRIOR,Cruel Taskmaster,0.7692,13
1,WARRIOR,Death's Bite,0.4615,13
1,WARRIOR,Defender of Argus,0.1538,13
1,WARRIOR,Demolisher,0.0769,13
1,WARRIOR,Elven Archer,0.0769,13
1,WARRIOR,Execute,1.0,13
1,WARRIOR,Faceless Manipulator,0.1538,13
1,WARRIOR,Feugen,0.1538,13
1,WARRIOR,Fiery War Axe,1.0,13
1,WARRIOR,Frothing Berserker,0.1538,13
1,WARRIOR,Gorehowl,0.3846,13
1,WARRIOR,Grommash Hellscream,0.7692,13
1,WARRIOR,Harrison Jones,0.2308,13
1,WARRIOR,Harvest Golem,0.1538,13
1,WARRIOR,Haunted Creeper,0.1538,13
1,WARRIOR,Heroic Strike,0.1538,13
1,WARRIOR,Hungry Crab,0.0769,13
1,WARRIOR,Inner Rage,0.2308,13
1,WARRIOR,Jungle Panther,0.0769,13
1,WARRIOR,Kel'Thuzad,0.0769,13
1,WARRIOR,Kor'kron Elite,0.2308,13
1,WARRIOR,Leeroy Jenkins,0.0769,13
1,WARRIOR,Leper Gnome,0.1538,13
1,WARRIOR,Lightwarden,0.0769,13
1,WARRIOR,Loatheb,0.3846,13
1,WARRIOR,Loot Hoarder,0.1538,13
1,WARRIOR,Lord of the Arena,0.0769,13
1,WARRIOR,Lorewalker Cho,0.0769,13
1,WARRIOR,Mad Bomber,0.0769,13
1,WARRIOR,Mind Control Tech,0.0769,13
1,WARRIOR,Mortal Strike,0.1538,13
1,WARRIOR,Questing Adventurer,0.0769,13
1,WARRIOR,Raging Worgen,0.0769,13
1,WARRIOR,Ragnaros the Firelord,0.5385,13
1,WARRIOR,Reckless Rocketeer,0.0769,13
1,WARRIOR,Sen'jin Shieldmasta,0.1538,13
1,WARRIOR,Shade of Naxxramas,0.0769,13
1,WARRIOR,Shield Block,0.9231,13
1,WARRIOR,Shield Slam,0.8462,13
1,WARRIOR,Slam,0.7692,13
1,WARRIOR,Sludge Belcher,0.8462,13
1,WARRIOR,Spectral Knight,0.0769,13
1,WARRIOR,Spellbreaker,0.1538,13
1,WARRIOR,Stalagg,0.3846,13
1,WARRIOR,Sunwalker,0.0769,13
1,WARRIOR,Sylvanas Windrunner,0.3846,13
1,WARRIOR,The Black Knight,0.3077,13
1,WARRIOR,Tinkmaster Overspark,0.1538,13
1,WARRIOR,Undertaker,0.1538,13
1,WARRIOR,Unstable Ghoul,0.6154,13
1,WARRIOR,Warsong Commander,0.0769,13
1,WARRIOR,Whirlwind,0.5385,13
1,WARRIOR,Wild Pyromancer,0.1538,13
1,WARRIOR,Youthful Brewmaster,0.0769,13
1,WARRIOR,Ysera,0.3077,13
1,WARRIOR,Zombie Chow,0.0769,13
2,HUNTER,Abusive Sergeant,0.0833,12
2,HUNTER,Alexstrasza,0.25,12
2,HUNTER,Ancient Brewmaster,0.25,12
2,HUNTER,Animal Companion,0.5833,12
2,HUNTER,Arcane Golem,0.0833,12
2,HUNTER,Arcane Shot,0.25,12
2,HUNTER,Argent Squire,0.1667,12
2,HUNTER,Baron Geddon,0.25,12
2,HUNTER,Baron Rivendare,0.1667,12
2,HUNTER,Cairne Bloodhoof,0.1667,12
2,HUNTER,Deadly Shot,0.25,12
2,HUNTER,Dire Wolf Alpha,0.1667,12
2,HUNTER,Eaglehorn Bow,0.75,12
2,HUNTER,Elven Archer,0.1667,12
2,HUNTER,Explosive Shot,0.3333,12
2,HUNTER,Explosive Trap,0.75,12
2,HUNTER,Feugen,0.0833,12
2,HUNTER,Flare,0.5833,12
2,HUNTER,Freezing Trap,0.75,12
2,HUNTER,Frostwolf Grunt,0.1667,12
2,HUNTER,Goldshire Footman,0.1667,12
2,HUNTER,Harvest Golem,0.1667,12
2,HUNTER,Haunted Creeper,0.5,12
2,HUNTER,Houndmaster,0.3333,12
2,HUNTER,Hungry Crab,0.0833,12
2,HUNTER,Hunter's Mark,0.8333,12
2,HUNTER,Ironbeak Owl,0.0833,12
2,HUNTER,Ironfur Grizzly,0.0833,12
2,HUNTER,Kel'Thuzad,0.1667,12
2,HUNTER,Kill Command,0.25,12
2,HUNTER,King Krush,0.0833,12
2,HUNTER,Knife Juggler,0.0833,12
2,HUNTER,Leeroy Jenkins,0.25,12
2,HUNTER,Leper Gnome,0.6667,12
2,HUNTER,Loatheb,0.3333,12
2,HUNTER,Loot Hoarder,0.3333,12
2,HUNTER,Mad Scientist,0.75,12
2,HUNTER,Maexxna,0.25,12
2,HUNTER,Misdirection,0.4167,12
2,HUNTER,Mogu'shan Warden,0.0833,12
2,HUNTER,Multi-Shot,0.1667,12
2,HUNTER,Murloc Raider,0.1667,12
2,HUNTER,Murloc Tidehunter,0.1667,12
2,HUNTER,Nat Pagle,0.0833,12
2,HUNTER,Nerub'ar Weblord,0.25,12
2,HUNTER,Oasis Snapjaw,0.0833,12
2,HUNTER,Ragnaros the Firelord,0.25,12
2,HUNTER,Savannah Highmane,0.4167,12
2,HUNTER,Scarlet Crusader,0.0833,12
2,HUNTER,Scavenging Hyena,0.0833,12
2,HUNTER,Shieldbearer,0.25,12
2,HUNTER,Silverback Patriarch,0.0833,12
2,HUNTER,Sludge Belcher,0.1667,12
2,HUNTER,Snake Trap,0.0833,12
2,HUNTER,Spectral Knight,0.0833,12
2,HUNTER,Stalagg,0.0833,12
2,HUNTER,Starving Buzzard,0.4167,12
2,HUNTER,Stonetusk Boar,0.25,12
2,HUNTER,Sylvanas Windrunner,0.25,12
2,HUNTER,Timber Wolf,0.1667,12
2,HUNTER,Tracking,0.1667,12
2,HUNTER,Undertaker,0.4167,12
2,HUNTER,Unleash the Hounds,0.75,12
2,HUNTER,Unstable Ghoul,0.25,12
2,HUNTER,Wailing Soul,0.0833,12
2,HUNTER,Webspinner,0.5,12
2,HUNTER,Wisp,0.1667,12
2,HUNTER,Wolfrider,0.0833,12
2,HUNTER,Worgen Infiltrator,0.1667,12
2,HUNTER,Young Dragonhawk,0.1667,12
2,HUNTER,Ysera,0.1667,12
2,MAGE,Acidic Swamp Ooze,0.087,23
2,MAGE,Acolyte of Pain,0.087,23
2,MAGE,Alexstrasza,0.1739,23
2,MAGE,Amani Berserker,0.087,23
2,MAGE,Arcane Explosion,0.3043,23
2,MAGE,Arcane Intellect,0.6522,23
2,MAGE,Arcane Missiles,0.4348,23
2,MAGE,Archmage Antonidas,0.1304,23
2,MAGE,Argent Commander,0.087,23
2,MAGE,Azure Drake,0.3478,23
2,MAGE,Baron Rivendare,0.087,23
2,MAGE,Blizzard,0.4783,23
2,MAGE,Bloodfen Raptor,0.0435,23
2,MAGE,Bloodmage Thalnos,0.1739,23
2,MAGE,Bluegill Warrior,0.1304,23
2,MAGE,Booty Bay Bodyguard,0.087,23
2,MAGE,Cairne Bloodhoof,0.2609,23
2,MAGE,Chillwind Yeti,0.1304,23
2,MAGE,Cone of Cold,0.3478,23
2,MAGE,Counterspell,0.5652,23
2,MAGE,Cult Master,0.087,23
2,MAGE,Dancing Swords,0.1304,23
2,MAGE,Darkscale Healer,0.1304,23
2,MAGE,Deathlord,0.0435,23
2,MAGE,Demolisher,0.1304,23
2,MAGE,Doomsayer,0.3043,23
2,MAGE,Duplicate,0.3043,23
2,MAGE,Earthen Ring Farseer,0.1739,23
2,MAGE,Echoing Ooze,0.0435,23
2,MAGE,Elven Archer,0.2174,23
2,MAGE,Ethereal Arcanist,0.2174,23
2,MAGE,Faerie Dragon,0.1739,23
2,MAGE,Feugen,0.087,23
2,MAGE,Fireball,1.0,23
2,MAGE,Flamestrike,0.8696,23
2,MAGE,Frost Nova,0.4783,23
2,MAGE,Frostbolt,0.8696,23
2,MAGE,Frostwolf Grunt,0.0435,23
2,MAGE,Frostwolf Warlord,0.0435,23
2,MAGE,Gadgetzan Auctioneer,0.087,23
2,MAGE,Gnomish Inventor,0.0435,23
2,MAGE,Harrison Jones,0.087,23
2,MAGE,Harvest Golem,0.087,23
2,MAGE,Hungry Crab,0.0435,23
2,MAGE,Ice Barrier,0.6087,23
2,MAGE,Ice Block,0.5652,23
2,MAGE,Ice Lance,0.2609,23
2,MAGE,Imp Master,0.0435,23
2,MAGE,Kirin Tor Mage,0.2609,23
2,MAGE,Knife Juggler,0.0435,23
2,MAGE,Leper Gnome,0.1304,23
2,MAGE,Loatheb,0.3043,23
2,MAGE,Loot Hoarder,0.2174,23
2,MAGE,Mad Scientist,0.4348,23
2,MAGE,Maexxna,0.087,23
2,MAGE,Mana Wraith,0.1304,23
2,MAGE,Mana Wyrm,0.3043,23
2,MAGE,Mirror Entity,0.2609,23
2,MAGE,Mirror Image,0.2609,23
2,MAGE,Mogu'shan Warden,0.1739,23
2,MAGE,Molten Giant,0.087,23
2,MAGE,Mountain Giant,0.0435,23
2,MAGE,Murloc Tidehunter,0.087,23
2,MAGE,Nightblade,0.1304,23
2,MAGE,Novice Engineer,0.1304,23
2,MAGE,Nozdormu,0.087,23
2,MAGE,Ogre Magi,0.0435,23
2,MAGE,Polymorph,0.5652,23
2,MAGE,Pyroblast,0.3478,23
2,MAGE,Ragnaros the Firelord,0.2609,23
2,MAGE,Raid Leader,0.0435,23
2,MAGE,Razorfen Hunter,0.0435,23
2,MAGE,Reckless Rocketeer,0.087,23
2,MAGE,River Crocolisk,0.0435,23
2,MAGE,Scarlet Crusader,0.087,23
2,MAGE,Secretkeeper,0.0435,23
2,MAGE,Sen'jin Shieldmasta,0.1739,23
2,MAGE,Shade of Naxxramas,0.0435,23
2,MAGE,Shieldbearer,0.0435,23
2,MAGE,Sludge Belcher,0.3043,23
2,MAGE,Sorcerer's Apprentice,0.3043,23
2,MAGE,Spectral Knight,0.0435,23
2,MAGE,Spellbender,0.1304,23
2,MAGE,Stalagg,0.1739,23
2,MAGE,Stormpike Commando,0.1304,23
2,MAGE,Sunwalker,0.087,23
2,MAGE,Sylvanas Windrunner,0.1304,23
2,MAGE,Undertaker,0.1304,23
2,MAGE,Unstable Ghoul,0.0435,23
2,MAGE,Vaporize,0.3913,23
2,MAGE,Venture Co. Mercenary,0.0435,23
2,MAGE,Voodoo Doctor,0.0435,23
2,MAGE,Water Elemental,0.1304,23
2,MAGE,Wild Pyromancer,0.0435,23
2,MAGE,Windfury Harpy,0.0435,23
2,MAGE,Wolfrider,0.1304,23
2,MAGE,Worgen Infiltrator,0.0435,23
2,MAGE,Young Dragonhawk,0.0435,23
2,MAGE,Ysera,0.0435,23
2,WARRIOR,Abomination,0.1765,17
2,WARRIOR,Acolyte of Pain,0.8824,17
2,WARRIOR,Alexstrasza,0.4706,17
2,WARRIOR,Amani Berserker,0.0588,17
2,WARRIOR,Arathi Weaponsmith,0.1176,17
2,WARRIOR,Arcane Golem,0.0588,17
2,WARRIOR,Arcanite Reaper,0.1176,17
2,WARRIOR,Argent Commander,0.1176,17
2,WARRIOR,Armorsmith,0.8235,17
2,WARRIOR,Azure Drake,0.1765,17
2,WARRIOR,Baron Geddon,0.2941,17
2,WARRIOR,Battle Rage,0.0588,17
2,WARRIOR,Brawl,0.4706,17
2,WARRIOR,Cairne Bloodhoof,0.1765,17
2,WARRIOR,Cleave,0.6471,17
2,WARRIOR,Cruel Taskmaster,0.7647,17
2,WARRIOR,Death's Bite,0.4118,17
2,WARRIOR,Defender of Argus,0.2353,17
2,WARRIOR,Demolisher,0.0588,17
2,WARRIOR,Dread Corsair,0.0588,17
2,WARRIOR,Elven Archer,0.0588,17
2,WARRIOR,Execute,1.0,17
2,WARRIOR,Faceless Manipulator,0.1765,17
2,WARRIOR,Feugen,0.0588,17
2,WARRIOR,Fiery War Axe,1.0,17
2,WARRIOR,Frost Elemental,0.0588,17
2,WARRIOR,Frostwolf Grunt,0.0588,17
2,WARRIOR,Frothing Berserker,0.2353,17
2,WARRIOR,Gorehowl,0.3529,17
2,WARRIOR,Grommash Hellscream,0.6471,17
2,WARRIOR,Harrison Jones,0.2353,17
2,WARRIOR,Harvest Golem,0.2353,17
2,WARRIOR,Haunted Creeper,0.2353,17
2,WARRIOR,Heroic Strike,0.1176,17
2,WARRIOR,Hungry Crab,0.0588,17
2,WARRIOR,Inner Rage,0.2353,17
2,WARRIOR,Jungle Panther,0.0588,17
2,WARRIOR,Kel'Thuzad,0.0588,17
2,WARRIOR,Kor'kron Elite,0.1765,17
2,WARRIOR,Leeroy Jenkins,0.0588,17
2,WARRIOR,Leper Gnome,0.2353,17
2,WARRIOR,Lightwarden,0.0588,17
2,WARRIOR,Loatheb,0.4118,17
2,WARRIOR,Loot Hoarder,0.2353,17
2,WARRIOR,Lord of the Arena,0.0588,17
2,WARRIOR,Lorewalker Cho,0.0588,17
2,WARRIOR,Mad Bomber,0.0588,17
2,WARRIOR,Mad Scientist,0.0588,17
2,WARRIOR,Mind Control Tech,0.0588,17
2,WARRIOR,Mortal Strike,0.1176,17
2,WARRIOR,Murloc Warleader,0.0588,17
2,WARRIOR,Nozdormu,0.0588,17
2,WARRIOR,Questing Adventurer,0.0588,17
2,WARRIOR,Raging Worgen,0.0588,17
2,WARRIOR,Ragnaros the Firelord,0.4706,17
2,WARRIOR,Reckless Rocketeer,0.0588,17
2,WARRIOR,Sen'jin Shieldmasta,0.1176,17
2,WARRIOR,Shade of Naxxramas,0.1176,17
2,WARRIOR,Shield Block,0.9412,17
2,WARRIOR,Shield Slam,0.8824,17
2,WARRIOR,Slam,0.7059,17
2,WARRIOR,Sludge Belcher,0.8824,17
2,WARRIOR,Spectral Knight,0.0588,17
2,WARRIOR,Spellbreaker,0.1176,17
2,WARRIOR,Stalagg,0.4118,17
2,WARRIOR,Sunwalker,0.1176,17
2,WARRIOR,Sylvanas Windrunner,0.3529,17
2,WARRIOR,The Black Knight,0.2941,17
2,WARRIOR,Tinkmaster Overspark,0.1765,17
2,WARRIOR,Undertaker,0.2353,17
2,WARRIOR,Unstable Ghoul,0.5882,17
2,WARRIOR,Warsong Commander,0.0588,17
2,WARRIOR,Whirlwind,0.4706,17
2,WARRIOR,Wild Pyromancer,0.1765,17
2,WARRIOR,Youthful Brewmaster,0.0588,17
2,WARRIOR,Ysera,0.2941,17
2,WARRIOR,Zombie Chow,0.1765,17
3,HUNTER,Abusive Sergeant,0.0625,16
3,HUNTER,Alexstrasza,0.25,16
3,HUNTER,Ancient Brewmaster,0.25,16
3,HUNTER,Animal Companion,0.5,16
3,HUNTER,Arcane Golem,0.0625,16
3,HUNTER,Arcane Shot,0.1875,16
3,HUNTER,Argent Squire,0.125,16
3,HUNTER,Baron Geddon,0.25,16
3,HUNTER,Baron Rivendare,0.1875,16
3,HUNTER,Cairne Bloodhoof,0.125,16
3,HUNTER,Deadly Shot,0.25,16
3,HUNTER,Dire Wolf Alpha,0.125,16
3,HUNTER,Eaglehorn Bow,0.75,16
3,HUNTER,Echoing Ooze,0.0625,16
3,HUNTER,Elven Archer,0.125,16
3,HUNTER,Explosive Shot,0.375,16
3,HUNTER,Explosive Trap,0.8125,16
3,HUNTER,Feugen,0.125,16
3,HUNTER,Flare,0.5,16
3,HUNTER,Freezing Trap,0.8125,16
3,HUNTER,Frostwolf Grunt,0.125,16
3,HUNTER,Goldshire Footman,0.125,16
3,HUNTER,Harvest Golem,0.25,16
3,HUNTER,Haunted Creeper,0.5625,16
3,HUNTER,Houndmaster,0.4375,16
3,HUNTER,Hungry Crab,0.0625,16
3,HUNTER,Hunter's Mark,0.8125,16
3,HUNTER,Ironbeak Owl,0.0625,16
3,HUNTER,Ironfur Grizzly,0.125,16
3,HUNTER,Kel'Thuzad,0.1875,16
3,HUNTER,Kill Command,0.1875,16
3,HUNTER,King Krush,0.125,16
3,HUNTER,Knife Juggler,0.0625,16
3,HUNTER,Leeroy Jenkins,0.1875,16
3,HUNTER,Leper Gnome,0.6875,16
3,HUNTER,Loatheb,0.3125,16
3,HUNTER,Loot Hoarder,0.375,16
3,HUNTER,Mad Scientist,0.8125,16
3,HUNTER,Maexxna,0.25,16
3,HUNTER,Misdirection,0.5,16
3,HUNTER,Mogu'shan Warden,0.0625,16
3,HUNTER,Multi-Shot,0.1875,16
3,HUNTER,Murloc Raider,0.125,16
3,HUNTER,Murloc Tidehunter,0.125,16
3,HUNTER,Nat Pagle,0.0625,16
3,HUNTER,Nerub'ar Weblord,0.25,16
3,HUNTER,Nerubian Egg,0.0625,16
3,HUNTER,Novice Engineer,0.0625,16
3,HUNTER,Oasis Snapjaw,0.125,16
3,HUNTER,Ragnaros the Firelord,0.3125,16
3,HUNTER,Savannah Highmane,0.5,16
3,HUNTER,Scarlet Crusader,0.125,16
3,HUNTER,Scavenging Hyena,0.0625,16
3,HUNTER,Shieldbearer,0.1875,16
3,HUNTER,Silverback Patriarch,0.0625,16
3,HUNTER,Silvermoon Guardian,0.0625,16
3,HUNTER,Sludge Belcher,0.1875,16
3,HUNTER,Snake Trap,0.0625,16
3,HUNTER,Spectral Knight,0.0625,16
3,HUNTER,Stalagg,0.125,16
3,HUNTER,Starving Buzzard,0.4375,16
3,HUNTER,Stonetusk Boar,0.1875,16
3,HUNTER,Sylvanas Windrunner,0.25,16
3,HUNTER,Timber Wolf,0.1875,16
3,HUNTER,Tracking,0.125,16
3,HUNTER,Undertaker,0.5,16
3,HUNTER,Unleash the Hounds,0.75,16
3,HUNTER,Unstable Ghoul,0.25,16
3,HUNTER,Wailing Soul,0.0625,16
3,HUNTER,Webspinner,0.5625,16
3,HUNTER,Wisp,0.125,16
3,HUNTER,Wolfrider,0.0625,16
3,HUNTER,Worgen Infiltrator,0.125,16
3,HUNTER,Young Dragonhawk,0.125,16
3,HUNTER,Ysera,0.1875,16
3,MAGE,Abusive Sergeant,0.0357,28
3,MAGE,Acidic Swamp Ooze,0.1429,28
3,MAGE,Acolyte of Pain,0.0714,28
3,MAGE,Alexstrasza,0.1429,28
3,MAGE,Amani Berserker,0.0714,28
3,MAGE,Arcane Explosion,0.2857,28
3,MAGE,Arcane Golem,0.0357,28
3,MAGE,Arcane Intellect,0.6071,28
3,MAGE,Arcane Missiles,0.4286,28
3,MAGE,Archmage Antonidas,0.0714,28
3,MAGE,Argent Commander,0.0714,28
3,MAGE,Azure Drake,0.3571,28
3,MAGE,Baron Rivendare,0.0714,28
3,MAGE,Blizzard,0.5,28
3,MAGE,Bloodfen Raptor,0.0714,28
3,MAGE,Bloodmage Thalnos,0.1071,28
3,MAGE,Bluegill Warrior,0.1429,28
3,MAGE,Booty Bay Bodyguard,0.0714,28
3,MAGE,Cairne Bloodhoof,0.25,28
3,MAGE,Chillwind Yeti,0.1429,28
3,MAGE,Cone of Cold,0.3571,28
3,MAGE,Counterspell,0.6429,28
3,MAGE,Cult Master,0.0714,28
3,MAGE,Dalaran Mage,0.0357,28
3,MAGE,Dancing Swords,0.1071,28
3,MAGE,Darkscale Healer,0.1786,28
3,MAGE,Deathlord,0.0714,28
3,MAGE,Demolisher,0.1071,28
3,MAGE,Doomsayer,0.25,28
3,MAGE,Duplicate,0.3214,28
3,MAGE,Earthen Ring Farseer,0.1071,28
3,MAGE,Echoing Ooze,0.0714,28
3,MAGE,Elite Tauren Chieftain,0.0357,28
3,MAGE,Elven Archer,0.25,28
3,MAGE,Ethereal Arcanist,0.25,28
3,MAGE,Faerie Dragon,0.1429,28
3,MAGE,Feugen,0.0714,28
3,MAGE,Fireball,1.0,28
3,MAGE,Flamestrike,0.8571,28
3,MAGE,Frost Nova,0.3929,28
3,MAGE,Frostbolt,0.8929,28
3,MAGE,Frostwolf Grunt,0.1071,28
3,MAGE,Frostwolf Warlord,0.0357,28
3,MAGE,Gadgetzan Auctioneer,0.1071,28
3,MAGE,Gnomish Inventor,0.0357,28
3,MAGE,Goldshire Footman,0.0357,28
3,MAGE,Harrison Jones,0.0714,28
3,MAGE,Harvest Golem,0.0714,28
3,MAGE,Hungry Crab,0.0357,28
3,MAGE,Ice Barrier,0.6786,28
3,MAGE,Ice Block,0.5,28
3,MAGE,Ice Lance,0.1786,28
3,MAGE,Imp Master,0.0357,28
3,MAGE,Kirin Tor Mage,0.3214,28
3,MAGE,Knife Juggler,0.0714,28
3,MAGE,Leper Gnome,0.1071,28
3,MAGE,Loatheb,0.3571,28
3,MAGE,Loot Hoarder,0.2143,28
3,MAGE,Mad Scientist,0.4643,28
3,MAGE,Maexxna,0.0714,28
3,MAGE,Mana Wraith,0.1786,28
3,MAGE,Mana Wyrm,0.3571,28
3,MAGE,Mirror Entity,0.2143,28
3,MAGE,Mirror Image,0.1786,28
3,MAGE,Mogu'shan Warden,0.2857,28
3,MAGE,Molten Giant,0.1071,28
3,MAGE,Mountain Giant,0.0357,28
3,MAGE,Murloc Tidehunter,0.0714,28
3,MAGE,Nightblade,0.1429,28
3,MAGE,Novice Engineer,0.1429,28
3,MAGE,Nozdormu,0.1071,28
3,MAGE,Ogre Magi,0.0714,28
3,MAGE,Polymorph,0.5357,28
3,MAGE,Pyroblast,0.2857,28
3,MAGE,Ragnaros the Firelord,0.2857,28
3,MAGE,Raid Leader,0.0357,28
3,MAGE,Razorfen Hunter,0.0357,28
3,MAGE,Reckless Rocketeer,0.0714,28
3,MAGE,River Crocolisk,0.0714,28
3,MAGE,Scarlet Crusader,0.0714,28
3,MAGE,Secretkeeper,0.0714,28
3,MAGE,Sen'jin Shieldmasta,0.1786,28
3,MAGE,Shade of Naxxramas,0.0357,28
3,MAGE,Shieldbearer,0.0357,28
3,MAGE,Sludge Belcher,0.3571,28
3,MAGE,Sorcerer's Apprentice,0.3214,28
3,MAGE,Spectral Knight,0.0357,28
3,MAGE,Spellbender,0.1071,28
3,MAGE,Stalagg,0.1786,28
3,MAGE,Stormpike Commando,0.1786,28
3,MAGE,Sunwalker,0.0714,28
3,MAGE,Sylvanas Windrunner,0.1071,28
3,MAGE,Undertaker,0.1071,28
3,MAGE,Unstable Ghoul,0.0357,28
3,MAGE,Vaporize,0.4643,28
3,MAGE,Venture Co. Mercenary,0.0714,28
3,MAGE,Violet Teacher,0.0357,28
3,MAGE,Voodoo Doctor,0.0357,28
3,MAGE,Water Elemental,0.0714,28
3,MAGE,Wild Pyromancer,0.0357,28
3,MAGE,Windfury Harpy,0.0357,28
3,MAGE,Wolfrider,0.1071,28
3,MAGE,Worgen Infiltrator,0.0357,28
3,MAGE,Young Dragonhawk,0.0357,28
3,WARRIOR,Abomination,0.2381,21
3,WARRIOR,Acolyte of Pain,0.9524,21
3,WARRIOR,Alexstrasza,0.5238,21
3,WARRIOR,Amani Berserker,0.0952,21
3,WARRIOR,Arathi Weaponsmith,0.1429,21
3,WARRIOR,Arcanite Reaper,0.0476,21
3,WARRIOR,Argent Commander,0.0952,21
3,WARRIOR,Armorsmith,0.8571,21
3,WARRIOR,Azure Drake,0.2381,21
3,WARRIOR,Baron Geddon,0.4286,21
3,WARRIOR,Battle Rage,0.0952,21
3,WARRIOR,Bluegill Warrior,0.0476,21
3,WARRIOR,Brawl,0.4286,21
3,WARRIOR,Cairne Bloodhoof,0.1429,21
3,WARRIOR,Cleave,0.6667,21
3,WARRIOR,Cruel Taskmaster,0.7619,21
3,WARRIOR,Death's Bite,0.381,21
3,WARRIOR,Defender of Argus,0.1905,21
3,WARRIOR,Demolisher,0.0476,21
3,WARRIOR,Dread Corsair,0.0476,21
3,WARRIOR,Elven Archer,0.0476,21
3,WARRIOR,Execute,1.0,21
3,WARRIOR,Faceless Manipulator,0.1905,21
3,WARRIOR,Feugen,0.0476,21
3,WARRIOR,Fiery War Axe,1.0,21
3,WARRIOR,Frost Elemental,0.0476,21
3,WARRIOR,Frostwolf Grunt,0.0952,21
3,WARRIOR,Frothing Berserker,0.2857,21
3,WARRIOR,Gorehowl,0.3333,21
3,WARRIOR,Grommash Hellscream,0.619,21
3,WARRIOR,Gurubashi Berserker,0.0476,21
3,WARRIOR,Harrison Jones,0.2381,21
3,WARRIOR,Harvest Golem,0.1905,21
3,WARRIOR,Haunted Creeper,0.1905,21
3,WARRIOR,Heroic Strike,0.0952,21
3,WARRIOR,Hungry Crab,0.0476,21
3,WARRIOR,Inner Rage,0.1905,21
3,WARRIOR,Jungle Panther,0.0476,21
3,WARRIOR,Kel'Thuzad,0.0476,21
3,WARRIOR,Kor'kron Elite,0.1429,21
3,WARRIOR,Leeroy Jenkins,0.0952,21
3,WARRIOR,Leper Gnome,0.1905,21
3,WARRIOR,Lightwarden,0.0476,21
3,WARRIOR,Loatheb,0.3333,21
3,WARRIOR,Loot Hoarder,0.1905,21
3,WARRIOR,Lorewalker Cho,0.0476,21
3,WARRIOR,Mad Bomber,0.0476,21
3,WARRIOR,Mad Scientist,0.1429,21
3,WARRIOR,Maexxna,0.0476,21
3,WARRIOR,Mind Control Tech,0.0476,21
3,WARRIOR,Mogu'shan Warden,0.0476,21
3,WARRIOR,Mortal Strike,0.0476,21
3,WARRIOR,Murloc Warleader,0.1429,21
3,WARRIOR,Nozdormu,0.0476,21
3,WARRIOR,Pint-Sized Summoner,0.0476,21
3,WARRIOR,Questing Adventurer,0.0476,21
3,WARRIOR,Raging Worgen,0.1429,21
3,WARRIOR,Ragnaros the Firelord,0.4762,21
3,WARRIOR,Reckless Rocketeer,0.0476,21
3,WARRIOR,Sen'jin Shieldmasta,0.1429,21
3,WARRIOR,Shade of Naxxramas,0.1429,21
3,WARRIOR,Shield Block,0.9048,21
3,WARRIOR,Shield Slam,0.8571,21
3,WARRIOR,Slam,0.7619,21
3,WARRIOR,Sludge Belcher,0.9524,21
3,WARRIOR,Spectral Knight,0.0952,21
3,WARRIOR,Spellbreaker,0.0476,21
3,WARRIOR,Stalagg,0.381,21
3,WARRIOR,Sunwalker,0.1429,21
3,WARRIOR,Sylvanas Windrunner,0.381,21
3,WARRIOR,The Black Knight,0.381,21
3,WARRIOR,Tinkmaster Overspark,0.1905,21
3,WARRIOR,Undertaker,0.1905,21
3,WARRIOR,Unstable Ghoul,0.7143,21
3,WARRIOR,Upgrade!,0.0476,21
3,WARRIOR,Warsong Commander,0.0952,21
3,WARRIOR,Whirlwind,0.4762,21
3,WARRIOR,Wild Pyromancer,0.2381,21
3,WARRIOR,Youthful Brewmaster,0.0476,21
3,WARRIOR,Ysera,0.3333,21
3,WARRIOR,Zombie Chow,0.1429,21
4,HUNTER,Abusive Sergeant,0.0625,16
4,HUNTER,Alexstrasza,0.25,16
4,HUNTER,Ancient Brewmaster,0.25,16
4,HUNTER,Animal Companion,0.5,16
4,HUNTER,Arcane Golem,0.0625,16
4,HUNTER,Arcane Shot,0.1875,16
4,HUNTER,Argent Squire,0.125,16
4,HUNTER,Baron Geddon,0.25,16
4,HUNTER,Baron Rivendare,0.1875,16
4,HUNTER,Cairne Bloodhoof,0.125,16
4,HUNTER,Deadly Shot,0.25,16
4,HUNTER,Deathlord,0.0625,16
4,HUNTER,Dire Wolf Alpha,0.125,16
4,HUNTER,Eaglehorn Bow,0.75,16
4,HUNTER,Echoing Ooze,0.0625,16
4,HUNTER,Elven Archer,0.125,16
4,HUNTER,Explosive Shot,0.375,16
4,HUNTER,Explosive Trap,0.8125,16
4,HUNTER,Feugen,0.125,16
4,HUNTER,Flare,0.5,16
4,HUNTER,Freezing Trap,0.8125,16
4,HUNTER,Frostwolf Grunt,0.125,16
4,HUNTER,Goldshire Footman,0.125,16
4,HUNTER,Harvest Golem,0.25,16
4,HUNTER,Haunted Creeper,0.5625,16
4,HUNTER,Houndmaster,0.4375,16
4,HUNTER,Hungry Crab,0.0625,16
4,HUNTER,Hunter's Mark,0.8125,16
4,HUNTER,Ironbeak Owl,0.0625,16
4,HUNTER,Ironfur Grizzly,0.125,16
4,HUNTER,Kel'Thuzad,0.1875,16
4,HUNTER,Kill Command,0.1875,16
4,HUNTER,King Krush,0.125,16
4,HUNTER,Knife Juggler,0.0625,16
4,HUNTER,Leeroy Jenkins,0.1875,16
4,HUNTER,Leper Gnome,0.6875,16
4,HUNTER,Loatheb,0.3125,16
4,HUNTER,Loot Hoarder,0.375,16
4,HUNTER,Mad Scientist,0.8125,16
4,HUNTER,Maexxna,0.25,16
4,HUNTER,Misdirection,0.5,16
4,HUNTER,Mogu'shan Warden,0.0625,16
4,HUNTER,Multi-Shot,0.1875,16
4,HUNTER,Murloc Raider,0.125,16
4,HUNTER,Murloc Tidehunter,0.125,16
4,HUNTER,Nat Pagle,0.0625,16
4,HUNTER,Nerub'ar Weblord,0.25,16
4,HUNTER,Novice Engineer,0.0625,16
4,HUNTER,Oasis Snapjaw,0.125,16
4,HUNTER,Ragnaros the Firelord,0.3125,16
4,HUNTER,Savannah Highmane,0.5,16
4,HUNTER,Scarlet Crusader,0.0625,16
4,HUNTER,Scavenging Hyena,0.0625,16
4,HUNTER,Shieldbearer,0.1875,16
4,HUNTER,Silverback Patriarch,0.0625,16
4,HUNTER,Silvermoon Guardian,0.0625,16
4,HUNTER,Sludge Belcher,0.1875,16
4,HUNTER,Snake Trap,0.0625,16
4,HUNTER,Spectral Knight,0.0625,16
4,HUNTER,Stalagg,0.125,16
4,HUNTER,Starving Buzzard,0.4375,16
4,HUNTER,Stonetusk Boar,0.1875,16
4,HUNTER,Sylvanas Windrunner,0.25,16
4,HUNTER,Timber Wolf,0.1875,16
4,HUNTER,Tracking,0.125,16
4,HUNTER,Twilight Drake,0.0625,16
4,HUNTER,Undertaker,0.5,16
4,HUNTER,Unleash the Hounds,0.75,16
4,HUNTER,Unstable Ghoul,0.25,16
4,HUNTER,Wailing Soul,0.0625,16
4,HUNTER,Webspinner,0.5625,16
4,HUNTER,Wisp,0.125,16
4,HUNTER,Wolfrider,0.0625,16
4,HUNTER,Worgen Infiltrator,0.125,16
4,HUNTER,Young Dragonhawk,0.125,16
4,HUNTER,Ysera,0.1875,16
4,MAGE,Abusive Sergeant,0.0345,29
4,MAGE,Acidic Swamp Ooze,0.1034,29
4,MAGE,Acolyte of Pain,0.1034,29
4,MAGE,Alexstrasza,0.2069,29
4,MAGE,Amani Berserker,0.069,29
4,MAGE,Ancient Brewmaster,0.0345,29
4,MAGE,Arcane Explosion,0.3103,29
4,MAGE,Arcane Golem,0.0345,29
4,MAGE,Arcane Intellect,0.6207,29
4,MAGE,Arcane Missiles,0.3793,29
4,MAGE,Archmage Antonidas,0.069,29
4,MAGE,Argent Commander,0.069,29
4,MAGE,Azure Drake,0.3103,29
4,MAGE,Baron Rivendare,0.069,29
4,MAGE,Blizzard,0.5517,29
4,MAGE,Bloodfen Raptor,0.0345,29
4,MAGE,Bloodmage Thalnos,0.1034,29
4,MAGE,Bluegill Warrior,0.1724,29
4,MAGE,Booty Bay Bodyguard,0.1034,29
4,MAGE,Cairne Bloodhoof,0.2414,29
4,MAGE,Chillwind Yeti,0.1379,29
4,MAGE,Cone of Cold,0.3448,29
4,MAGE,Counterspell,0.5862,29
4,MAGE,Cult Master,0.069,29
4,MAGE,Dalaran Mage,0.0345,29
4,MAGE,Dancing Swords,0.1034,29
4,MAGE,Darkscale Healer,0.1724,29
4,MAGE,Deathlord,0.0345,29
4,MAGE,Demolisher,0.1034,29
4,MAGE,Doomsayer,0.3103,29
4,MAGE,Duplicate,0.2759,29
4,MAGE,Earthen Ring Farseer,0.1379,29
4,MAGE,Echoing Ooze,0.069,29
4,MAGE,Elven Archer,0.2759,29
4,MAGE,Ethereal Arcanist,0.2069,29
4,MAGE,Faerie Dragon,0.1034,29
4,MAGE,Feugen,0.069,29
4,MAGE,Fireball,1.0,29
4,MAGE,Flamestrike,0.8621,29
4,MAGE,Frost Nova,0.4828,29
4,MAGE,Frostbolt,0.8621,29
4,MAGE,Frostwolf Grunt,0.069,29
4,MAGE,Frostwolf Warlord,0.069,29
4,MAGE,Gadgetzan Auctioneer,0.069,29
4,MAGE,Gnomish Inventor,0.069,29
4,MAGE,Harrison Jones,0.069,29
4,MAGE,Harvest Golem,0.069,29
4,MAGE,Hungry Crab,0.069,29
4,MAGE,Ice Barrier,0.6897,29
4,MAGE,Ice Block,0.5517,29
4,MAGE,Ice Lance,0.2414,29
4,MAGE,Imp Master,0.0345,29
4,MAGE,Jungle Panther,0.0345,29
4,MAGE,Kirin Tor Mage,0.2759,29
4,MAGE,Knife Juggler,0.0345,29
4,MAGE,Leper Gnome,0.1034,29
4,MAGE,Loatheb,0.3103,29
4,MAGE,Loot Hoarder,0.2414,29
4,MAGE,Mad Scientist,0.4138,29
4,MAGE,Maexxna,0.069,29
4,MAGE,Mana Wraith,0.1724,29
4,MAGE,Mana Wyrm,0.3103,29
4,MAGE,Mirror Entity,0.2414,29
4,MAGE,Mirror Image,0.2414,29
4,MAGE,Mogu'shan Warden,0.2414,29
4,MAGE,Molten Giant,0.1034,29
4,MAGE,Mountain Giant,0.069,29
4,MAGE,Murloc Tidehunter,0.1034,29
4,MAGE,Nightblade,0.2414,29
4,MAGE,Novice Engineer,0.1724,29
4,MAGE,Nozdormu,0.1034,29
4,MAGE,Ogre Magi,0.0345,29
4,MAGE,Polymorph,0.5172,29
4,MAGE,Pyroblast,0.3448,29
4,MAGE,Ragnaros the Firelord,0.2414,29
4,MAGE,Raid Leader,0.069,29
4,MAGE,Razorfen Hunter,0.069,29
4,MAGE,Reckless Rocketeer,0.069,29
4,MAGE,River Crocolisk,0.0345,29
4,MAGE,Scarlet Crusader,0.069,29
4,MAGE,Secretkeeper,0.069,29
4,MAGE,Sen'jin Shieldmasta,0.1724,29
4,MAGE,Shade of Naxxramas,0.0345,29
4,MAGE,Shieldbearer,0.0345,29
4,MAGE,Sludge Belcher,0.3448,29
4,MAGE,Sorcerer's Apprentice,0.3103,29
4,MAGE,Spectral Knight,0.0345,29
4,MAGE,Spellbender,0.1034,29
4,MAGE,Stalagg,0.1724,29
4,MAGE,Stormpike Commando,0.1724,29
4,MAGE,Sunwalker,0.069,29
4,MAGE,Sylvanas Windrunner,0.1034,29
4,MAGE,Undertaker,0.1034,29
4,MAGE,Unstable Ghoul,0.0345,29
4,MAGE,Vaporize,0.4138,29
4,MAGE,Venture Co. Mercenary,0.0345,29
4,MAGE,Voodoo Doctor,0.069,29
4,MAGE,Water Elemental,0.069,29
4,MAGE,Wild Pyromancer,0.0345,29
4,MAGE,Windfury Harpy,0.069,29
4,MAGE,Wolfrider,0.1724,29
4,MAGE,Worgen Infiltrator,0.069,29
4,MAGE,Young Dragonhawk,0.069,29
4,WARRIOR,Abomination,0.2174,23
4,WARRIOR,Acolyte of Pain,0.9565,23
4,WARRIOR,Alexstrasza,0.5217,23
4,WARRIOR,Amani Berserker,0.087,23
4,WARRIOR,Arathi Weaponsmith,0.1304,23
4,WARRIOR,Arcanite Reaper,0.0435,23
4,WARRIOR,Argent Commander,0.087,23
4,WARRIOR,Armorsmith,0.8696,23
4,WARRIOR,Azure Drake,0.2174,23
4,WARRIOR,Baron Geddon,0.4348,23
4,WARRIOR,Battle Rage,0.1304,23
4,WARRIOR,Bluegill Warrior,0.087,23
4,WARRIOR,Brawl,0.4783,23
4,WARRIOR,Cairne Bloodhoof,0.1304,23
4,WARRIOR,Cleave,0.6957,23
4,WARRIOR,Cruel Taskmaster,0.6957,23
4,WARRIOR,Death's Bite,0.3913,23
4,WARRIOR,Defender of Argus,0.1739,23
4,WARRIOR,Demolisher,0.0435,23
4,WARRIOR,Dread Corsair,0.0435,23
4,WARRIOR,Elven Archer,0.0435,23
4,WARRIOR,Execute,1.0,23
4,WARRIOR,Faceless Manipulator,0.2174,23
4,WARRIOR,Feugen,0.0435,23
4,WARRIOR,Fiery War Axe,1.0,23
4,WARRIOR,Frost Elemental,0.0435,23
4,WARRIOR,Frostwolf Grunt,0.087,23
4,WARRIOR,Frothing Berserker,0.3043,23
4,WARRIOR,Gorehowl,0.3043,23
4,WARRIOR,Grommash Hellscream,0.6522,23
4,WARRIOR,Gurubashi Berserker,0.0435,23
4,WARRIOR,Harrison Jones,0.2609,23
4,WARRIOR,Harvest Golem,0.1739,23
4,WARRIOR,Haunted Creeper,0.1739,23
4,WARRIOR,Heroic Strike,0.087,23
4,WARRIOR,Hungry Crab,0.0435,23
4,WARRIOR,Inner Rage,0.1739,23
4,WARRIOR,Jungle Panther,0.0435,23
4,WARRIOR,Kel'Thuzad,0.0435,23
4,WARRIOR,Kor'kron Elite,0.1304,23
4,WARRIOR,Leeroy Jenkins,0.087,23
4,WARRIOR,Leper Gnome,0.1739,23
4,WARRIOR,Lightwarden,0.0435,23
4,WARRIOR,Loatheb,0.3043,23
4,WARRIOR,Loot Hoarder,0.1739,23
4,WARRIOR,Lorewalker Cho,0.0435,23
4,WARRIOR,Mad Bomber,0.0435,23
4,WARRIOR,Mad Scientist,0.1739,23
4,WARRIOR,Maexxna,0.0435,23
4,WARRIOR,Mind Control Tech,0.0435,23
4,WARRIOR,Mogu'shan Warden,0.0435,23
4,WARRIOR,Mortal Strike,0.0435,23
4,WARRIOR,Murloc Warleader,0.1304,23
4,WARRIOR,Nat Pagle,0.0435,23
4,WARRIOR,Nozdormu,0.0435,23
4,WARRIOR,Pint-Sized Summoner,0.0435,23
4,WARRIOR,Questing Adventurer,0.0435,23
4,WARRIOR,Raging Worgen,0.1304,23
4,WARRIOR,Ragnaros the Firelord,0.4783,23
4,WARRIOR,Reckless Rocketeer,0.0435,23
4,WARRIOR,Sen'jin Shieldmasta,0.1304,23
4,WARRIOR,Shade of Naxxramas,0.1739,23
4,WARRIOR,Shield Block,0.913,23
4,WARRIOR,Shield Slam,0.8696,23
4,WARRIOR,Slam,0.7826,23
4,WARRIOR,Sludge Belcher,0.9565,23
4,WARRIOR,Spectral Knight,0.087,23
4,WARRIOR,Spellbreaker,0.0435,23
4,WARRIOR,Stalagg,0.3913,23
4,WARRIOR,Sunwalker,0.1739,23
4,WARRIOR,Sylvanas Windrunner,0.4348,23
4,WARRIOR,The Black Knight,0.4348,23
4,WARRIOR,Tinkmaster Overspark,0.2174,23
4,WARRIOR,Undertaker,0.1739,23
4,WARRIOR,Unstable Ghoul,0.7391,23
4,WARRIOR,Warsong Commander,0.087,23
4,WARRIOR,Whirlwind,0.4348,23
4,WARRIOR,Wild Pyromancer,0.2174,23
4,WARRIOR,Youthful Brewmaster,0.0435,23
4,WARRIOR,Ysera,0.3478,23
4,WARRIOR,Zombie Chow,0.1304,23
5,HUNTER,Abusive Sergeant,0.0625,16
5,HUNTER,Alexstrasza,0.25,16
5,HUNTER,Ancient Brewmaster,0.25,16
5,HUNTER,Animal Companion,0.5,16
5,HUNTER,Arcane Golem,0.0625,16
5,HUNTER,Arcane Shot,0.1875,16
5,HUNTER,Argent Squire,0.125,16
5,HUNTER,Baron Geddon,0.25,16
5,HUNTER,Baron Rivendare,0.25,16
5,HUNTER,Cairne Bloodhoof,0.0625,16
5,HUNTER,Deadly Shot,0.25,16
5,HUNTER,Dire Wolf Alpha,0.125,16
5,HUNTER,Eaglehorn Bow,0.75,16
5,HUNTER,Echoing Ooze,0.0625,16
5,HUNTER,Elven Archer,0.125,16
5,HUNTER,Explosive Shot,0.375,16
5,HUNTER,Explosive Trap,0.8125,16
5,HUNTER,Feugen,0.125,16
5,HUNTER,Flare,0.5,16
5,HUNTER,Freezing Trap,0.8125,16
5,HUNTER,Frostwolf Grunt,0.125,16
5,HUNTER,Goldshire Footman,0.125,16
5,HUNTER,Harvest Golem,0.25,16
5,HUNTER,Haunted Creeper,0.5625,16
5,HUNTER,Houndmaster,0.4375,16
5,HUNTER,Hungry Crab,0.0625,16
5,HUNTER,Hunter's Mark,0.8125,16
5,HUNTER,Ironbeak Owl,0.0625,16
5,HUNTER,Ironfur Grizzly,0.125,16
5,HUNTER,Kel'Thuzad,0.1875,16
5,HUNTER,Kill Command,0.1875,16
5,HUNTER,King Krush,0.125,16
5,HUNTER,Knife Juggler,0.0625,16
5,HUNTER,Leeroy Jenkins,0.1875,16
5,HUNTER,Leper Gnome,0.6875,16
5,HUNTER,Loatheb,0.3125,16
5,HUNTER,Loot Hoarder,0.375,16
5,HUNTER,Mad Scientist,0.8125,16
5,HUNTER,Maexxna,0.25,16
5,HUNTER,Misdirection,0.5,16
5,HUNTER,Mogu'shan Warden,0.0625,16
5,HUNTER,Mountain Giant,0.0625,16
5,HUNTER,Multi-Shot,0.25,16
5,HUNTER,Murloc Raider,0.125,16
5,HUNTER,Murloc Tidehunter,0.125,16
5,HUNTER,Nat Pagle,0.0625,16
5,HUNTER,Nerub'ar Weblord,0.25,16
5,HUNTER,Novice Engineer,0.0625,16
5,HUNTER,Oasis Snapjaw,0.125,16
5,HUNTER,Ragnaros the Firelord,0.25,16
5,HUNTER,Reckless Rocketeer,0.0625,16
5,HUNTER,Savannah Highmane,0.5,16
5,HUNTER,Scarlet Crusader,0.0625,16
5,HUNTER,Scavenging Hyena,0.0625,16
5,HUNTER,Shieldbearer,0.1875,16
5,HUNTER,Silverback Patriarch,0.0625,16
5,HUNTER,Silvermoon Guardian,0.0625,16
5,HUNTER,Sludge Belcher,0.1875,16
5,HUNTER,Snake Trap,0.0625,16
5,HUNTER,Spectral Knight,0.0625,16
5,HUNTER,Stalagg,0.125,16
5,HUNTER,Starving Buzzard,0.4375,16
5,HUNTER,Stonetusk Boar,0.1875,16
5,HUNTER,Sylvanas Windrunner,0.25,16
5,HUNTER,Timber Wolf,0.1875,16
5,HUNTER,Tracking,0.125,16
5,HUNTER,Twilight Drake,0.0625,16
5,HUNTER,Undertaker,0.5,16
5,HUNTER,Unleash the Hounds,0.75,16
5,HUNTER,Unstable Ghoul,0.25,16
5,HUNTER,Webspinner,0.5625,16
5,HUNTER,Wisp,0.125,16
5,HUNTER,Wolfrider,0.0625,16
5,HUNTER,Worgen Infiltrator,0.125,16
5,HUNTER,Young Dragonhawk,0.125,16
5,HUNTER,Ysera,0.25,16
5,MAGE,Abusive Sergeant,0.0625,32
5,MAGE,Acidic Swamp Ooze,0.1562,32
5,MAGE,Acolyte of Pain,0.0938,32
5,MAGE,Alexstrasza,0.1875,32
5,MAGE,Amani Berserker,0.0938,32
5,MAGE,Ancient Brewmaster,0.0312,32
5,MAGE,Arcane Explosion,0.25,32
5,MAGE,Arcane Golem,0.0312,32
5,MAGE,Arcane Intellect,0.6562,32
5,MAGE,Arcane Missiles,0.3438,32
5,MAGE,Archmage,0.0312,32
5,MAGE,Archmage Antonidas,0.0625,32
5,MAGE,Argent Commander,0.0938,32
5,MAGE,Azure Drake,0.3125,32
5,MAGE,Baron Rivendare,0.0625,32
5,MAGE,Big Game Hunter,0.0312,32
5,MAGE,Blizzard,0.4688,32
5,MAGE,Bloodfen Raptor,0.0625,32
5,MAGE,Bloodmage Thalnos,0.0938,32
5,MAGE,Bluegill Warrior,0.125,32
5,MAGE,Booty Bay Bodyguard,0.0938,32
5,MAGE,Cairne Bloodhoof,0.25,32
5,MAGE,Chillwind Yeti,0.1562,32
5,MAGE,Cone of Cold,0.3438,32
5,MAGE,Counterspell,0.5938,32
5,MAGE,Cult Master,0.0625,32
5,MAGE,Dalaran Mage,0.0312,32
5,MAGE,Dancing Swords,0.0938,32
5,MAGE,Darkscale Healer,0.125,32
5,MAGE,Deathlord,0.0625,32
5,MAGE,Demolisher,0.0938,32
5,MAGE,Doomsayer,0.2812,32
5,MAGE,Duplicate,0.3125,32
5,MAGE,Earthen Ring Farseer,0.125,32
5,MAGE,Echoing Ooze,0.0625,32
5,MAGE,Elven Archer,0.25,32
5,MAGE,Ethereal Arcanist,0.2812,32
5,MAGE,Faerie Dragon,0.125,32
5,MAGE,Feugen,0.0625,32
5,MAGE,Fireball,1.0,32
5,MAGE,Flamestrike,0.875,32
5,MAGE,Frost Nova,0.4375,32
5,MAGE,Frostbolt,0.875,32
5,MAGE,Frostwolf Grunt,0.0938,32
5,MAGE,Frostwolf Warlord,0.0625,32
5,MAGE,Gadgetzan Auctioneer,0.0938,32
5,MAGE,Gnomish Inventor,0.0625,32
5,MAGE,Harrison Jones,0.0625,32
5,MAGE,Harvest Golem,0.0625,32
5,MAGE,Hungry Crab,0.0625,32
5,MAGE,Ice Barrier,0.6562,32
5,MAGE,Ice Block,0.5625,32
5,MAGE,Ice Lance,0.2188,32
5,MAGE,Imp Master,0.0312,32
5,MAGE,Jungle Panther,0.0312,32
5,MAGE,Kirin Tor Mage,0.3125,32
5,MAGE,Knife Juggler,0.0625,32
5,MAGE,Leper Gnome,0.0938,32
5,MAGE,Loatheb,0.3438,32
5,MAGE,Loot Hoarder,0.2188,32
5,MAGE,Mad Scientist,0.4688,32
5,MAGE,Maexxna,0.0625,32
5,MAGE,Mana Wraith,0.1562,32
5,MAGE,Mana Wyrm,0.3125,32
5,MAGE,Mirror Entity,0.25,32
5,MAGE,Mirror Image,0.25,32
5,MAGE,Mogu'shan Warden,0.2188,32
5,MAGE,Molten Giant,0.0938,32
5,MAGE,Mountain Giant,0.0625,32
5,MAGE,Murloc Tidehunter,0.125,32
5,MAGE,Nightblade,0.2188,32
5,MAGE,Novice Engineer,0.1875,32
5,MAGE,Nozdormu,0.0625,32
5,MAGE,Ogre Magi,0.0625,32
5,MAGE,Polymorph,0.5625,32
5,MAGE,Pyroblast,0.3125,32
5,MAGE,Ragnaros the Firelord,0.2812,32
5,MAGE,Raid Leader,0.0625,32
5,MAGE,Razorfen Hunter,0.0625,32
5,MAGE,Reckless Rocketeer,0.0625,32
5,MAGE,River Crocolisk,0.0625,32
5,MAGE,Scarlet Crusader,0.0625,32
5,MAGE,Secretkeeper,0.0938,32
5,MAGE,Sen'jin Shieldmasta,0.1875,32
5,MAGE,Shade of Naxxramas,0.0312,32
5,MAGE,Shieldbearer,0.0312,32
5,MAGE,Sludge Belcher,0.3438,32
5,MAGE,Sorcerer's Apprentice,0.2812,32
5,MAGE,Spellbender,0.0938,32
5,MAGE,Stalagg,0.1562,32
5,MAGE,Stormpike Commando,0.125,32
5,MAGE,Sunwalker,0.0625,32
5,MAGE,Sylvanas Windrunner,0.0938,32
5,MAGE,Undertaker,0.0938,32
5,MAGE,Unstable Ghoul,0.0312,32
5,MAGE,Vaporize,0.4375,32
5,MAGE,Venture Co. Mercenary,0.0625,32
5,MAGE,Voodoo Doctor,0.0625,32
5,MAGE,Water Elemental,0.0625,32
5,MAGE,Wild Pyromancer,0.0312,32
5,MAGE,Windfury Harpy,0.0938,32
5,MAGE,Wolfrider,0.1562,32
5,MAGE,Worgen Infiltrator,0.0625,32
5,MAGE,Young Dragonhawk,0.0625,32
5,WARRIOR,Abomination,0.1923,26
5,WARRIOR,Acolyte of Pain,0.9615,26
5,WARRIOR,Alexstrasza,0.5,26
5,WARRIOR,Amani Berserker,0.1154,26
5,WARRIOR,Arathi Weaponsmith,0.1923,26
5,WARRIOR,Arcanite Reaper,0.0385,26
5,WARRIOR,Argent Commander,0.0769,26
5,WARRIOR,Armorsmith,0.8462,26
5,WARRIOR,Azure Drake,0.1923,26
5,WARRIOR,Baron Geddon,0.3846,26
5,WARRIOR,Battle Rage,0.1154,26
5,WARRIOR,Bluegill Warrior,0.0769,26
5,WARRIOR,Brawl,0.4615,26
5,WARRIOR,Cairne Bloodhoof,0.1538,26
5,WARRIOR,Cleave,0.6538,26
5,WARRIOR,Cruel Taskmaster,0.7308,26
5,WARRIOR,Death's Bite,0.3462,26
5,WARRIOR,Defender of Argus,0.1923,26
5,WARRIOR,Demolisher,0.0769,26
5,WARRIOR,Dread Corsair,0.0769,26
5,WARRIOR,Elven Archer,0.0385,26
5,WARRIOR,Execute,1.0,26
5,WARRIOR,Faceless Manipulator,0.2308,26
5,WARRIOR,Feugen,0.0385,26
5,WARRIOR,Fiery War Axe,1.0,26
5,WARRIOR,Frost Elemental,0.0769,26
5,WARRIOR,Frostwolf Grunt,0.0769,26
5,WARRIOR,Frothing Berserker,0.3077,26
5,WARRIOR,Gorehowl,0.3462,26
5,WARRIOR,Grommash Hellscream,0.6538,26
5,WARRIOR,Gurubashi Berserker,0.0385,26
5,WARRIOR,Harrison Jones,0.2692,26
5,WARRIOR,Harvest Golem,0.1923,26
5,WARRIOR,Haunted Creeper,0.1923,26
5,WARRIOR,Heroic Strike,0.1154,26
5,WARRIOR,Hungry Crab,0.0385,26
5,WARRIOR,Inner Rage,0.1538,26
5,WARRIOR,Jungle Panther,0.0385,26
5,WARRIOR,Kel'Thuzad,0.0385,26
5,WARRIOR,Kor'kron Elite,0.1538,26
5,WARRIOR,Leeroy Jenkins,0.0769,26
5,WARRIOR,Leper Gnome,0.1923,26
5,WARRIOR,Lightwarden,0.0385,26
5,WARRIOR,Loatheb,0.3462,26
5,WARRIOR,Loot Hoarder,0.1923,26
5,WARRIOR,Lorewalker Cho,0.0769,26
5,WARRIOR,Mad Bomber,0.0385,26
5,WARRIOR,Mad Scientist,0.1538,26
5,WARRIOR,Maexxna,0.0385,26
5,WARRIOR,Mind Control Tech,0.0385,26
5,WARRIOR,Mogu'shan Warden,0.0385,26
5,WARRIOR,Mortal Strike,0.0385,26
5,WARRIOR,Murloc Raider,0.0385,26
5,WARRIOR,Murloc Tidehunter,0.0385,26
5,WARRIOR,Murloc Warleader,0.1154,26
5,WARRIOR,Nat Pagle,0.0769,26
5,WARRIOR,Nozdormu,0.0385,26
5,WARRIOR,Pint-Sized Summoner,0.0385,26
5,WARRIOR,Questing Adventurer,0.0769,26
5,WARRIOR,Raging Worgen,0.1538,26
5,WARRIOR,Ragnaros the Firelord,0.4615,26
5,WARRIOR,Reckless Rocketeer,0.0385,26
5,WARRIOR,Sen'jin Shieldmasta,0.1154,26
5,WARRIOR,Shade of Naxxramas,0.1923,26
5,WARRIOR,Shield Block,0.8846,26
5,WARRIOR,Shield Slam,0.8462,26
5,WARRIOR,Slam,0.7692,26
5,WARRIOR,Sludge Belcher,0.9615,26
5,WARRIOR,Spectral Knight,0.1154,26
5,WARRIOR,Spellbreaker,0.0385,26
5,WARRIOR,Stalagg,0.3846,26
5,WARRIOR,Sunwalker,0.1923,26
5,WARRIOR,Sylvanas Windrunner,0.4231,26
5,WARRIOR,The Black Knight,0.4615,26
5,WARRIOR,Tinkmaster Overspark,0.1923,26
5,WARRIOR,Undertaker,0.1923,26
5,WARRIOR,Unstable Ghoul,0.6923,26
5,WARRIOR,Warsong Commander,0.1154,26
5,WARRIOR,Whirlwind,0.4615,26
5,WARRIOR,Wild Pyromancer,0.1923,26
5,WARRIOR,Youthful Brewmaster,0.0385,26
5,WARRIOR,Ysera,0.3462,26
5,WARRIOR,Zombie Chow,0.1538,26
6,HUNTER,Alexstrasza,0.2667,15
6,HUNTER,Ancient Brewmaster,0.2667,15
6,HUNTER,Animal Companion,0.4667,15
6,HUNTER,Arcane Shot,0.1333,15
6,HUNTER,Argent Squire,0.1333,15
6,HUNTER,Baron Geddon,0.2667,15
6,HUNTER,Baron Rivendare,0.2667,15
6,HUNTER,Cairne Bloodhoof,0.0667,15
6,HUNTER,Deadly Shot,0.2667,15
6,HUNTER,Dire Wolf Alpha,0.1333,15
6,HUNTER,Eaglehorn Bow,0.7333,15
6,HUNTER,Echoing Ooze,0.0667,15
6,HUNTER,Elven Archer,0.1333,15
6,HUNTER,Explosive Shot,0.4,15
6,HUNTER,Explosive Trap,0.8,15
6,HUNTER,Feugen,0.1333,15
6,HUNTER,Flare,0.4667,15
6,HUNTER,Freezing Trap,0.8,15
6,HUNTER,Frostwolf Grunt,0.1333,15
6,HUNTER,Goldshire Footman,0.1333,15
6,HUNTER,Harvest Golem,0.2667,15
6,HUNTER,Haunted Creeper,0.6,15
6,HUNTER,Houndmaster,0.4667,15
6,HUNTER,Hungry Crab,0.0667,15
6,HUNTER,Hunter's Mark,0.8,15
6,HUNTER,Ironbeak Owl,0.0667,15
6,HUNTER,Ironfur Grizzly,0.1333,15
6,HUNTER,Kel'Thuzad,0.2,15
6,HUNTER,Kill Command,0.1333,15
6,HUNTER,King Krush,0.1333,15
6,HUNTER,Knife Juggler,0.0667,15
6,HUNTER,Leeroy Jenkins,0.1333,15
6,HUNTER,Leper Gnome,0.6667,15
6,HUNTER,Loatheb,0.3333,15
6,HUNTER,Loot Hoarder,0.3333,15
6,HUNTER,Mad Scientist,0.8667,15
6,HUNTER,Maexxna,0.2667,15
6,HUNTER,Misdirection,0.5333,15
6,HUNTER,Mogu'shan Warden,0.0667,15
6,HUNTER,Mountain Giant,0.0667,15
6,HUNTER,Multi-Shot,0.2667,15
6,HUNTER,Murloc Raider,0.1333,15
6,HUNTER,Murloc Tidehunter,0.1333,15
6,HUNTER,Nat Pagle,0.0667,15
6,HUNTER,Nerub'ar Weblord,0.2667,15
6,HUNTER,Novice Engineer,0.0667,15
6,HUNTER,Oasis Snapjaw,0.1333,15
6,HUNTER,Ragnaros the Firelord,0.2667,15
6,HUNTER,Reckless Rocketeer,0.0667,15
6,HUNTER,Savannah Highmane,0.5333,15
6,HUNTER,Scarlet Crusader,0.0667,15
6,HUNTER,Shieldbearer,0.2,15
6,HUNTER,Silvermoon Guardian,0.0667,15
6,HUNTER,Sludge Belcher,0.1333,15
6,HUNTER,Snake Trap,0.0667,15
6,HUNTER,Spectral Knight,0.0667,15
6,HUNTER,Stalagg,0.1333,15
6,HUNTER,Starving Buzzard,0.4667,15
6,HUNTER,Stonetusk Boar,0.1333,15
6,HUNTER,Sylvanas Windrunner,0.2667,15
6,HUNTER,Timber Wolf,0.1333,15
6,HUNTER,Tracking,0.0667,15
6,HUNTER,Twilight Drake,0.0667,15
6,HUNTER,Undertaker,0.5333,15
6,HUNTER,Unleash the Hounds,0.7333,15
6,HUNTER,Unstable Ghoul,0.2667,15
6,HUNTER,Webspinner,0.6,15
6,HUNTER,Wisp,0.1333,15
6,HUNTER,Worgen Infiltrator,0.1333,15
6,HUNTER,Young Dragonhawk,0.1333,15
6,HUNTER,Ysera,0.2667,15
6,MAGE,Abusive Sergeant,0.0606,33
6,MAGE,Acidic Swamp Ooze,0.1515,33
6,MAGE,Acolyte of Pain,0.0909,33
6,MAGE,Alarm-o-Bot,0.0303,33
6,MAGE,Alexstrasza,0.1818,33
6,MAGE,Amani Berserker,0.0909,33
6,MAGE,Ancient Brewmaster,0.0303,33
6,MAGE,Arcane Explosion,0.2424,33
6,MAGE,Arcane Golem,0.0303,33
6,MAGE,Arcane Intellect,0.6364,33
6,MAGE,Arcane Missiles,0.3333,33
6,MAGE,Archmage,0.0303,33
6,MAGE,Archmage Antonidas,0.0606,33
6,MAGE,Argent Commander,0.0909,33
6,MAGE,Azure Drake,0.303,33
6,MAGE,Baron Rivendare,0.0909,33
6,MAGE,Big Game Hunter,0.0303,33
6,MAGE,Blizzard,0.4545,33
6,MAGE,Bloodfen Raptor,0.0606,33
6,MAGE,Bloodmage Thalnos,0.1212,33
6,MAGE,Bluegill Warrior,0.1212,33
6,MAGE,Booty Bay Bodyguard,0.0909,33
6,MAGE,Cairne Bloodhoof,0.2727,33
6,MAGE,Chillwind Yeti,0.1515,33
6,MAGE,Cone of Cold,0.3333,33
6,MAGE,Counterspell,0.6061,33
6,MAGE,Cult Master,0.0606,33
6,MAGE,Dalaran Mage,0.0303,33
6,MAGE,Dancing Swords,0.1212,33
6,MAGE,Darkscale Healer,0.1212,33
6,MAGE,Deathlord,0.0606,33
6,MAGE,Demolisher,0.0909,33
6,MAGE,Doomsayer,0.2727,33
6,MAGE,Duplicate,0.303,33
6,MAGE,Earthen Ring Farseer,0.1212,33
6,MAGE,Echoing Ooze,0.0606,33
6,MAGE,Elven Archer,0.2424,33
6,MAGE,Ethereal Arcanist,0.2727,33
6,MAGE,Faerie Dragon,0.1212,33
6,MAGE,Feugen,0.0909,33
6,MAGE,Fireball,1.0,33
6,MAGE,Flamestrike,0.8485,33
6,MAGE,Frost Nova,0.4545,33
6,MAGE,Frostbolt,0.8485,33
6,MAGE,Frostwolf Grunt,0.0909,33
6,MAGE,Frostwolf Warlord,0.0606,33
6,MAGE,Gadgetzan Auctioneer,0.0909,33
6,MAGE,Gnomish Inventor,0.0606,33
6,MAGE,Harrison Jones,0.0606,33
6,MAGE,Harvest Golem,0.0606,33
6,MAGE,Hungry Crab,0.0606,33
6,MAGE,Ice Barrier,0.6364,33
6,MAGE,Ice Block,0.5758,33
6,MAGE,Ice Lance,0.2121,33
6,MAGE,Imp Master,0.0303,33
6,MAGE,Jungle Panther,0.0303,33
6,MAGE,Kirin Tor Mage,0.3333,33
6,MAGE,Knife Juggler,0.0606,33
6,MAGE,Leper Gnome,0.1212,33
6,MAGE,Loatheb,0.3636,33
6,MAGE,Loot Hoarder,0.2121,33
6,MAGE,Mad Scientist,0.4848,33
6,MAGE,Maexxna,0.0606,33
6,MAGE,Mana Wraith,0.1515,33
6,MAGE,Mana Wyrm,0.303,33
6,MAGE,Mirror Entity,0.2424,33
6,MAGE,Mirror Image,0.2424,33
6,MAGE,Mogu'shan Warden,0.2121,33
6,MAGE,Molten Giant,0.0909,33
6,MAGE,Mountain Giant,0.0606,33
6,MAGE,Murloc Tidehunter,0.1212,33
6,MAGE,Nightblade,0.2121,33
6,MAGE,Novice Engineer,0.1818,33
6,MAGE,Nozdormu,0.0606,33
6,MAGE,Ogre Magi,0.0606,33
6,MAGE,Polymorph,0.5455,33
6,MAGE,Pyroblast,0.303,33
6,MAGE,Ragnaros the Firelord,0.2727,33
6,MAGE,Raid Leader,0.0606,33
6,MAGE,Razorfen Hunter,0.0606,33
6,MAGE,Reckless Rocketeer,0.0606,33
6,MAGE,River Crocolisk,0.0606,33
6,MAGE,Scarlet Crusader,0.0606,33
6,MAGE,Secretkeeper,0.0909,33
6,MAGE,Sen'jin Shieldmasta,0.1818,33
6,MAGE,Shade of Naxxramas,0.0303,33
6,MAGE,Shieldbearer,0.0303,33
6,MAGE,Sludge Belcher,0.3636,33
6,MAGE,Sorcerer's Apprentice,0.2727,33
6,MAGE,Spellbender,0.1212,33
6,MAGE,Stalagg,0.1818,33
6,MAGE,Stormpike Commando,0.1212,33
6,MAGE,Sunwalker,0.0606,33
6,MAGE,Sylvanas Windrunner,0.1212,33
6,MAGE,Undertaker,0.1212,33
6,MAGE,Unstable Ghoul,0.0606,33
6,MAGE,Vaporize,0.4545,33
6,MAGE,Venture Co. Mercenary,0.0606,33
6,MAGE,Voodoo Doctor,0.0606,33
6,MAGE,Water Elemental,0.0606,33
6,MAGE,Wild Pyromancer,0.0303,33
6,MAGE,Windfury Harpy,0.0909,33
6,MAGE,Wolfrider,0.1515,33
6,MAGE,Worgen Infiltrator,0.0606,33
6,MAGE,Young Dragonhawk,0.0606,33
6,WARRIOR,Abomination,0.1429,28
6,WARRIOR,Acolyte of Pain,0.9643,28
6,WARRIOR,Alexstrasza,0.4643,28
6,WARRIOR,Amani Berserker,0.1071,28
6,WARRIOR,Arathi Weaponsmith,0.1786,28
6,WARRIOR,Arcanite Reaper,0.0357,28
6,WARRIOR,Argent Commander,0.1071,28
6,WARRIOR,Armorsmith,0.8571,28
6,WARRIOR,Azure Drake,0.1429,28
6,WARRIOR,Baron Geddon,0.2857,28
6,WARRIOR,Battle Rage,0.1071,28
6,WARRIOR,Bluegill Warrior,0.1071,28
6,WARRIOR,Brawl,0.4643,28
6,WARRIOR,Cairne Bloodhoof,0.2143,28
6,WARRIOR,Cleave,0.6071,28
6,WARRIOR,Cruel Taskmaster,0.7857,28
6,WARRIOR,Dark Iron Dwarf,0.0357,28
6,WARRIOR,Death's Bite,0.3929,28
6,WARRIOR,Defender of Argus,0.2143,28
6,WARRIOR,Demolisher,0.0357,28
6,WARRIOR,Dread Corsair,0.0714,28
6,WARRIOR,Elven Archer,0.0357,28
6,WARRIOR,Execute,1.0,28
6,WARRIOR,Faceless Manipulator,0.2143,28
6,WARRIOR,Feugen,0.0714,28
6,WARRIOR,Fiery War Axe,1.0,28
6,WARRIOR,Frost Elemental,0.1071,28
6,WARRIOR,Frostwolf Grunt,0.1071,28
6,WARRIOR,Frothing Berserker,0.2857,28
6,WARRIOR,Gorehowl,0.2857,28
6,WARRIOR,Grommash Hellscream,0.6429,28
6,WARRIOR,Gurubashi Berserker,0.0357,28
6,WARRIOR,Harrison Jones,0.2143,28
6,WARRIOR,Harvest Golem,0.2143,28
6,WARRIOR,Haunted Creeper,0.2143,28
6,WARRIOR,Heroic Strike,0.1071,28
6,WARRIOR,Hungry Crab,0.0357,28
6,WARRIOR,Injured Blademaster,0.0357,28
6,WARRIOR,Inner Rage,0.1786,28
6,WARRIOR,Ironforge Rifleman,0.0357,28
6,WARRIOR,Jungle Panther,0.0714,28
6,WARRIOR,Kel'Thuzad,0.0357,28
6,WARRIOR,Kor'kron Elite,0.1429,28
6,WARRIOR,Leeroy Jenkins,0.0714,28
6,WARRIOR,Leper Gnome,0.2143,28
6,WARRIOR,Lightwarden,0.0714,28
6,WARRIOR,Loatheb,0.4286,28
6,WARRIOR,Loot Hoarder,0.2143,28
6,WARRIOR,Lorewalker Cho,0.0714,28
6,WARRIOR,Mad Bomber,0.0357,28
6,WARRIOR,Mad Scientist,0.1429,28
6,WARRIOR,Maexxna,0.0357,28
6,WARRIOR,Mind Control Tech,0.0357,28
6,WARRIOR,Mogu'shan Warden,0.0357,28
6,WARRIOR,Mortal Strike,0.0357,28
6,WARRIOR,Murloc Warleader,0.0714,28
6,WARRIOR,Nat Pagle,0.0714,28
6,WARRIOR,Nerubian Egg,0.0357,28
6,WARRIOR,Nozdormu,0.0714,28
6,WARRIOR,Pint-Sized Summoner,0.0714,28
6,WARRIOR,Questing Adventurer,0.0714,28
6,WARRIOR,Raging Worgen,0.1786,28
6,WARRIOR,Ragnaros the Firelord,0.4643,28
6,WARRIOR,Reckless Rocketeer,0.0714,28
6,WARRIOR,Sen'jin Shieldmasta,0.1786,28
6,WARRIOR,Shade of Naxxramas,0.1429,28
6,WARRIOR,Shield Block,0.8929,28
6,WARRIOR,Shield Slam,0.8571,28
6,WARRIOR,Slam,0.6786,28
6,WARRIOR,Sludge Belcher,0.9643,28
6,WARRIOR,Spectral Knight,0.1071,28
6,WARRIOR,Spellbreaker,0.1071,28
6,WARRIOR,Stalagg,0.4286,28
6,WARRIOR,Sunwalker,0.1786,28
6,WARRIOR,Sylvanas Windrunner,0.4286,28
6,WARRIOR,The Black Knight,0.3929,28
6,WARRIOR,Tinkmaster Overspark,0.1429,28
6,WARRIOR,Undertaker,0.25,28
6,WARRIOR,Unstable Ghoul,0.6786,28
6,WARRIOR,Warsong Commander,0.1071,28
6,WARRIOR,Whirlwind,0.4286,28
6,WARRIOR,Wild Pyromancer,0.1429,28
6,WARRIOR,Youthful Brewmaster,0.0357,28
6,WARRIOR,Ysera,0.3214,28
6,WARRIOR,Zombie Chow,0.1786,28
7,HUNTER,Alexstrasza,0.2143,14
7,HUNTER,Ancient Brewmaster,0.2143,14
7,HUNTER,Animal Companion,0.4286,14
7,HUNTER,Arcane Shot,0.1429,14
7,HUNTER,Argent Squire,0.1429,14
7,HUNTER,Baron Geddon,0.2143,14
7,HUNTER,Baron Rivendare,0.2857,14
7,HUNTER,Cairne Bloodhoof,0.0714,14
7,HUNTER,Deadly Shot,0.2143,14
7,HUNTER,Dire Wolf Alpha,0.1429,14
7,HUNTER,Eaglehorn Bow,0.7143,14
7,HUNTER,Echoing Ooze,0.0714,14
7,HUNTER,Elven Archer,0.1429,14
7,HUNTER,Explosive Shot,0.3571,14
7,HUNTER,Explosive Trap,0.7857,14
7,HUNTER,Feugen,0.1429,14
7,HUNTER,Flare,0.4286,14
7,HUNTER,Freezing Trap,0.7857,14
7,HUNTER,Frostwolf Grunt,0.1429,14
7,HUNTER,Goldshire Footman,0.1429,14
7,HUNTER,Harvest Golem,0.2857,14
7,HUNTER,Haunted Creeper,0.6429,14
7,HUNTER,Houndmaster,0.5,14
7,HUNTER,Hungry Crab,0.0714,14
7,HUNTER,Hunter's Mark,0.7857,14
7,HUNTER,Ironbeak Owl,0.0714,14
7,HUNTER,Ironfur Grizzly,0.1429,14
7,HUNTER,Kel'Thuzad,0.2143,14
7,HUNTER,Kill Command,0.1429,14
7,HUNTER,King Krush,0.1429,14
7,HUNTER,Knife Juggler,0.0714,14
7,HUNTER,Leeroy Jenkins,0.1429,14
7,HUNTER,Leper Gnome,0.7143,14
7,HUNTER,Loatheb,0.2857,14
7,HUNTER,Loot Hoarder,0.3571,14
7,HUNTER,Mad Scientist,0.8571,14
7,HUNTER,Maexxna,0.2143,14
7,HUNTER,Misdirection,0.5,14
7,HUNTER,Mogu'shan Warden,0.0714,14
7,HUNTER,Mountain Giant,0.0714,14
7,HUNTER,Multi-Shot,0.2143,14
7,HUNTER,Murloc Raider,0.1429,14
7,HUNTER,Murloc Tidehunter,0.1429,14
7,HUNTER,Nat Pagle,0.0714,14
7,HUNTER,Nerub'ar Weblord,0.2143,14
7,HUNTER,Novice Engineer,0.0714,14
7,HUNTER,Oasis Snapjaw,0.1429,14
7,HUNTER,Ragnaros the Firelord,0.2143,14
7,HUNTER,Reckless Rocketeer,0.0714,14
7,HUNTER,Savannah Highmane,0.5714,14
7,HUNTER,Scarlet Crusader,0.0714,14
7,HUNTER,Shieldbearer,0.2143,14
7,HUNTER,Silvermoon Guardian,0.0714,14
7,HUNTER,Sludge Belcher,0.1429,14
7,HUNTER,Snake Trap,0.0714,14
7,HUNTER,Spectral Knight,0.0714,14
7,HUNTER,Stalagg,0.1429,14
7,HUNTER,Starving Buzzard,0.5,14
7,HUNTER,Stonetusk Boar,0.1429,14
7,HUNTER,Sylvanas Windrunner,0.2143,14
7,HUNTER,Timber Wolf,0.1429,14
7,HUNTER,Tracking,0.0714,14
7,HUNTER,Undertaker,0.5714,14
7,HUNTER,Unleash the Hounds,0.7857,14
7,HUNTER,Unstable Ghoul,0.2143,14
7,HUNTER,Webspinner,0.6429,14
7,HUNTER,Wisp,0.1429,14
7,HUNTER,Worgen Infiltrator,0.1429,14
7,HUNTER,Young Dragonhawk,0.1429,14
7,HUNTER,Ysera,0.2143,14
7,MAGE,Abusive Sergeant,0.0588,34
7,MAGE,Acidic Swamp Ooze,0.1471,34
7,MAGE,Acolyte of Pain,0.0882,34
7,MAGE,Alarm-o-Bot,0.0294,34
7,MAGE,Alexstrasza,0.2059,34
7,MAGE,Amani Berserker,0.0882,34
7,MAGE,Ancient Brewmaster,0.0294,34
7,MAGE,Arcane Explosion,0.2647,34
7,MAGE,Arcane Golem,0.0294,34
7,MAGE,Arcane Intellect,0.6471,34
7,MAGE,Arcane Missiles,0.3529,34
7,MAGE,Archmage,0.0294,34
7,MAGE,Archmage Antonidas,0.0588,34
7,MAGE,Argent Commander,0.0882,34
7,MAGE,Azure Drake,0.2941,34
7,MAGE,Baron Rivendare,0.0882,34
7,MAGE,Big Game Hunter,0.0294,34
7,MAGE,Blizzard,0.4706,34
7,MAGE,Bloodfen Raptor,0.0588,34
7,MAGE,Bloodmage Thalnos,0.1471,34
7,MAGE,Bluegill Warrior,0.1176,34
7,MAGE,Booty Bay Bodyguard,0.0882,34
7,MAGE,Cairne Bloodhoof,0.2647,34
7,MAGE,Chillwind Yeti,0.1471,34
7,MAGE,Cone of Cold,0.3529,34
7,MAGE,Counterspell,0.5882,34
7,MAGE,Cult Master,0.0588,34
7,MAGE,Dalaran Mage,0.0294,34
7,MAGE,Dancing Swords,0.1176,34
7,MAGE,Darkscale Healer,0.1176,34
7,MAGE,Deathlord,0.0588,34
7,MAGE,Demolisher,0.0882,34
7,MAGE,Doomsayer,0.2941,34
7,MAGE,Duplicate,0.3235,34
7,MAGE,Earthen Ring Farseer,0.1176,34
7,MAGE,Echoing Ooze,0.0588,34
7,MAGE,Elven Archer,0.2353,34
7,MAGE,Ethereal Arcanist,0.2647,34
7,MAGE,Faerie Dragon,0.1176,34
7,MAGE,Feugen,0.0882,34
7,MAGE,Fireball,1.0,34
7,MAGE,Flamestrike,0.8235,34
7,MAGE,Frost Nova,0.4706,34
7,MAGE,Frostbolt,0.8529,34
7,MAGE,Frostwolf Grunt,0.0882,34
7,MAGE,Frostwolf Warlord,0.0588,34
7,MAGE,Gadgetzan Auctioneer,0.0882,34
7,MAGE,Gnomish Inventor,0.0588,34
7,MAGE,Harrison Jones,0.0588,34
7,MAGE,Harvest Golem,0.0588,34
7,MAGE,Hungry Crab,0.0588,34
7,MAGE,Ice Barrier,0.6471,34
7,MAGE,Ice Block,0.5882,34
7,MAGE,Ice Lance,0.2353,34
7,MAGE,Imp Master,0.0588,34
7,MAGE,Jungle Panther,0.0294,34
7,MAGE,Kirin Tor Mage,0.3235,34
7,MAGE,Knife Juggler,0.0588,34
7,MAGE,Leper Gnome,0.1176,34
7,MAGE,Loatheb,0.3529,34
7,MAGE,Loot Hoarder,0.2059,34
7,MAGE,Mad Scientist,0.4706,34
7,MAGE,Maexxna,0.0588,34
7,MAGE,Mana Wraith,0.1471,34
7,MAGE,Mana Wyrm,0.2941,34
7,MAGE,Mirror Entity,0.2353,34
7,MAGE,Mirror Image,0.2353,34
7,MAGE,Mogu'shan Warden,0.2059,34
7,MAGE,Molten Giant,0.0882,34
7,MAGE,Mountain Giant,0.0588,34
7,MAGE,Murloc Tidehunter,0.1176,34
7,MAGE,Nightblade,0.2059,34
7,MAGE,Novice Engineer,0.1765,34
7,MAGE,Nozdormu,0.0588,34
7,MAGE,Ogre Magi,0.0588,34
7,MAGE,Polymorph,0.5294,34
7,MAGE,Pyroblast,0.3235,34
7,MAGE,Ragnaros the Firelord,0.2647,34
7,MAGE,Raid Leader,0.0588,34
7,MAGE,Razorfen Hunter,0.0588,34
7,MAGE,Reckless Rocketeer,0.0588,34
7,MAGE,River Crocolisk,0.0588,34
7,MAGE,Scarlet Crusader,0.0588,34
7,MAGE,Secretkeeper,0.0882,34
7,MAGE,Sen'jin Shieldmasta,0.2059,34
7,MAGE,Shade of Naxxramas,0.0294,34
7,MAGE,Shieldbearer,0.0588,34
7,MAGE,Sludge Belcher,0.3529,34
7,MAGE,Sorcerer's Apprentice,0.2647,34
7,MAGE,Spellbender,0.1176,34
7,MAGE,Stalagg,0.1765,34
7,MAGE,Stormpike Commando,0.1176,34
7,MAGE,Sunwalker,0.0588,34
7,MAGE,Sylvanas Windrunner,0.1176,34
7,MAGE,Undertaker,0.1176,34
7,MAGE,Unstable Ghoul,0.0588,34
7,MAGE,Vaporize,0.4412,34
7,MAGE,Venture Co. Mercenary,0.0588,34
7,MAGE,Voodoo Doctor,0.0588,34
7,MAGE,Water Elemental,0.0588,34
7,MAGE,Wild Pyromancer,0.0294,34
7,MAGE,Windfury Harpy,0.0882,34
7,MAGE,Wolfrider,0.1471,34
7,MAGE,Worgen Infiltrator,0.0588,34
7,MAGE,Young Dragonhawk,0.0588,34
7,WARRIOR,Abomination,0.1429,28
7,WARRIOR,Acolyte of Pain,0.9643,28
7,WARRIOR,Alexstrasza,0.5357,28
7,WARRIOR,Amani Berserker,0.0714,28
7,WARRIOR,Arathi Weaponsmith,0.1786,28
7,WARRIOR,Arcanite Reaper,0.0357,28
7,WARRIOR,Argent Commander,0.0714,28
7,WARRIOR,Armorsmith,0.8929,28
7,WARRIOR,Azure Drake,0.1429,28
7,WARRIOR,Baron Geddon,0.3214,28
7,WARRIOR,Battle Rage,0.1071,28
7,WARRIOR,Bluegill Warrior,0.0714,28
7,WARRIOR,Brawl,0.4643,28
7,WARRIOR,Cairne Bloodhoof,0.25,28
7,WARRIOR,Cleave,0.5357,28
7,WARRIOR,Coldlight Oracle,0.0357,28
7,WARRIOR,Cruel Taskmaster,0.7857,28
7,WARRIOR,Death's Bite,0.4643,28
7,WARRIOR,Defender of Argus,0.2143,28
7,WARRIOR,Demolisher,0.0357,28
7,WARRIOR,Dread Corsair,0.0714,28
7,WARRIOR,Elven Archer,0.0357,28
7,WARRIOR,Execute,1.0,28
7,WARRIOR,Faceless Manipulator,0.2143,28
7,WARRIOR,Feugen,0.0714,28
7,WARRIOR,Fiery War Axe,1.0,28
7,WARRIOR,Frost Elemental,0.1071,28
7,WARRIOR,Frostwolf Grunt,0.1071,28
7,WARRIOR,Frothing Berserker,0.25,28
7,WARRIOR,Gorehowl,0.2857,28
7,WARRIOR,Grommash Hellscream,0.6071,28
7,WARRIOR,Gurubashi Berserker,0.0357,28
7,WARRIOR,Harrison Jones,0.25,28
7,WARRIOR,Harvest Golem,0.2143,28
7,WARRIOR,Haunted Creeper,0.2143,28
7,WARRIOR,Heroic Strike,0.1071,28
7,WARRIOR,Hungry Crab,0.0357,28
7,WARRIOR,Injured Blademaster,0.0357,28
7,WARRIOR,Inner Rage,0.1786,28
7,WARRIOR,Ironforge Rifleman,0.0357,28
7,WARRIOR,Jungle Panther,0.0714,28
7,WARRIOR,Kel'Thuzad,0.0357,28
7,WARRIOR,Kor'kron Elite,0.1071,28
7,WARRIOR,Leeroy Jenkins,0.1071,28
7,WARRIOR,Leper Gnome,0.2143,28
7,WARRIOR,Lightwarden,0.0714,28
7,WARRIOR,Loatheb,0.4643,28
7,WARRIOR,Loot Hoarder,0.2143,28
7,WARRIOR,Lord of the Arena,0.0357,28
7,WARRIOR,Lorewalker Cho,0.1071,28
7,WARRIOR,Mad Bomber,0.0357,28
7,WARRIOR,Mad Scientist,0.1429,28
7,WARRIOR,Maexxna,0.0714,28
7,WARRIOR,Mind Control Tech,0.0357,28
7,WARRIOR,Mogu'shan Warden,0.0357,28
7,WARRIOR,Mortal Strike,0.0357,28
7,WARRIOR,Murloc Warleader,0.0714,28
7,WARRIOR,Nat Pagle,0.0357,28
7,WARRIOR,Nozdormu,0.0714,28
7,WARRIOR,Pint-Sized Summoner,0.0357,28
7,WARRIOR,Questing Adventurer,0.0357,28
7,WARRIOR,Raging Worgen,0.1786,28
7,WARRIOR,Ragnaros the Firelord,0.5,28
7,WARRIOR,Reckless Rocketeer,0.0357,28
7,WARRIOR,Sen'jin Shieldmasta,0.1786,28
7,WARRIOR,Shade of Naxxramas,0.1071,28
7,WARRIOR,Shield Block,0.9286,28
7,WARRIOR,Shield Slam,0.8929,28
7,WARRIOR,Slam,0.6786,28
7,WARRIOR,Sludge Belcher,0.9643,28
7,WARRIOR,Spectral Knight,0.0714,28
7,WARRIOR,Spellbreaker,0.0714,28
7,WARRIOR,Stalagg,0.3929,28
7,WARRIOR,Sunwalker,0.1786,28
7,WARRIOR,Sylvanas Windrunner,0.5,28
7,WARRIOR,The Black Knight,0.3929,28
7,WARRIOR,Tinkmaster Overspark,0.1429,28
7,WARRIOR,Undertaker,0.25,28
7,WARRIOR,Unstable Ghoul,0.6429,28
7,WARRIOR,Venture Co. Mercenary,0.0357,28
7,WARRIOR,Warsong Commander,0.0714,28
7,WARRIOR,Whirlwind,0.3929,28
7,WARRIOR,Wild Pyromancer,0.1429,28
7,WARRIOR,Youthful Brewmaster,0.0357,28
7,WARRIOR,Ysera,0.3929,28
7,WARRIOR,Zombie Chow,0.1786,28
8,HUNTER,Alexstrasza,0.2143,14
8,HUNTER,Ancient Brewmaster,0.2143,14
8,HUNTER,Animal Companion,0.4286,14
8,HUNTER,Arcane Shot,0.1429,14
8,HUNTER,Argent Squire,0.1429,14
8,HUNTER,Baron Geddon,0.2143,14
8,HUNTER,Baron Rivendare,0.2857,14
8,HUNTER,Cairne Bloodhoof,0.0714,14
8,HUNTER,Deadly Shot,0.2143,14
8,HUNTER,Dire Wolf Alpha,0.1429,14
8,HUNTER,Eaglehorn Bow,0.7143,14
8,HUNTER,Echoing Ooze,0.0714,14
8,HUNTER,Elven Archer,0.1429,14
8,HUNTER,Explosive Shot,0.3571,14
8,HUNTER,Explosive Trap,0.7857,14
8,HUNTER,Feugen,0.1429,14
8,HUNTER,Flare,0.4286,14
8,HUNTER,Freezing Trap,0.7857,14
8,HUNTER,Frostwolf Grunt,0.1429,14
8,HUNTER,Goldshire Footman,0.1429,14
8,HUNTER,Harvest Golem,0.2857,14
8,HUNTER,Haunted Creeper,0.6429,14
8,HUNTER,Houndmaster,0.5,14
8,HUNTER,Hungry Crab,0.0714,14
8,HUNTER,Hunter's Mark,0.7857,14
8,HUNTER,Ironbeak Owl,0.0714,14
8,HUNTER,Ironfur Grizzly,0.1429,14
8,HUNTER,Kel'Thuzad,0.2143,14
8,HUNTER,Kill Command,0.1429,14
8,HUNTER,King Krush,0.1429,14
8,HUNTER,Knife Juggler,0.0714,14
8,HUNTER,Leeroy Jenkins,0.1429,14
8,HUNTER,Leper Gnome,0.7143,14
8,HUNTER,Loatheb,0.2857,14
8,HUNTER,Loot Hoarder,0.3571,14
8,HUNTER,Mad Scientist,0.8571,14
8,HUNTER,Maexxna,0.2143,14
8,HUNTER,Misdirection,0.5,14
8,HUNTER,Mogu'shan Warden,0.0714,14
8,HUNTER,Mountain Giant,0.0714,14
8,HUNTER,Multi-Shot,0.2143,14
8,HUNTER,Murloc Raider,0.1429,14
8,HUNTER,Murloc Tidehunter,0.1429,14
8,HUNTER,Nat Pagle,0.0714,14
8,HUNTER,Nerub'ar Weblord,0.2143,14
8,HUNTER,Novice Engineer,0.0714,14
8,HUNTER,Oasis Snapjaw,0.1429,14
8,HUNTER,Ragnaros the Firelord,0.2143,14
8,HUNTER,Reckless Rocketeer,0.0714,14
8,HUNTER,Savannah Highmane,0.5714,14
8,HUNTER,Scarlet Crusader,0.0714,14
8,HUNTER,Shieldbearer,0.2143,14
8,HUNTER,Silvermoon Guardian,0.0714,14
8,HUNTER,Sludge Belcher,0.1429,14
8,HUNTER,Snake Trap,0.0714,14
8,HUNTER,Spectral Knight,0.0714,14
8,HUNTER,Stalagg,0.1429,14
8,HUNTER,Starving Buzzard,0.5,14
8,HUNTER,Stonetusk Boar,0.1429,14
8,HUNTER,Sylvanas Windrunner,0.2143,14
8,HUNTER,Timber Wolf,0.1429,14
8,HUNTER,Tracking,0.0714,14
8,HUNTER,Undertaker,0.5714,14
8,HUNTER,Unleash the Hounds,0.7857,14
8,HUNTER,Unstable Ghoul,0.2143,14
8,HUNTER,Webspinner,0.6429,14
8,HUNTER,Wisp,0.1429,14
8,HUNTER,Worgen Infiltrator,0.1429,14
8,HUNTER,Young Dragonhawk,0.1429,14
8,HUNTER,Ysera,0.2143,14
8,MAGE,Abusive Sergeant,0.0278,36
8,MAGE,Acidic Swamp Ooze,0.1389,36
8,MAGE,Acolyte of Pain,0.0833,36
8,MAGE,Alarm-o-Bot,0.0278,36
8,MAGE,Alexstrasza,0.1944,36
8,MAGE,Amani Berserker,0.0833,36
8,MAGE,Ancient Brewmaster,0.0278,36
8,MAGE,Arcane Explosion,0.2778,36
8,MAGE,Arcane Intellect,0.6389,36
8,MAGE,Arcane Missiles,0.3611,36
8,MAGE,Archmage,0.0278,36
8,MAGE,Archmage Antonidas,0.0556,36
8,MAGE,Argent Commander,0.0833,36
8,MAGE,Azure Drake,0.3056,36
8,MAGE,Baron Rivendare,0.0833,36
8,MAGE,Big Game Hunter,0.0278,36
8,MAGE,Blizzard,0.5278,36
8,MAGE,Bloodfen Raptor,0.0556,36
8,MAGE,Bloodmage Thalnos,0.1111,36
8,MAGE,Bluegill Warrior,0.1389,36
8,MAGE,Booty Bay Bodyguard,0.0833,36
8,MAGE,Cairne Bloodhoof,0.2222,36
8,MAGE,Chillwind Yeti,0.1389,36
8,MAGE,Cone of Cold,0.3889,36
8,MAGE,Counterspell,0.6111,36
8,MAGE,Cult Master,0.0556,36
8,MAGE,Dalaran Mage,0.0278,36
8,MAGE,Dancing Swords,0.1111,36
8,MAGE,Darkscale Healer,0.1389,36
8,MAGE,Deathlord,0.0556,36
8,MAGE,Demolisher,0.1111,36
8,MAGE,Doomsayer,0.3333,36
8,MAGE,Duplicate,0.3056,36
8,MAGE,Earthen Ring Farseer,0.1111,36
8,MAGE,Echoing Ooze,0.0833,36
8,MAGE,Elven Archer,0.25,36
8,MAGE,Ethereal Arcanist,0.2222,36
8,MAGE,Faerie Dragon,0.1111,36
8,MAGE,Feugen,0.0833,36
8,MAGE,Fireball,1.0,36
8,MAGE,Flamestrike,0.8056,36
8,MAGE,Frost Nova,0.5,36
8,MAGE,Frostbolt,0.8611,36
8,MAGE,Frostwolf Grunt,0.0833,36
8,MAGE,Frostwolf Warlord,0.0556,36
8,MAGE,Gadgetzan Auctioneer,0.0833,36
8,MAGE,Gnomish Inventor,0.0556,36
8,MAGE,Harrison Jones,0.0556,36
8,MAGE,Harvest Golem,0.0556,36
8,MAGE,Hungry Crab,0.0556,36
8,MAGE,Ice Barrier,0.6667,36
8,MAGE,Ice Block,0.6111,36
8,MAGE,Ice Lance,0.2222,36
8,MAGE,Imp Master,0.0556,36
8,MAGE,Injured Blademaster,0.0278,36
8,MAGE,Jungle Panther,0.0278,36
8,MAGE,Kirin Tor Mage,0.2778,36
8,MAGE,Knife Juggler,0.0556,36
8,MAGE,Leper Gnome,0.1111,36
8,MAGE,Loatheb,0.3611,36
8,MAGE,Loot Hoarder,0.25,36
8,MAGE,Mad Scientist,0.5,36
8,MAGE,Maexxna,0.0556,36
8,MAGE,Mana Wraith,0.1667,36
8,MAGE,Mana Wyrm,0.3056,36
8,MAGE,Mirror Entity,0.1944,36
8,MAGE,Mirror Image,0.2222,36
8,MAGE,Mogu'shan Warden,0.2222,36
8,MAGE,Molten Giant,0.1389,36
8,MAGE,Mountain Giant,0.0556,36
8,MAGE,Murloc Tidehunter,0.1111,36
8,MAGE,Nightblade,0.25,36
8,MAGE,Novice Engineer,0.1667,36
8,MAGE,Nozdormu,0.0556,36
8,MAGE,Ogre Magi,0.0556,36
8,MAGE,Polymorph,0.5278,36
8,MAGE,Pyroblast,0.3611,36
8,MAGE,Ragnaros the Firelord,0.2778,36
8,MAGE,Raid Leader,0.0556,36
8,MAGE,Razorfen Hunter,0.0556,36
8,MAGE,Reckless Rocketeer,0.0556,36
8,MAGE,River Crocolisk,0.0556,36
8,MAGE,Scarlet Crusader,0.0556,36
8,MAGE,Secretkeeper,0.0833,36
8,MAGE,Sen'jin Shieldmasta,0.1944,36
8,MAGE,Shade of Naxxramas,0.0278,36
8,MAGE,Shieldbearer,0.0278,36
8,MAGE,Sludge Belcher,0.3889,36
8,MAGE,Sorcerer's Apprentice,0.2778,36
8,MAGE,Spellbender,0.1111,36
8,MAGE,Spellbreaker,0.0278,36
8,MAGE,Spiteful Smith,0.0278,36
8,MAGE,Stalagg,0.1667,36
8,MAGE,Stormpike Commando,0.1389,36
8,MAGE,Sunwalker,0.0556,36
8,MAGE,Sylvanas Windrunner,0.1111,36
8,MAGE,Undertaker,0.1111,36
8,MAGE,Unstable Ghoul,0.0556,36
8,MAGE,Vaporize,0.4167,36
8,MAGE,Venture Co. Mercenary,0.0556,36
8,MAGE,Voodoo Doctor,0.0556,36
8,MAGE,Water Elemental,0.0556,36
8,MAGE,Wild Pyromancer,0.0278,36
8,MAGE,Windfury Harpy,0.0833,36
8,MAGE,Wolfrider,0.1389,36
8,MAGE,Worgen Infiltrator,0.0556,36
8,MAGE,Young Dragonhawk,0.0556,36
8,WARRIOR,Abomination,0.1481,27
8,WARRIOR,Acolyte of Pain,0.963,27
8,WARRIOR,Alexstrasza,0.4815,27
8,WARRIOR,Amani Berserker,0.1111,27
8,WARRIOR,Arathi Weaponsmith,0.1852,27
8,WARRIOR,Arcanite Reaper,0.037,27
8,WARRIOR,Argent Commander,0.1111,27
8,WARRIOR,Armorsmith,0.8519,27
8,WARRIOR,Azure Drake,0.1481,27
8,WARRIOR,Baron Geddon,0.2963,27
8,WARRIOR,Battle Rage,0.1111,27
8,WARRIOR,Bluegill Warrior,0.0741,27
8,WARRIOR,Brawl,0.4444,27
8,WARRIOR,Cairne Bloodhoof,0.2222,27
8,WARRIOR,Cleave,0.5926,27
8,WARRIOR,Cruel Taskmaster,0.8148,27
8,WARRIOR,Death's Bite,0.4444,27
8,WARRIOR,Defender of Argus,0.2222,27
8,WARRIOR,Demolisher,0.037,27
8,WARRIOR,Dread Corsair,0.0741,27
8,WARRIOR,Earthen Ring Farseer,0.037,27
8,WARRIOR,Elven Archer,0.037,27
8,WARRIOR,Execute,1.0,27
8,WARRIOR,Faceless Manipulator,0.1481,27
8,WARRIOR,Feugen,0.0741,27
8,WARRIOR,Fiery War Axe,0.963,27
8,WARRIOR,Frost Elemental,0.0741,27
8,WARRIOR,Frostwolf Grunt,0.1111,27
8,WARRIOR,Frothing Berserker,0.2963,27
8,WARRIOR,Gorehowl,0.2593,27
8,WARRIOR,Grommash Hellscream,0.6296,27
8,WARRIOR,Gurubashi Berserker,0.037,27
8,WARRIOR,Harrison Jones,0.2593,27
8,WARRIOR,Harvest Golem,0.2222,27
8,WARRIOR,Haunted Creeper,0.2222,27
8,WARRIOR,Heroic Strike,0.1111,27
8,WARRIOR,Hungry Crab,0.037,27
8,WARRIOR,Injured Blademaster,0.037,27
8,WARRIOR,Inner Rage,0.1852,27
8,WARRIOR,Jungle Panther,0.1111,27
8,WARRIOR,Kel'Thuzad,0.037,27
8,WARRIOR,Knife Juggler,0.037,27
8,WARRIOR,Kor'kron Elite,0.1481,27
8,WARRIOR,Leeroy Jenkins,0.1111,27
8,WARRIOR,Leper Gnome,0.2222,27
8,WARRIOR,Lightwarden,0.1111,27
8,WARRIOR,Loatheb,0.3704,27
8,WARRIOR,Loot Hoarder,0.2222,27
8,WARRIOR,Lorewalker Cho,0.0741,27
8,WARRIOR,Mad Bomber,0.037,27
8,WARRIOR,Mad Scientist,0.1852,27
8,WARRIOR,Maexxna,0.0741,27
8,WARRIOR,Mana Addict,0.037,27
8,WARRIOR,Mind Control Tech,0.037,27
8,WARRIOR,Mogu'shan Warden,0.037,27
8,WARRIOR,Mortal Strike,0.037,27
8,WARRIOR,Murloc Warleader,0.0741,27
8,WARRIOR,Nat Pagle,0.037,27
8,WARRIOR,Nozdormu,0.0741,27
8,WARRIOR,Pint-Sized Summoner,0.0741,27
8,WARRIOR,Questing Adventurer,0.037,27
8,WARRIOR,Raging Worgen,0.1852,27
8,WARRIOR,Ragnaros the Firelord,0.4815,27
8,WARRIOR,Reckless Rocketeer,0.037,27
8,WARRIOR,Sen'jin Shieldmasta,0.1852,27
8,WARRIOR,Shade of Naxxramas,0.1111,27
8,WARRIOR,Shield Block,0.8889,27
8,WARRIOR,Shield Slam,0.8519,27
8,WARRIOR,Slam,0.6667,27
8,WARRIOR,Sludge Belcher,0.963,27
8,WARRIOR,Spectral Knight,0.1111,27
8,WARRIOR,Spellbreaker,0.037,27
8,WARRIOR,Stalagg,0.4074,27
8,WARRIOR,Sunwalker,0.1852,27
8,WARRIOR,Sylvanas Windrunner,0.4444,27
8,WARRIOR,The Black Knight,0.3704,27
8,WARRIOR,Tinkmaster Overspark,0.1111,27
8,WARRIOR,Undertaker,0.2963,27
8,WARRIOR,Unstable Ghoul,0.6667,27
8,WARRIOR,Warsong Commander,0.1111,27
8,WARRIOR,Whirlwind,0.4074,27
8,WARRIOR,Wild Pyromancer,0.1481,27
8,WARRIOR,Youthful Brewmaster,0.037,27
8,WARRIOR,Ysera,0.3333,27
8,WARRIOR,Zombie Chow,0.1852,27
9,HUNTER,Alexstrasza,0.2,15
9,HUNTER,Ancient Brewmaster,0.2,15
9,HUNTER,Animal Companion,0.4,15
9,HUNTER,Arcane Shot,0.1333,15
9,HUNTER,Argent Squire,0.1333,15
9,HUNTER,Baron Geddon,0.2,15
9,HUNTER,Baron Rivendare,0.3333,15
9,HUNTER,Blood Knight,0.0667,15
9,HUNTER,Cairne Bloodhoof,0.0667,15
9,HUNTER,Deadly Shot,0.2,15
9,HUNTER,Deathlord,0.0667,15
9,HUNTER,Dire Wolf Alpha,0.1333,15
9,HUNTER,Eaglehorn Bow,0.6667,15
9,HUNTER,Echoing Ooze,0.0667,15
9,HUNTER,Elven Archer,0.1333,15
9,HUNTER,Explosive Shot,0.4,15
9,HUNTER,Explosive Trap,0.7333,15
9,HUNTER,Feugen,0.2,15
9,HUNTER,Flare,0.4,15
9,HUNTER,Freezing Trap,0.8,15
9,HUNTER,Frostwolf Grunt,0.1333,15
9,HUNTER,Goldshire Footman,0.1333,15
9,HUNTER,Harvest Golem,0.2667,15
9,HUNTER,Haunted Creeper,0.6667,15
9,HUNTER,Houndmaster,0.5333,15
9,HUNTER,Hungry Crab,0.0667,15
9,HUNTER,Hunter's Mark,0.7333,15
9,HUNTER,Ironbeak Owl,0.0667,15
9,HUNTER,Ironfur Grizzly,0.1333,15
9,HUNTER,Kel'Thuzad,0.2667,15
9,HUNTER,Kill Command,0.1333,15
9,HUNTER,King Krush,0.2,15
9,HUNTER,Knife Juggler,0.0667,15
9,HUNTER,Leeroy Jenkins,0.1333,15
9,HUNTER,Leper Gnome,0.7333,15
9,HUNTER,Loatheb,0.2667,15
9,HUNTER,Loot Hoarder,0.3333,15
9,HUNTER,Mad Scientist,0.8667,15
9,HUNTER,Maexxna,0.2,15
9,HUNTER,Misdirection,0.4,15
9,HUNTER,Mogu'shan Warden,0.0667,15
9,HUNTER,Mountain Giant,0.1333,15
9,HUNTER,Multi-Shot,0.2,15
9,HUNTER,Murloc Raider,0.1333,15
9,HUNTER,Murloc Tidehunter,0.1333,15
9,HUNTER,Nat Pagle,0.0667,15
9,HUNTER,Nerub'ar Weblord,0.2,15
9,HUNTER,Nerubian Egg,0.0667,15
9,HUNTER,Novice Engineer,0.0667,15
9,HUNTER,Oasis Snapjaw,0.1333,15
9,HUNTER,Priestess of Elune,0.0667,15
9,HUNTER,Ragnaros the Firelord,0.2,15
9,HUNTER,Reckless Rocketeer,0.0667,15
9,HUNTER,Savannah Highmane,0.6,15
9,HUNTER,Scarlet Crusader,0.0667,15
9,HUNTER,Shieldbearer,0.2,15
9,HUNTER,Silvermoon Guardian,0.0667,15
9,HUNTER,Sludge Belcher,0.2,15
9,HUNTER,Snake Trap,0.0667,15
9,HUNTER,Spectral Knight,0.0667,15
9,HUNTER,Stalagg,0.2,15
9,HUNTER,Starving Buzzard,0.5333,15
9,HUNTER,Stonetusk Boar,0.1333,15
9,HUNTER,Sylvanas Windrunner,0.2,15
9,HUNTER,Timber Wolf,0.1333,15
9,HUNTER,Tracking,0.0667,15
9,HUNTER,Undertaker,0.6,15
9,HUNTER,Unleash the Hounds,0.8,15
9,HUNTER,Unstable Ghoul,0.2,15
9,HUNTER,Webspinner,0.6667,15
9,HUNTER,Wisp,0.1333,15
9,HUNTER,Worgen Infiltrator,0.1333,15
9,HUNTER,Young Dragonhawk,0.1333,15
9,HUNTER,Ysera,0.2,15
9,MAGE,Abusive Sergeant,0.0278,36
9,MAGE,Acidic Swamp Ooze,0.1389,36
9,MAGE,Acolyte of Pain,0.0833,36
9,MAGE,Alarm-o-Bot,0.0278,36
9,MAGE,Alexstrasza,0.1944,36
9,MAGE,Amani Berserker,0.1111,36
9,MAGE,Ancient Brewmaster,0.0278,36
9,MAGE,Arcane Explosion,0.25,36
9,MAGE,Arcane Intellect,0.6944,36
9,MAGE,Arcane Missiles,0.3333,36
9,MAGE,Archmage,0.0278,36
9,MAGE,Archmage Antonidas,0.0556,36
9,MAGE,Argent Commander,0.1111,36
9,MAGE,Azure Drake,0.3333,36
9,MAGE,Baron Rivendare,0.0833,36
9,MAGE,Big Game Hunter,0.0278,36
9,MAGE,Blizzard,0.5278,36
9,MAGE,Bloodfen Raptor,0.0278,36
9,MAGE,Bloodmage Thalnos,0.1111,36
9,MAGE,Bluegill Warrior,0.1389,36
9,MAGE,Booty Bay Bodyguard,0.0833,36
9,MAGE,Cairne Bloodhoof,0.2222,36
9,MAGE,Chillwind Yeti,0.1111,36
9,MAGE,Cone of Cold,0.3889,36
9,MAGE,Counterspell,0.6111,36
9,MAGE,Cult Master,0.0556,36
9,MAGE,Dalaran Mage,0.0278,36
9,MAGE,Dancing Swords,0.1111,36
9,MAGE,Darkscale Healer,0.1111,36
9,MAGE,Deathlord,0.0278,36
9,MAGE,Demolisher,0.1389,36
9,MAGE,Doomsayer,0.3333,36
9,MAGE,Duplicate,0.3056,36
9,MAGE,Earthen Ring Farseer,0.1111,36
9,MAGE,Echoing Ooze,0.0556,36
9,MAGE,Elven Archer,0.25,36
9,MAGE,Ethereal Arcanist,0.25,36
9,MAGE,Faerie Dragon,0.1111,36
9,MAGE,Feugen,0.0833,36
9,MAGE,Fireball,1.0,36
9,MAGE,Flamestrike,0.8056,36
9,MAGE,Frost Nova,0.5278,36
9,MAGE,Frostbolt,0.8611,36
9,MAGE,Frostwolf Grunt,0.0556,36
9,MAGE,Frostwolf Warlord,0.0556,36
9,MAGE,Gadgetzan Auctioneer,0.0556,36
9,MAGE,Gnomish Inventor,0.0556,36
9,MAGE,Harrison Jones,0.0556,36
9,MAGE,Harvest Golem,0.0556,36
9,MAGE,Hungry Crab,0.0556,36
9,MAGE,Ice Barrier,0.6389,36
9,MAGE,Ice Block,0.6111,36
9,MAGE,Ice Lance,0.2222,36
9,MAGE,Imp Master,0.0556,36
9,MAGE,Injured Blademaster,0.0278,36
9,MAGE,Jungle Panther,0.0278,36
9,MAGE,Kirin Tor Mage,0.3056,36
9,MAGE,Knife Juggler,0.0278,36
9,MAGE,Kobold Geomancer,0.0278,36
9,MAGE,Leper Gnome,0.1111,36
9,MAGE,Loatheb,0.3611,36
9,MAGE,Loot Hoarder,0.25,36
9,MAGE,Mad Scientist,0.5278,36
9,MAGE,Maexxna,0.0833,36
9,MAGE,Mana Wraith,0.1389,36
9,MAGE,Mana Wyrm,0.3333,36
9,MAGE,Mirror Entity,0.2222,36
9,MAGE,Mirror Image,0.2778,36
9,MAGE,Mogu'shan Warden,0.1667,36
9,MAGE,Molten Giant,0.1389,36
9,MAGE,Mountain Giant,0.0556,36
9,MAGE,Murloc Tidehunter,0.1389,36
9,MAGE,Nat Pagle,0.0278,36
9,MAGE,Nightblade,0.25,36
9,MAGE,Novice Engineer,0.1389,36
9,MAGE,Nozdormu,0.0556,36
9,MAGE,Ogre Magi,0.0278,36
9,MAGE,Polymorph,0.5556,36
9,MAGE,Pyroblast,0.3611,36
9,MAGE,Ragnaros the Firelord,0.2778,36
9,MAGE,Raid Leader,0.0556,36
9,MAGE,Razorfen Hunter,0.0556,36
9,MAGE,Reckless Rocketeer,0.0833,36
9,MAGE,River Crocolisk,0.0278,36
9,MAGE,Scarlet Crusader,0.0833,36
9,MAGE,Secretkeeper,0.0833,36
9,MAGE,Sen'jin Shieldmasta,0.1944,36
9,MAGE,Shade of Naxxramas,0.0278,36
9,MAGE,Shieldbearer,0.0278,36
9,MAGE,Sludge Belcher,0.3889,36
9,MAGE,Sorcerer's Apprentice,0.3056,36
9,MAGE,Spellbender,0.1111,36
9,MAGE,Spiteful Smith,0.0278,36
9,MAGE,Stalagg,0.1667,36
9,MAGE,Stormpike Commando,0.1111,36
9,MAGE,Sunwalker,0.0833,36
9,MAGE,Sylvanas Windrunner,0.1111,36
9,MAGE,Undertaker,0.1111,36
9,MAGE,Unstable Ghoul,0.0556,36
9,MAGE,Vaporize,0.4167,36
9,MAGE,Venture Co. Mercenary,0.0556,36
9,MAGE,Voodoo Doctor,0.0556,36
9,MAGE,Water Elemental,0.0833,36
9,MAGE,Wild Pyromancer,0.0278,36
9,MAGE,Windfury Harpy,0.0833,36
9,MAGE,Wolfrider,0.1389,36
9,MAGE,Worgen Infiltrator,0.0556,36
9,MAGE,Young Dragonhawk,0.0556,36
9,WARRIOR,Abomination,0.1786,28
9,WARRIOR,Abusive Sergeant,0.0357,28
9,WARRIOR,Acolyte of Pain,0.9643,28
9,WARRIOR,Alexstrasza,0.5,28
9,WARRIOR,Amani Berserker,0.1071,28
9,WARRIOR,Arathi Weaponsmith,0.1786,28
9,WARRIOR,Arcanite Reaper,0.0357,28
9,WARRIOR,Argent Commander,0.1071,28
9,WARRIOR,Armorsmith,0.8571,28
9,WARRIOR,Azure Drake,0.1786,28
9,WARRIOR,Baron Geddon,0.3214,28
9,WARRIOR,Battle Rage,0.1071,28
9,WARRIOR,Bluegill Warrior,0.0714,28
9,WARRIOR,Brawl,0.4286,28
9,WARRIOR,Cairne Bloodhoof,0.2143,28
9,WARRIOR,Cleave,0.6071,28
9,WARRIOR,Cruel Taskmaster,0.8214,28
9,WARRIOR,Death's Bite,0.4286,28
9,WARRIOR,Defender of Argus,0.2143,28
9,WARRIOR,Demolisher,0.0357,28
9,WARRIOR,Dread Corsair,0.0714,28
9,WARRIOR,Earthen Ring Farseer,0.0357,28
9,WARRIOR,Elven Archer,0.0714,28
9,WARRIOR,Execute,1.0,28
9,WARRIOR,Faceless Manipulator,0.1429,28
9,WARRIOR,Feugen,0.0714,28
9,WARRIOR,Fiery War Axe,0.9286,28
9,WARRIOR,Frost Elemental,0.0714,28
9,WARRIOR,Frostwolf Grunt,0.1429,28
9,WARRIOR,Frothing Berserker,0.2857,28
9,WARRIOR,Gorehowl,0.2857,28
9,WARRIOR,Grommash Hellscream,0.6071,28
9,WARRIOR,Gurubashi Berserker,0.0357,28
9,WARRIOR,Harrison Jones,0.25,28
9,WARRIOR,Harvest Golem,0.2143,28
9,WARRIOR,Haunted Creeper,0.2143,28
9,WARRIOR,Heroic Strike,0.0714,28
9,WARRIOR,Hungry Crab,0.0357,28
9,WARRIOR,Injured Blademaster,0.0357,28
9,WARRIOR,Inner Rage,0.1786,28
9,WARRIOR,Jungle Panther,0.1071,28
9,WARRIOR,Kel'Thuzad,0.0357,28
9,WARRIOR,Knife Juggler,0.0714,28
9,WARRIOR,Kor'kron Elite,0.1429,28
9,WARRIOR,Leeroy Jenkins,0.1071,28
9,WARRIOR,Leper Gnome,0.2143,28
9,WARRIOR,Lightwarden,0.1071,28
9,WARRIOR,Loatheb,0.3571,28
9,WARRIOR,Loot Hoarder,0.2143,28
9,WARRIOR,Lord of the Arena,0.0357,28
9,WARRIOR,Lorewalker Cho,0.0714,28
9,WARRIOR,Mad Bomber,0.0357,28
9,WARRIOR,Mad Scientist,0.1786,28
9,WARRIOR,Maexxna,0.0714,28
9,WARRIOR,Mana Addict,0.0357,28
9,WARRIOR,Mind Control Tech,0.0357,28
9,WARRIOR,Mogu'shan Warden,0.0357,28
9,WARRIOR,Mortal Strike,0.0357,28
9,WARRIOR,Murloc Warleader,0.1071,28
9,WARRIOR,Nat Pagle,0.0357,28
9,WARRIOR,Nozdormu,0.0714,28
9,WARRIOR,Pint-Sized Summoner,0.0714,28
9,WARRIOR,Questing Adventurer,0.0357,28
9,WARRIOR,Raging Worgen,0.1786,28
9,WARRIOR,Ragnaros the Firelord,0.4643,28
9,WARRIOR,Reckless Rocketeer,0.0357,28
9,WARRIOR,Sen'jin Shieldmasta,0.1786,28
9,WARRIOR,Shade of Naxxramas,0.1071,28
9,WARRIOR,Shield Block,0.8929,28
9,WARRIOR,Shield Slam,0.8571,28
9,WARRIOR,Slam,0.6429,28
9,WARRIOR,Sludge Belcher,0.9643,28
9,WARRIOR,Spectral Knight,0.1071,28
9,WARRIOR,Spellbreaker,0.0357,28
9,WARRIOR,Stalagg,0.3929,28
9,WARRIOR,Sunwalker,0.1786,28
9,WARRIOR,Sylvanas Windrunner,0.4286,28
9,WARRIOR,The Black Knight,0.3571,28
9,WARRIOR,Tinkmaster Overspark,0.1071,28
9,WARRIOR,Undertaker,0.2857,28
9,WARRIOR,Unstable Ghoul,0.6786,28
9,WARRIOR,Warsong Commander,0.1071,28
9,WARRIOR,Whirlwind,0.4286,28
9,WARRIOR,Wild Pyromancer,0.1786,28
9,WARRIOR,Youthful Brewmaster,0.0357,28
9,WARRIOR,Ysera,0.3214,28
9,WARRIOR,Zombie Chow,0.1786,28
10,HUNTER,Alexstrasza,0.1667,18
10,HUNTER,Ancient Brewmaster,0.1667,18
10,HUNTER,Animal Companion,0.4444,18
10,HUNTER,Arcane Shot,0.1667,18
10,HUNTER,Argent Squire,0.1667,18
10,HUNTER,Baron Geddon,0.1667,18
10,HUNTER,Baron Rivendare,0.2778,18
10,HUNTER,Cairne Bloodhoof,0.1667,18
10,HUNTER,Deadly Shot,0.1667,18
10,HUNTER,Deathlord,0.0556,18
10,HUNTER,Dire Wolf Alpha,0.1111,18
10,HUNTER,Eaglehorn Bow,0.6667,18
10,HUNTER,Echoing Ooze,0.0556,18
10,HUNTER,Elven Archer,0.1667,18
10,HUNTER,Explosive Shot,0.3333,18
10,HUNTER,Explosive Trap,0.6667,18
10,HUNTER,Feugen,0.1667,18
10,HUNTER,Flare,0.3889,18
10,HUNTER,Freezing Trap,0.6667,18
10,HUNTER,Frostwolf Grunt,0.1667,18
10,HUNTER,Goldshire Footman,0.1667,18
10,HUNTER,Harvest Golem,0.2222,18
10,HUNTER,Haunted Creeper,0.6667,18
10,HUNTER,Houndmaster,0.4444,18
10,HUNTER,Hungry Crab,0.0556,18
10,HUNTER,Hunter's Mark,0.7778,18
10,HUNTER,Ironbeak Owl,0.1667,18
10,HUNTER,Ironfur Grizzly,0.1111,18
10,HUNTER,Kel'Thuzad,0.1667,18
10,HUNTER,Kill Command,0.2222,18
10,HUNTER,King Krush,0.1667,18
10,HUNTER,Knife Juggler,0.0556,18
10,HUNTER,Leeroy Jenkins,0.2222,18
10,HUNTER,Leper Gnome,0.7778,18
10,HUNTER,Loatheb,0.2222,18
10,HUNTER,Loot Hoarder,0.2778,18
10,HUNTER,Mad Scientist,0.8333,18
10,HUNTER,Maexxna,0.1667,18
10,HUNTER,Misdirection,0.3333,18
10,HUNTER,Mogu'shan Warden,0.0556,18
10,HUNTER,Mountain Giant,0.1111,18
10,HUNTER,Multi-Shot,0.1667,18
10,HUNTER,Murloc Raider,0.1667,18
10,HUNTER,Murloc Tidehunter,0.1667,18
10,HUNTER,Nat Pagle,0.0556,18
10,HUNTER,Nerub'ar Weblord,0.1667,18
10,HUNTER,Nerubian Egg,0.0556,18
10,HUNTER,Novice Engineer,0.0556,18
10,HUNTER,Oasis Snapjaw,0.1111,18
10,HUNTER,Priestess of Elune,0.1111,18
10,HUNTER,Ragnaros the Firelord,0.2222,18
10,HUNTER,Reckless Rocketeer,0.1111,18
10,HUNTER,Savannah Highmane,0.5,18
10,HUNTER,Scarlet Crusader,0.1667,18
10,HUNTER,Shieldbearer,0.2222,18
10,HUNTER,Silvermoon Guardian,0.0556,18
10,HUNTER,Sludge Belcher,0.2222,18
10,HUNTER,Snake Trap,0.0556,18
10,HUNTER,Spectral Knight,0.0556,18
10,HUNTER,Stalagg,0.1667,18
10,HUNTER,Starving Buzzard,0.5556,18
10,HUNTER,Stonetusk Boar,0.2222,18
10,HUNTER,Sylvanas Windrunner,0.1667,18
10,HUNTER,Timber Wolf,0.1111,18
10,HUNTER,Tinkmaster Overspark,0.0556,18
10,HUNTER,Tracking,0.1667,18
10,HUNTER,Undertaker,0.6111,18
10,HUNTER,Unleash the Hounds,0.8333,18
10,HUNTER,Unstable Ghoul,0.1667,18
10,HUNTER,Webspinner,0.6667,18
10,HUNTER,Wisp,0.1667,18
10,HUNTER,Worgen Infiltrator,0.1667,18
10,HUNTER,Young Dragonhawk,0.1667,18
10,HUNTER,Ysera,0.1667,18
10,MAGE,Abusive Sergeant,0.027,37
10,MAGE,Acidic Swamp Ooze,0.1622,37
10,MAGE,Acolyte of Pain,0.0811,37
10,MAGE,Alarm-o-Bot,0.027,37
10,MAGE,Alexstrasza,0.1892,37
10,MAGE,Amani Berserker,0.1081,37
10,MAGE,Ancient Brewmaster,0.027,37
10,MAGE,Arcane Explosion,0.2703,37
10,MAGE,Arcane Intellect,0.6757,37
10,MAGE,Arcane Missiles,0.3514,37
10,MAGE,Archmage,0.027,37
10,MAGE,Archmage Antonidas,0.0541,37
10,MAGE,Argent Commander,0.1081,37
10,MAGE,Azure Drake,0.3514,37
10,MAGE,Baron Rivendare,0.0811,37
10,MAGE,Big Game Hunter,0.027,37
10,MAGE,Blizzard,0.5405,37
10,MAGE,Bloodfen Raptor,0.027,37
10,MAGE,Bloodmage Thalnos,0.1081,37
10,MAGE,Bluegill Warrior,0.1351,37
10,MAGE,Booty Bay Bodyguard,0.0811,37
10,MAGE,Cairne Bloodhoof,0.2162,37
10,MAGE,Chillwind Yeti,0.1081,37
10,MAGE,Cone of Cold,0.3784,37
10,MAGE,Counterspell,0.6216,37
10,MAGE,Cult Master,0.0541,37
10,MAGE,Dalaran Mage,0.027,37
10,MAGE,Dancing Swords,0.1081,37
10,MAGE,Dark Iron Dwarf,0.027,37
10,MAGE,Darkscale Healer,0.1351,37
10,MAGE,Deathlord,0.027,37
10,MAGE,Demolisher,0.1351,37
10,MAGE,Doomsayer,0.3243,37
10,MAGE,Duplicate,0.2973,37
10,MAGE,Earthen Ring Farseer,0.1081,37
10,MAGE,Echoing Ooze,0.0541,37
10,MAGE,Elven Archer,0.2703,37
10,MAGE,Ethereal Arcanist,0.2162,37
10,MAGE,Faerie Dragon,0.1081,37
10,MAGE,Feugen,0.0811,37
10,MAGE,Fireball,1.0,37
10,MAGE,Flamestrike,0.8108,37
10,MAGE,Frost Nova,0.5405,37
10,MAGE,Frostbolt,0.8649,37
10,MAGE,Frostwolf Grunt,0.0541,37
10,MAGE,Frostwolf Warlord,0.0541,37
10,MAGE,Gadgetzan Auctioneer,0.0541,37
10,MAGE,Gnomish Inventor,0.0541,37
10,MAGE,Harrison Jones,0.0541,37
10,MAGE,Harvest Golem,0.0541,37
10,MAGE,Hungry Crab,0.0541,37
10,MAGE,Ice Barrier,0.6486,37
10,MAGE,Ice Block,0.5946,37
10,MAGE,Ice Lance,0.2162,37
10,MAGE,Imp Master,0.0811,37
10,MAGE,Injured Blademaster,0.027,37
10,MAGE,Jungle Panther,0.027,37
10,MAGE,Kirin Tor Mage,0.2973,37
10,MAGE,Knife Juggler,0.027,37
10,MAGE,Kobold Geomancer,0.027,37
10,MAGE,Leper Gnome,0.1081,37
10,MAGE,Loatheb,0.3514,37
10,MAGE,Loot Hoarder,0.2432,37
10,MAGE,Mad Scientist,0.5135,37
10,MAGE,Maexxna,0.0811,37
10,MAGE,Mana Wraith,0.1622,37
10,MAGE,Mana Wyrm,0.3514,37
10,MAGE,Mirror Entity,0.2162,37
10,MAGE,Mirror Image,0.2703,37
10,MAGE,Mogu'shan Warden,0.1892,37
10,MAGE,Molten Giant,0.1351,37
10,MAGE,Mountain Giant,0.0811,37
10,MAGE,Murloc Tidehunter,0.1351,37
10,MAGE,Nat Pagle,0.027,37
10,MAGE,Nightblade,0.2703,37
10,MAGE,Novice Engineer,0.1351,37
10,MAGE,Nozdormu,0.0811,37
10,MAGE,Ogre Magi,0.027,37
10,MAGE,Polymorph,0.5405,37
10,MAGE,Pyroblast,0.3514,37
10,MAGE,Ragnaros the Firelord,0.2703,37
10,MAGE,Raid Leader,0.0541,37
10,MAGE,Razorfen Hunter,0.0541,37
10,MAGE,Reckless Rocketeer,0.0811,37
10,MAGE,River Crocolisk,0.027,37
10,MAGE,Scarlet Crusader,0.0811,37
10,MAGE,Secretkeeper,0.1081,37
10,MAGE,Sen'jin Shieldmasta,0.1892,37
10,MAGE,Shade of Naxxramas,0.027,37
10,MAGE,Shieldbearer,0.027,37
10,MAGE,Sludge Belcher,0.3784,37
10,MAGE,Sorcerer's Apprentice,0.3243,37
10,MAGE,Spellbender,0.1081,37
10,MAGE,Spiteful Smith,0.027,37
10,MAGE,Stalagg,0.1622,37
10,MAGE,Stormpike Commando,0.1351,37
10,MAGE,Sunwalker,0.0811,37
10,MAGE,Sylvanas Windrunner,0.1081,37
10,MAGE,Undertaker,0.1081,37
10,MAGE,Unstable Ghoul,0.0541,37
10,MAGE,Vaporize,0.4324,37
10,MAGE,Venture Co. Mercenary,0.0541,37
10,MAGE,Voodoo Doctor,0.0811,37
10,MAGE,Water Elemental,0.0811,37
10,MAGE,Wild Pyromancer,0.027,37
10,MAGE,Windfury Harpy,0.0811,37
10,MAGE,Wolfrider,0.1351,37
10,MAGE,Worgen Infiltrator,0.0541,37
10,MAGE,Young Dragonhawk,0.0541,37
10,WARRIOR,Abomination,0.1852,27
10,WARRIOR,Acolyte of Pain,0.963,27
10,WARRIOR,Alexstrasza,0.5185,27
10,WARRIOR,Amani Berserker,0.1111,27
10,WARRIOR,Arathi Weaponsmith,0.1852,27
10,WARRIOR,Arcanite Reaper,0.037,27
10,WARRIOR,Argent Commander,0.1111,27
10,WARRIOR,Armorsmith,0.8519,27
10,WARRIOR,Azure Drake,0.1852,27
10,WARRIOR,Baron Geddon,0.3333,27
10,WARRIOR,Battle Rage,0.1481,27
10,WARRIOR,Bluegill Warrior,0.0741,27
10,WARRIOR,Brawl,0.4815,27
10,WARRIOR,Cairne Bloodhoof,0.2222,27
10,WARRIOR,Cleave,0.6667,27
10,WARRIOR,Cruel Taskmaster,0.7778,27
10,WARRIOR,Death's Bite,0.4444,27
10,WARRIOR,Defender of Argus,0.1481,27
10,WARRIOR,Demolisher,0.037,27
10,WARRIOR,Dread Corsair,0.037,27
10,WARRIOR,Earthen Ring Farseer,0.037,27
10,WARRIOR,Elven Archer,0.1111,27
10,WARRIOR,Execute,1.0,27
10,WARRIOR,Faceless Manipulator,0.1481,27
10,WARRIOR,Feugen,0.0741,27
10,WARRIOR,Fiery War Axe,0.9259,27
10,WARRIOR,Frost Elemental,0.037,27
10,WARRIOR,Frostwolf Grunt,0.1111,27
10,WARRIOR,Frothing Berserker,0.2963,27
10,WARRIOR,Gorehowl,0.2963,27
10,WARRIOR,Grommash Hellscream,0.6667,27
10,WARRIOR,Harrison Jones,0.2593,27
10,WARRIOR,Harvest Golem,0.1481,27
10,WARRIOR,Haunted Creeper,0.1481,27
10,WARRIOR,Heroic Strike,0.0741,27
10,WARRIOR,Hungry Crab,0.037,27
10,WARRIOR,Injured Blademaster,0.037,27
10,WARRIOR,Inner Rage,0.1481,27
10,WARRIOR,Jungle Panther,0.1111,27
10,WARRIOR,Kel'Thuzad,0.037,27
10,WARRIOR,Knife Juggler,0.0741,27
10,WARRIOR,Kor'kron Elite,0.1481,27
10,WARRIOR,Leeroy Jenkins,0.1481,27
10,WARRIOR,Leper Gnome,0.1481,27
10,WARRIOR,Lightwarden,0.1111,27
10,WARRIOR,Loatheb,0.3333,27
10,WARRIOR,Loot Hoarder,0.1481,27
10,WARRIOR,Lord of the Arena,0.0741,27
10,WARRIOR,Lorewalker Cho,0.0741,27
10,WARRIOR,Mad Bomber,0.037,27
10,WARRIOR,Mad Scientist,0.1852,27
10,WARRIOR,Maexxna,0.0741,27
10,WARRIOR,Mana Addict,0.037,27
10,WARRIOR,Mind Control Tech,0.037,27
10,WARRIOR,Mortal Strike,0.037,27
10,WARRIOR,Murloc Warleader,0.0741,27
10,WARRIOR,Nozdormu,0.037,27
10,WARRIOR,Pint-Sized Summoner,0.0741,27
10,WARRIOR,Questing Adventurer,0.037,27
10,WARRIOR,Raging Worgen,0.1852,27
10,WARRIOR,Ragnaros the Firelord,0.5185,27
10,WARRIOR,Reckless Rocketeer,0.037,27
10,WARRIOR,Sen'jin Shieldmasta,0.1852,27
10,WARRIOR,Shade of Naxxramas,0.1111,27
10,WARRIOR,Shield Block,0.8889,27
10,WARRIOR,Shield Slam,0.8519,27
10,WARRIOR,Slam,0.6667,27
10,WARRIOR,Sludge Belcher,0.963,27
10,WARRIOR,Spectral Knight,0.1111,27
10,WARRIOR,Spellbreaker,0.037,27
10,WARRIOR,Stalagg,0.3704,27
10,WARRIOR,Sunwalker,0.1852,27
10,WARRIOR,Sylvanas Windrunner,0.4815,27
10,WARRIOR,The Black Knight,0.4074,27
10,WARRIOR,Tinkmaster Overspark,0.1481,27
10,WARRIOR,Undertaker,0.2222,27
10,WARRIOR,Unstable Ghoul,0.7407,27
10,WARRIOR,Warsong Commander,0.1481,27
10,WARRIOR,Whirlwind,0.4444,27
10,WARRIOR,Wild Pyromancer,0.1852,27
10,WARRIOR,Youthful Brewmaster,0.037,27
10,WARRIOR,Ysera,0.3704,27
10,WARRIOR,Zombie Chow,0.1481,27
11,HUNTER,Alexstrasza,0.1667,18
11,HUNTER,Ancient Brewmaster,0.1667,18
11,HUNTER,Animal Companion,0.4444,18
11,HUNTER,Arcane Shot,0.1667,18
11,HUNTER,Argent Squire,0.1667,18
11,HUNTER,Baron Geddon,0.1667,18
11,HUNTER,Baron Rivendare,0.2778,18
11,HUNTER,Cairne Bloodhoof,0.1667,18
11,HUNTER,Dancing Swords,0.0556,18
11,HUNTER,Deadly Shot,0.1667,18
11,HUNTER,Deathlord,0.1111,18
11,HUNTER,Dire Wolf Alpha,0.1111,18
11,HUNTER,Eaglehorn Bow,0.6667,18
11,HUNTER,Echoing Ooze,0.0556,18
11,HUNTER,Elven Archer,0.1667,18
11,HUNTER,Explosive Shot,0.3333,18
11,HUNTER,Explosive Trap,0.6667,18
11,HUNTER,Feugen,0.1667,18
11,HUNTER,Flare,0.3889,18
11,HUNTER,Freezing Trap,0.6667,18
11,HUNTER,Frostwolf Grunt,0.1667,18
11,HUNTER,Goldshire Footman,0.1667,18
11,HUNTER,Harvest Golem,0.1667,18
11,HUNTER,Haunted Creeper,0.6667,18
11,HUNTER,Houndmaster,0.4444,18
11,HUNTER,Hungry Crab,0.0556,18
11,HUNTER,Hunter's Mark,0.7778,18
11,HUNTER,Ironbeak Owl,0.1667,18
11,HUNTER,Ironfur Grizzly,0.1111,18
11,HUNTER,Kel'Thuzad,0.1667,18
11,HUNTER,Kill Command,0.2222,18
11,HUNTER,King Krush,0.1667,18
11,HUNTER,Knife Juggler,0.0556,18
11,HUNTER,Leeroy Jenkins,0.2222,18
11,HUNTER,Leper Gnome,0.7778,18
11,HUNTER,Loatheb,0.2222,18
11,HUNTER,Loot Hoarder,0.2778,18
11,HUNTER,Mad Scientist,0.8333,18
11,HUNTER,Maexxna,0.1667,18
11,HUNTER,Misdirection,0.3333,18
11,HUNTER,Mogu'shan Warden,0.0556,18
11,HUNTER,Mountain Giant,0.0556,18
11,HUNTER,Multi-Shot,0.1667,18
11,HUNTER,Murloc Raider,0.1667,18
11,HUNTER,Murloc Tidehunter,0.1667,18
11,HUNTER,Nat Pagle,0.0556,18
11,HUNTER,Nerub'ar Weblord,0.2222,18
11,HUNTER,Nerubian Egg,0.0556,18
11,HUNTER,Novice Engineer,0.1111,18
11,HUNTER,Oasis Snapjaw,0.1111,18
11,HUNTER,Priestess of Elune,0.1111,18
11,HUNTER,Ragnaros the Firelord,0.2778,18
11,HUNTER,Reckless Rocketeer,0.1111,18
11,HUNTER,Savannah Highmane,0.5,18
11,HUNTER,Scarlet Crusader,0.1667,18
11,HUNTER,Secretkeeper,0.0556,18
11,HUNTER,Shieldbearer,0.2222,18
11,HUNTER,Silvermoon Guardian,0.0556,18
11,HUNTER,Sludge Belcher,0.2222,18
11,HUNTER,Snake Trap,0.0556,18
11,HUNTER,Spectral Knight,0.0556,18
11,HUNTER,Stalagg,0.1667,18
11,HUNTER,Starving Buzzard,0.4444,18
11,HUNTER,Stonetusk Boar,0.2222,18
11,HUNTER,Stormwind Champion,0.0556,18
11,HUNTER,Sylvanas Windrunner,0.1667,18
11,HUNTER,Timber Wolf,0.1111,18
11,HUNTER,Tinkmaster Overspark,0.0556,18
11,HUNTER,Tracking,0.1667,18
11,HUNTER,Undertaker,0.6111,18
11,HUNTER,Unleash the Hounds,0.8333,18
11,HUNTER,Unstable Ghoul,0.1667,18
11,HUNTER,Webspinner,0.6667,18
11,HUNTER,Wisp,0.1667,18
11,HUNTER,Worgen Infiltrator,0.1667,18
11,HUNTER,Young Dragonhawk,0.1667,18
11,HUNTER,Ysera,0.1667,18
11,MAGE,Acidic Swamp Ooze,0.1143,35
11,MAGE,Acolyte of Pain,0.0857,35
11,MAGE,Alarm-o-Bot,0.0286,35
11,MAGE,Alexstrasza,0.2,35
11,MAGE,Amani Berserker,0.0571,35
11,MAGE,Ancient Brewmaster,0.0286,35
11,MAGE,Arcane Explosion,0.2857,35
11,MAGE,Arcane Intellect,0.6571,35
11,MAGE,Arcane Missiles,0.3714,35
11,MAGE,Archmage Antonidas,0.0571,35
11,MAGE,Argent Commander,0.0571,35
11,MAGE,Azure Drake,0.3143,35
11,MAGE,Baron Rivendare,0.0857,35
11,MAGE,Blizzard,0.5429,35
11,MAGE,Bloodfen Raptor,0.0286,35
11,MAGE,Bloodmage Thalnos,0.1143,35
11,MAGE,Bluegill Warrior,0.1429,35
11,MAGE,Booty Bay Bodyguard,0.0857,35
11,MAGE,Cairne Bloodhoof,0.2286,35
11,MAGE,Chillwind Yeti,0.1143,35
11,MAGE,Cone of Cold,0.4,35
11,MAGE,Counterspell,0.6,35
11,MAGE,Cult Master,0.0571,35
11,MAGE,Dalaran Mage,0.0286,35
11,MAGE,Dancing Swords,0.1143,35
11,MAGE,Dark Iron Dwarf,0.0286,35
11,MAGE,Darkscale Healer,0.1429,35
11,MAGE,Deathlord,0.0286,35
11,MAGE,Demolisher,0.1429,35
11,MAGE,Doomsayer,0.3429,35
11,MAGE,Duplicate,0.2857,35
11,MAGE,Earthen Ring Farseer,0.1143,35
11,MAGE,Echoing Ooze,0.0571,35
11,MAGE,Elven Archer,0.2571,35
11,MAGE,Ethereal Arcanist,0.2,35
11,MAGE,Faerie Dragon,0.1143,35
11,MAGE,Feugen,0.0857,35
11,MAGE,Fireball,1.0,35
11,MAGE,Flamestrike,0.8,35
11,MAGE,Frost Nova,0.5429,35
11,MAGE,Frostbolt,0.8571,35
11,MAGE,Frostwolf Grunt,0.0286,35
11,MAGE,Frostwolf Warlord,0.0571,35
11,MAGE,Gadgetzan Auctioneer,0.0571,35
11,MAGE,Gnomish Inventor,0.0571,35
11,MAGE,Harrison Jones,0.0571,35
11,MAGE,Harvest Golem,0.0571,35
11,MAGE,Hungry Crab,0.0571,35
11,MAGE,Ice Barrier,0.6857,35
11,MAGE,Ice Block,0.5714,35
11,MAGE,Ice Lance,0.2286,35
11,MAGE,Imp Master,0.0571,35
11,MAGE,Injured Blademaster,0.0286,35
11,MAGE,Jungle Panther,0.0286,35
11,MAGE,Kirin Tor Mage,0.2857,35
11,MAGE,Knife Juggler,0.0286,35
11,MAGE,Leper Gnome,0.1143,35
11,MAGE,Loatheb,0.3714,35
11,MAGE,Loot Hoarder,0.2571,35
11,MAGE,Mad Scientist,0.4857,35
11,MAGE,Maexxna,0.0857,35
11,MAGE,Mana Wraith,0.1429,35
11,MAGE,Mana Wyrm,0.3143,35
11,MAGE,Mirror Entity,0.2,35
11,MAGE,Mirror Image,0.2286,35
11,MAGE,Mogu'shan Warden,0.2,35
11,MAGE,Molten Giant,0.1429,35
11,MAGE,Mountain Giant,0.0857,35
11,MAGE,Murloc Tidehunter,0.0857,35
11,MAGE,Murloc Warleader,0.0286,35
11,MAGE,Nat Pagle,0.0286,35
11,MAGE,Nightblade,0.2857,35
11,MAGE,Novice Engineer,0.1429,35
11,MAGE,Nozdormu,0.0857,35
11,MAGE,Ogre Magi,0.0286,35
11,MAGE,Polymorph,0.5143,35
11,MAGE,Pyroblast,0.3714,35
11,MAGE,Ragnaros the Firelord,0.2857,35
11,MAGE,Raid Leader,0.0571,35
11,MAGE,Razorfen Hunter,0.0571,35
11,MAGE,Reckless Rocketeer,0.0857,35
11,MAGE,River Crocolisk,0.0286,35
11,MAGE,Scarlet Crusader,0.1143,35
11,MAGE,Secretkeeper,0.1143,35
11,MAGE,Sen'jin Shieldmasta,0.2,35
11,MAGE,Shade of Naxxramas,0.0286,35
11,MAGE,Shieldbearer,0.0286,35
11,MAGE,Sludge Belcher,0.4,35
11,MAGE,Sorcerer's Apprentice,0.2857,35
11,MAGE,Spellbender,0.1143,35
11,MAGE,Spiteful Smith,0.0286,35
11,MAGE,Stalagg,0.1714,35
11,MAGE,Stormpike Commando,0.1429,35
11,MAGE,Sunwalker,0.0857,35
11,MAGE,Sylvanas Windrunner,0.1143,35
11,MAGE,Undertaker,0.1143,35
11,MAGE,Unstable Ghoul,0.0571,35
11,MAGE,Vaporize,0.4,35
11,MAGE,Venture Co. Mercenary,0.0571,35
11,MAGE,Voodoo Doctor,0.0857,35
11,MAGE,Water Elemental,0.0857,35
11,MAGE,Wild Pyromancer,0.0286,35
11,MAGE,Windfury Harpy,0.0571,35
11,MAGE,Wolfrider,0.1429,35
11,MAGE,Worgen Infiltrator,0.0571,35
11,MAGE,Young Dragonhawk,0.0571,35
11,WARRIOR,Abomination,0.1724,29
11,WARRIOR,Acolyte of Pain,0.9655,29
11,WARRIOR,Alexstrasza,0.4828,29
11,WARRIOR,Amani Berserker,0.1034,29
11,WARRIOR,Arathi Weaponsmith,0.1724,29
11,WARRIOR,Arcanite Reaper,0.0345,29
11,WARRIOR,Argent Commander,0.1034,29
11,WARRIOR,Armorsmith,0.8621,29
11,WARRIOR,Azure Drake,0.1724,29
11,WARRIOR,Baron Geddon,0.2759,29
11,WARRIOR,Battle Rage,0.1379,29
11,WARRIOR,Bluegill Warrior,0.069,29
11,WARRIOR,Brawl,0.5172,29
11,WARRIOR,Cairne Bloodhoof,0.2069,29
11,WARRIOR,Cleave,0.6897,29
11,WARRIOR,Cruel Taskmaster,0.7931,29
11,WARRIOR,Death's Bite,0.4483,29
11,WARRIOR,Defender of Argus,0.1724,29
11,WARRIOR,Demolisher,0.0345,29
11,WARRIOR,Dread Corsair,0.0345,29
11,WARRIOR,Earthen Ring Farseer,0.0345,29
11,WARRIOR,Elven Archer,0.1034,29
11,WARRIOR,Execute,1.0,29
11,WARRIOR,Faceless Manipulator,0.1379,29
11,WARRIOR,Feugen,0.1034,29
11,WARRIOR,Fiery War Axe,0.931,29
11,WARRIOR,Frost Elemental,0.0345,29
11,WARRIOR,Frostwolf Grunt,0.1034,29
11,WARRIOR,Frothing Berserker,0.3103,29
11,WARRIOR,Gorehowl,0.3103,29
11,WARRIOR,Grommash Hellscream,0.6897,29
11,WARRIOR,Harrison Jones,0.2759,29
11,WARRIOR,Harvest Golem,0.1379,29
11,WARRIOR,Haunted Creeper,0.1379,29
11,WARRIOR,Heroic Strike,0.069,29
11,WARRIOR,Hungry Crab,0.0345,29
11,WARRIOR,Injured Blademaster,0.069,29
11,WARRIOR,Inner Rage,0.1379,29
11,WARRIOR,Jungle Panther,0.1379,29
11,WARRIOR,Kel'Thuzad,0.069,29
11,WARRIOR,Knife Juggler,0.069,29
11,WARRIOR,Kor'kron Elite,0.1379,29
11,WARRIOR,Leeroy Jenkins,0.1379,29
11,WARRIOR,Leper Gnome,0.1379,29
11,WARRIOR,Lightwarden,0.1379,29
11,WARRIOR,Loatheb,0.3448,29
11,WARRIOR,Loot Hoarder,0.1379,29
11,WARRIOR,Lord of the Arena,0.069,29
11,WARRIOR,Lorewalker Cho,0.069,29
11,WARRIOR,Mad Bomber,0.0345,29
11,WARRIOR,Mad Scientist,0.1724,29
11,WARRIOR,Maexxna,0.069,29
11,WARRIOR,Mana Addict,0.0345,29
11,WARRIOR,Mind Control Tech,0.0345,29
11,WARRIOR,Mortal Strike,0.0345,29
11,WARRIOR,Murloc Warleader,0.1034,29
11,WARRIOR,Nozdormu,0.0345,29
11,WARRIOR,Pint-Sized Summoner,0.069,29
11,WARRIOR,Questing Adventurer,0.0345,29
11,WARRIOR,Raging Worgen,0.1724,29
11,WARRIOR,Ragnaros the Firelord,0.5172,29
11,WARRIOR,Reckless Rocketeer,0.069,29
11,WARRIOR,Sen'jin Shieldmasta,0.1724,29
11,WARRIOR,Shade of Naxxramas,0.1034,29
11,WARRIOR,Shield Block,0.8966,29
11,WARRIOR,Shield Slam,0.8621,29
11,WARRIOR,Slam,0.6552,29
11,WARRIOR,Sludge Belcher,0.9655,29
11,WARRIOR,Spectral Knight,0.1034,29
11,WARRIOR,Spellbreaker,0.069,29
11,WARRIOR,Stalagg,0.3793,29
11,WARRIOR,Stormwind Knight,0.0345,29
11,WARRIOR,Sunwalker,0.2069,29
11,WARRIOR,Sylvanas Windrunner,0.4828,29
11,WARRIOR,The Black Knight,0.3793,29
11,WARRIOR,Tinkmaster Overspark,0.1379,29
11,WARRIOR,Undertaker,0.2069,29
11,WARRIOR,Unstable Ghoul,0.7586,29
11,WARRIOR,Warsong Commander,0.1379,29
11,WARRIOR,Whirlwind,0.4483,29
11,WARRIOR,Wild Pyromancer,0.1724,29
11,WARRIOR,Youthful Brewmaster,0.0345,29
11,WARRIOR,Ysera,0.3448,29
11,WARRIOR,Zombie Chow,0.1379,29
12,HUNTER,Alexstrasza,0.1667,18
12,HUNTER,Ancient Brewmaster,0.1667,18
12,HUNTER,Animal Companion,0.4444,18
12,HUNTER,Arcane Shot,0.1667,18
12,HUNTER,Argent Squire,0.1667,18
12,HUNTER,Baron Geddon,0.1667,18
12,HUNTER,Baron Rivendare,0.2778,18
12,HUNTER,Cairne Bloodhoof,0.1667,18
12,HUNTER,Dancing Swords,0.0556,18
12,HUNTER,Deadly Shot,0.1667,18
12,HUNTER,Deathlord,0.1111,18
12,HUNTER,Dire Wolf Alpha,0.1111,18
12,HUNTER,Eaglehorn Bow,0.6667,18
12,HUNTER,Echoing Ooze,0.0556,18
12,HUNTER,Elven Archer,0.1667,18
12,HUNTER,Explosive Shot,0.3333,18
12,HUNTER,Explosive Trap,0.6667,18
12,HUNTER,Feugen,0.1667,18
12,HUNTER,Flare,0.3889,18
12,HUNTER,Freezing Trap,0.6667,18
12,HUNTER,Frostwolf Grunt,0.1667,18
12,HUNTER,Goldshire Footman,0.1667,18
12,HUNTER,Harvest Golem,0.1667,18
12,HUNTER,Haunted Creeper,0.6667,18
12,HUNTER,Houndmaster,0.4444,18
12,HUNTER,Hungry Crab,0.0556,18
12,HUNTER,Hunter's Mark,0.7778,18
12,HUNTER,Ironbeak Owl,0.1667,18
12,HUNTER,Ironfur Grizzly,0.1111,18
12,HUNTER,Kel'Thuzad,0.1667,18
12,HUNTER,Kill Command,0.2222,18
12,HUNTER,King Krush,0.1667,18
12,HUNTER,Knife Juggler,0.0556,18
12,HUNTER,Leeroy Jenkins,0.2222,18
12,HUNTER,Leper Gnome,0.7778,18
12,HUNTER,Loatheb,0.2222,18
12,HUNTER,Loot Hoarder,0.2778,18
12,HUNTER,Mad Scientist,0.8333,18
12,HUNTER,Maexxna,0.1667,18
12,HUNTER,Misdirection,0.3333,18
12,HUNTER,Mogu'shan Warden,0.0556,18
12,HUNTER,Mountain Giant,0.0556,18
12,HUNTER,Multi-Shot,0.1667,18
12,HUNTER,Murloc Raider,0.1667,18
12,HUNTER,Murloc Tidehunter,0.1667,18
12,HUNTER,Nat Pagle,0.0556,18
12,HUNTER,Nerub'ar Weblord,0.2222,18
12,HUNTER,Nerubian Egg,0.0556,18
12,HUNTER,Novice Engineer,0.1111,18
12,HUNTER,Oasis Snapjaw,0.1111,18
12,HUNTER,Priestess of Elune,0.1111,18
12,HUNTER,Ragnaros the Firelord,0.2778,18
12,HUNTER,Reckless Rocketeer,0.1111,18
12,HUNTER,Savannah Highmane,0.5,18
12,HUNTER,Scarlet Crusader,0.1667,18
12,HUNTER,Secretkeeper,0.0556,18
12,HUNTER,Shieldbearer,0.2222,18
12,HUNTER,Silvermoon Guardian,0.0556,18
12,HUNTER,Sludge Belcher,0.2222,18
12,HUNTER,Snake Trap,0.0556,18
12,HUNTER,Spectral Knight,0.0556,18
12,HUNTER,Stalagg,0.1667,18
12,HUNTER,Starving Buzzard,0.4444,18
12,HUNTER,Stonetusk Boar,0.2222,18
12,HUNTER,Stormwind Champion,0.0556,18
12,HUNTER,Sylvanas Windrunner,0.1667,18
12,HUNTER,Timber Wolf,0.1111,18
12,HUNTER,Tinkmaster Overspark,0.0556,18
12,HUNTER,Tracking,0.1667,18
12,HUNTER,Undertaker,0.6111,18
12,HUNTER,Unleash the Hounds,0.8333,18
12,HUNTER,Unstable Ghoul,0.1667,18
12,HUNTER,Webspinner,0.6667,18
12,HUNTER,Wisp,0.1667,18
12,HUNTER,Worgen Infiltrator,0.1667,18
12,HUNTER,Young Dragonhawk,0.1667,18
12,HUNTER,Ysera,0.1667,18
12,MAGE,Acidic Swamp Ooze,0.1111,36
12,MAGE,Acolyte of Pain,0.0833,36
12,MAGE,Alarm-o-Bot,0.0278,36
12,MAGE,Alexstrasza,0.1667,36
12,MAGE,Amani Berserker,0.0556,36
12,MAGE,Arcane Explosion,0.2778,36
12,MAGE,Arcane Intellect,0.6667,36
12,MAGE,Arcane Missiles,0.3611,36
12,MAGE,Archmage Antonidas,0.0556,36
12,MAGE,Argent Commander,0.0556,36
12,MAGE,Azure Drake,0.3333,36
12,MAGE,Baron Rivendare,0.0833,36
12,MAGE,Blizzard,0.5278,36
12,MAGE,Bloodfen Raptor,0.0278,36
12,MAGE,Bloodmage Thalnos,0.1389,36
12,MAGE,Bluegill Warrior,0.1389,36
12,MAGE,Booty Bay Bodyguard,0.0833,36
12,MAGE,Cairne Bloodhoof,0.1944,36
12,MAGE,Chillwind Yeti,0.1111,36
12,MAGE,Cone of Cold,0.4444,36
12,MAGE,Counterspell,0.6111,36
12,MAGE,Cult Master,0.0556,36
12,MAGE,Dalaran Mage,0.0278,36
12,MAGE,Dancing Swords,0.1111,36
12,MAGE,Dark Iron Dwarf,0.0278,36
12,MAGE,Darkscale Healer,0.1389,36
12,MAGE,Deathlord,0.0278,36
12,MAGE,Demolisher,0.1667,36
12,MAGE,Doomsayer,0.3333,36
12,MAGE,Duplicate,0.3056,36
12,MAGE,Earthen Ring Farseer,0.1111,36
12,MAGE,Echoing Ooze,0.0556,36
12,MAGE,Elven Archer,0.25,36
12,MAGE,Ethereal Arcanist,0.1944,36
12,MAGE,Faerie Dragon,0.1389,36
12,MAGE,Feugen,0.0833,36
12,MAGE,Fireball,1.0,36
12,MAGE,Flamestrike,0.7778,36
12,MAGE,Frost Nova,0.5556,36
12,MAGE,Frostbolt,0.8889,36
12,MAGE,Frostwolf Grunt,0.0278,36
12,MAGE,Frostwolf Warlord,0.0556,36
12,MAGE,Gadgetzan Auctioneer,0.0556,36
12,MAGE,Gnomish Inventor,0.0278,36
12,MAGE,Harrison Jones,0.0278,36
12,MAGE,Harvest Golem,0.0556,36
12,MAGE,Hungry Crab,0.0556,36
12,MAGE,Ice Barrier,0.6667,36
12,MAGE,Ice Block,0.5278,36
12,MAGE,Ice Lance,0.1944,36
12,MAGE,Imp Master,0.0556,36
12,MAGE,Injured Blademaster,0.0278,36
12,MAGE,Kirin Tor Mage,0.2778,36
12,MAGE,Knife Juggler,0.0278,36
12,MAGE,Leper Gnome,0.1111,36
12,MAGE,Loatheb,0.3889,36
12,MAGE,Loot Hoarder,0.25,36
12,MAGE,Mad Scientist,0.5,36
12,MAGE,Maexxna,0.1111,36
12,MAGE,Mana Wraith,0.1389,36
12,MAGE,Mana Wyrm,0.3611,36
12,MAGE,Mind Control Tech,0.0278,36
12,MAGE,Mirror Entity,0.1389,36
12,MAGE,Mirror Image,0.2222,36
12,MAGE,Mogu'shan Warden,0.1944,36
12,MAGE,Molten Giant,0.1667,36
12,MAGE,Mountain Giant,0.0556,36
12,MAGE,Murloc Tidehunter,0.0833,36
12,MAGE,Murloc Warleader,0.0278,36
12,MAGE,Nat Pagle,0.0278,36
12,MAGE,Nightblade,0.2778,36
12,MAGE,Novice Engineer,0.1111,36
12,MAGE,Nozdormu,0.0833,36
12,MAGE,Ogre Magi,0.0278,36
12,MAGE,Polymorph,0.5278,36
12,MAGE,Pyroblast,0.3611,36
12,MAGE,Questing Adventurer,0.0278,36
12,MAGE,Ragnaros the Firelord,0.3056,36
12,MAGE,Raid Leader,0.0556,36
12,MAGE,Razorfen Hunter,0.0556,36
12,MAGE,Reckless Rocketeer,0.1111,36
12,MAGE,River Crocolisk,0.0278,36
12,MAGE,Scarlet Crusader,0.1389,36
12,MAGE,Secretkeeper,0.1389,36
12,MAGE,Sen'jin Shieldmasta,0.1944,36
12,MAGE,Shade of Naxxramas,0.0278,36
12,MAGE,Shieldbearer,0.0278,36
12,MAGE,Sludge Belcher,0.4722,36
12,MAGE,Sorcerer's Apprentice,0.3056,36
12,MAGE,Spellbender,0.1111,36
12,MAGE,Spiteful Smith,0.0556,36
12,MAGE,Stalagg,0.1667,36
12,MAGE,Stormpike Commando,0.1389,36
12,MAGE,Sunwalker,0.1111,36
12,MAGE,Sylvanas Windrunner,0.1111,36
12,MAGE,Undertaker,0.1111,36
12,MAGE,Unstable Ghoul,0.0556,36
12,MAGE,Vaporize,0.3889,36
12,MAGE,Venture Co. Mercenary,0.0833,36
12,MAGE,Voodoo Doctor,0.0833,36
12,MAGE,Water Elemental,0.1111,36
12,MAGE,Wild Pyromancer,0.0278,36
12,MAGE,Windfury Harpy,0.0278,36
12,MAGE,Wolfrider,0.1389,36
12,MAGE,Worgen Infiltrator,0.0278,36
12,MAGE,Young Dragonhawk,0.0556,36
12,MAGE,Ysera,0.0556,36
12,WARRIOR,Abomination,0.1724,29
12,WARRIOR,Acolyte of Pain,1.0,29
12,WARRIOR,Alexstrasza,0.4828,29
12,WARRIOR,Amani Berserker,0.1034,29
12,WARRIOR,Arathi Weaponsmith,0.1724,29
12,WARRIOR,Argent Commander,0.1034,29
12,WARRIOR,Armorsmith,0.8966,29
12,WARRIOR,Azure Drake,0.1724,29
12,WARRIOR,Baron Geddon,0.2759,29
12,WARRIOR,Battle Rage,0.1379,29
12,WARRIOR,Bluegill Warrior,0.069,29
12,WARRIOR,Brawl,0.4828,29
12,WARRIOR,Cairne Bloodhoof,0.2069,29
12,WARRIOR,Cleave,0.6552,29
12,WARRIOR,Cruel Taskmaster,0.7931,29
12,WARRIOR,Death's Bite,0.4483,29
12,WARRIOR,Defender of Argus,0.2069,29
12,WARRIOR,Demolisher,0.0345,29
12,WARRIOR,Dread Corsair,0.069,29
12,WARRIOR,Earthen Ring Farseer,0.0345,29
12,WARRIOR,Elven Archer,0.069,29
12,WARRIOR,Execute,1.0,29
12,WARRIOR,Faceless Manipulator,0.1379,29
12,WARRIOR,Feugen,0.1034,29
12,WARRIOR,Fiery War Axe,0.931,29
12,WARRIOR,Frost Elemental,0.0345,29
12,WARRIOR,Frostwolf Grunt,0.1034,29
12,WARRIOR,Frothing Berserker,0.3103,29
12,WARRIOR,Gorehowl,0.3103,29
12,WARRIOR,Grommash Hellscream,0.6897,29
12,WARRIOR,Harrison Jones,0.2759,29
12,WARRIOR,Harvest Golem,0.1724,29
12,WARRIOR,Haunted Creeper,0.1724,29
12,WARRIOR,Heroic Strike,0.069,29
12,WARRIOR,Hungry Crab,0.0345,29
12,WARRIOR,Injured Blademaster,0.069,29
12,WARRIOR,Inner Rage,0.1034,29
12,WARRIOR,Jungle Panther,0.1379,29
12,WARRIOR,Kel'Thuzad,0.069,29
12,WARRIOR,Knife Juggler,0.069,29
12,WARRIOR,Kor'kron Elite,0.1034,29
12,WARRIOR,Leeroy Jenkins,0.1379,29
12,WARRIOR,Leper Gnome,0.1724,29
12,WARRIOR,Lightwarden,0.1379,29
12,WARRIOR,Loatheb,0.3793,29
12,WARRIOR,Loot Hoarder,0.1724,29
12,WARRIOR,Lord of the Arena,0.069,29
12,WARRIOR,Lorewalker Cho,0.069,29
12,WARRIOR,Mad Scientist,0.1379,29
12,WARRIOR,Maexxna,0.069,29
12,WARRIOR,Mana Addict,0.0345,29
12,WARRIOR,Millhouse Manastorm,0.0345,29
12,WARRIOR,Murloc Warleader,0.1034,29
12,WARRIOR,Nozdormu,0.0345,29
12,WARRIOR,Pint-Sized Summoner,0.069,29
12,WARRIOR,Questing Adventurer,0.0345,29
12,WARRIOR,Raging Worgen,0.1724,29
12,WARRIOR,Ragnaros the Firelord,0.5172,29
12,WARRIOR,Reckless Rocketeer,0.069,29
12,WARRIOR,Sen'jin Shieldmasta,0.1724,29
12,WARRIOR,Shade of Naxxramas,0.1034,29
12,WARRIOR,Shield Block,0.8966,29
12,WARRIOR,Shield Slam,0.8966,29
12,WARRIOR,Slam,0.6207,29
12,WARRIOR,Sludge Belcher,1.0,29
12,WARRIOR,Spectral Knight,0.1034,29
12,WARRIOR,Spellbreaker,0.069,29
12,WARRIOR,Stalagg,0.4138,29
12,WARRIOR,Stormwind Knight,0.0345,29
12,WARRIOR,Sunwalker,0.2414,29
12,WARRIOR,Sylvanas Windrunner,0.5172,29
12,WARRIOR,The Black Knight,0.3793,29
12,WARRIOR,Tinkmaster Overspark,0.1379,29
12,WARRIOR,Undertaker,0.2414,29
12,WARRIOR,Unstable Ghoul,0.7586,29
12,WARRIOR,Voodoo Doctor,0.0345,29
12,WARRIOR,Warsong Commander,0.1379,29
12,WARRIOR,Whirlwind,0.3793,29
12,WARRIOR,Wild Pyromancer,0.1724,29
12,WARRIOR,Youthful Brewmaster,0.0345,29
12,WARRIOR,Ysera,0.3448,29
12,WARRIOR,Zombie Chow,0.1724,29
13,HUNTER,Alexstrasza,0.1667,18
13,HUNTER,Ancient Brewmaster,0.1667,18
13,HUNTER,Animal Companion,0.4444,18
13,HUNTER,Arcane Shot,0.1667,18
13,HUNTER,Argent Squire,0.1667,18
13,HUNTER,Baron Geddon,0.1667,18
13,HUNTER,Baron Rivendare,0.2778,18
13,HUNTER,Cairne Bloodhoof,0.1667,18
13,HUNTER,Dancing Swords,0.0556,18
13,HUNTER,Deadly Shot,0.1667,18
13,HUNTER,Deathlord,0.1111,18
13,HUNTER,Dire Wolf Alpha,0.1111,18
13,HUNTER,Eaglehorn Bow,0.6667,18
13,HUNTER,Echoing Ooze,0.0556,18
13,HUNTER,Elven Archer,0.1667,18
13,HUNTER,Explosive Shot,0.3333,18
13,HUNTER,Explosive Trap,0.6667,18
13,HUNTER,Feugen,0.1667,18
13,HUNTER,Flare,0.3889,18
13,HUNTER,Freezing Trap,0.6667,18
13,HUNTER,Frostwolf Grunt,0.1667,18
13,HUNTER,Goldshire Footman,0.1667,18
13,HUNTER,Harvest Golem,0.1667,18
13,HUNTER,Haunted Creeper,0.6667,18
13,HUNTER,Houndmaster,0.4444,18
13,HUNTER,Hungry Crab,0.0556,18
13,HUNTER,Hunter's Mark,0.7778,18
13,HUNTER,Ironbeak Owl,0.1667,18
13,HUNTER,Ironfur Grizzly,0.1111,18
13,HUNTER,Kel'Thuzad,0.1667,18
13,HUNTER,Kill Command,0.2222,18
13,HUNTER,King Krush,0.1667,18
13,HUNTER,Knife Juggler,0.0556,18
13,HUNTER,Leeroy Jenkins,0.2222,18
13,HUNTER,Leper Gnome,0.7778,18
13,HUNTER,Loatheb,0.2222,18
13,HUNTER,Loot Hoarder,0.2778,18
13,HUNTER,Mad Scientist,0.8333,18
13,HUNTER,Maexxna,0.1667,18
13,HUNTER,Misdirection,0.3333,18
13,HUNTER,Mogu'shan Warden,0.0556,18
13,HUNTER,Mountain Giant,0.0556,18
13,HUNTER,Multi-Shot,0.1667,18
13,HUNTER,Murloc Raider,0.1667,18
13,HUNTER,Murloc Tidehunter,0.1667,18
13,HUNTER,Nat Pagle,0.0556,18
13,HUNTER,Nerub'ar Weblord,0.2222,18
13,HUNTER,Nerubian Egg,0.0556,18
13,HUNTER,Novice Engineer,0.1111,18
13,HUNTER,Oasis Snapjaw,0.1111,18
13,HUNTER,Priestess of Elune,0.1111,18
13,HUNTER,Ragnaros the Firelord,0.2778,18
13,HUNTER,Reckless Rocketeer,0.1111,18
13,HUNTER,Savannah Highmane,0.5,18
13,HUNTER,Scarlet Crusader,0.1667,18
13,HUNTER,Secretkeeper,0.0556,18
13,HUNTER,Shieldbearer,0.2222,18
13,HUNTER,Silvermoon Guardian,0.0556,18
13,HUNTER,Sludge Belcher,0.2222,18
13,HUNTER,Snake Trap,0.0556,18
13,HUNTER,Spectral Knight,0.0556,18
13,HUNTER,Stalagg,0.1667,18
13,HUNTER,Starving Buzzard,0.4444,18
13,HUNTER,Stonetusk Boar,0.2222,18
13,HUNTER,Stormwind Champion,0.0556,18
13,HUNTER,Sylvanas Windrunner,0.1667,18
13,HUNTER,Timber Wolf,0.1111,18
13,HUNTER,Tinkmaster Overspark,0.0556,18
13,HUNTER,Tracking,0.1667,18
13,HUNTER,Undertaker,0.6111,18
13,HUNTER,Unleash the Hounds,0.8333,18
13,HUNTER,Unstable Ghoul,0.1667,18
13,HUNTER,Webspinner,0.6667,18
13,HUNTER,Wisp,0.1667,18
13,HUNTER,Worgen Infiltrator,0.1667,18
13,HUNTER,Young Dragonhawk,0.1667,18
13,HUNTER,Ysera,0.1667,18
13,MAGE,Acidic Swamp Ooze,0.1316,38
13,MAGE,Acolyte of Pain,0.0789,38
13,MAGE,Alarm-o-Bot,0.0263,38
13,MAGE,Alexstrasza,0.1579,38
13,MAGE,Amani Berserker,0.0526,38
13,MAGE,Arcane Explosion,0.2895,38
13,MAGE,Arcane Intellect,0.6579,38
13,MAGE,Arcane Missiles,0.3684,38
13,MAGE,Archmage Antonidas,0.0526,38
13,MAGE,Argent Commander,0.0526,38
13,MAGE,Azure Drake,0.3684,38
13,MAGE,Baron Rivendare,0.0789,38
13,MAGE,Blizzard,0.5263,38
13,MAGE,Blood Knight,0.0263,38
13,MAGE,Bloodfen Raptor,0.0263,38
13,MAGE,Bloodmage Thalnos,0.1316,38
13,MAGE,Bluegill Warrior,0.1316,38
13,MAGE,Booty Bay Bodyguard,0.0789,38
13,MAGE,Cairne Bloodhoof,0.1842,38
13,MAGE,Chillwind Yeti,0.1053,38
13,MAGE,Cone of Cold,0.4211,38
13,MAGE,Counterspell,0.6316,38
13,MAGE,Cult Master,0.0526,38
13,MAGE,Dalaran Mage,0.0263,38
13,MAGE,Dancing Swords,0.1053,38
13,MAGE,Dark Iron Dwarf,0.0526,38
13,MAGE,Darkscale Healer,0.1579,38
13,MAGE,Deathlord,0.0263,38
13,MAGE,Demolisher,0.1316,38
13,MAGE,Doomsayer,0.3158,38
13,MAGE,Duplicate,0.3158,38
13,MAGE,Earthen Ring Farseer,0.1053,38
13,MAGE,Echoing Ooze,0.0526,38
13,MAGE,Elven Archer,0.2632,38
13,MAGE,Ethereal Arcanist,0.2105,38
13,MAGE,Faerie Dragon,0.1316,38
13,MAGE,Feugen,0.1053,38
13,MAGE,Fireball,1.0,38
13,MAGE,Flamestrike,0.7895,38
13,MAGE,Frost Nova,0.5263,38
13,MAGE,Frostbolt,0.8947,38
13,MAGE,Frostwolf Grunt,0.0263,38
13,MAGE,Frostwolf Warlord,0.0526,38
13,MAGE,Gadgetzan Auctioneer,0.0526,38
13,MAGE,Gnomish Inventor,0.0263,38
13,MAGE,Harrison Jones,0.0263,38
13,MAGE,Harvest Golem,0.0526,38
13,MAGE,Hungry Crab,0.0526,38
13,MAGE,Ice Barrier,0.6842,38
13,MAGE,Ice Block,0.4737,38
13,MAGE,Ice Lance,0.1842,38
13,MAGE,Imp Master,0.0526,38
13,MAGE,Kirin Tor Mage,0.2895,38
13,MAGE,Knife Juggler,0.0263,38
13,MAGE,Kobold Geomancer,0.0263,38
13,MAGE,Leper Gnome,0.1053,38
13,MAGE,Loatheb,0.3684,38
13,MAGE,Loot Hoarder,0.2368,38
13,MAGE,Mad Scientist,0.5,38
13,MAGE,Maexxna,0.1053,38
13,MAGE,Mana Wraith,0.1579,38
13,MAGE,Mana Wyrm,0.3947,38
13,MAGE,Mind Control Tech,0.0263,38
13,MAGE,Mirror Entity,0.1316,38
13,MAGE,Mirror Image,0.2105,38
13,MAGE,Mogu'shan Warden,0.2105,38
13,MAGE,Molten Giant,0.1579,38
13,MAGE,Mountain Giant,0.0526,38
13,MAGE,Murloc Tidehunter,0.0789,38
13,MAGE,Murloc Warleader,0.0263,38
13,MAGE,Nat Pagle,0.0263,38
13,MAGE,Nightblade,0.2895,38
13,MAGE,Novice Engineer,0.1053,38
13,MAGE,Nozdormu,0.1053,38
13,MAGE,Ogre Magi,0.0263,38
13,MAGE,Polymorph,0.5,38
13,MAGE,Pyroblast,0.3421,38
13,MAGE,Questing Adventurer,0.0526,38
13,MAGE,Ragnaros the Firelord,0.3158,38
13,MAGE,Raid Leader,0.0526,38
13,MAGE,Razorfen Hunter,0.0526,38
13,MAGE,Reckless Rocketeer,0.1053,38
13,MAGE,River Crocolisk,0.0263,38
13,MAGE,Scarlet Crusader,0.1316,38
13,MAGE,Secretkeeper,0.1842,38
13,MAGE,Sen'jin Shieldmasta,0.1842,38
13,MAGE,Shade of Naxxramas,0.0263,38
13,MAGE,Shieldbearer,0.0263,38
13,MAGE,Sludge Belcher,0.4737,38
13,MAGE,Sorcerer's Apprentice,0.3158,38
13,MAGE,Spellbender,0.1053,38
13,MAGE,Spiteful Smith,0.0526,38
13,MAGE,Stalagg,0.1579,38
13,MAGE,Stormpike Commando,0.1316,38
13,MAGE,Sunwalker,0.1053,38
13,MAGE,Sylvanas Windrunner,0.1053,38
13,MAGE,Undertaker,0.1053,38
13,MAGE,Unstable Ghoul,0.0526,38
13,MAGE,Vaporize,0.4474,38
13,MAGE,Venture Co. Mercenary,0.1053,38
13,MAGE,Voodoo Doctor,0.1053,38
13,MAGE,Water Elemental,0.1053,38
13,MAGE,Wild Pyromancer,0.0263,38
13,MAGE,Windfury Harpy,0.0263,38
13,MAGE,Wolfrider,0.1316,38
13,MAGE,Worgen Infiltrator,0.0263,38
13,MAGE,Young Dragonhawk,0.0526,38
13,MAGE,Ysera,0.0526,38
13,WARRIOR,Abomination,0.1667,30
13,WARRIOR,Acolyte of Pain,1.0,30
13,WARRIOR,Alexstrasza,0.4667,30
13,WARRIOR,Amani Berserker,0.1,30
13,WARRIOR,Arathi Weaponsmith,0.1667,30
13,WARRIOR,Argent Commander,0.1,30
13,WARRIOR,Armorsmith,0.9,30
13,WARRIOR,Azure Drake,0.1667,30
13,WARRIOR,Baron Geddon,0.2333,30
13,WARRIOR,Battle Rage,0.1,30
13,WARRIOR,Bluegill Warrior,0.0667,30
13,WARRIOR,Brawl,0.4667,30
13,WARRIOR,Cairne Bloodhoof,0.2,30
13,WARRIOR,Cleave,0.6333,30
13,WARRIOR,Cruel Taskmaster,0.8333,30
13,WARRIOR,Death's Bite,0.4,30
13,WARRIOR,Defender of Argus,0.2333,30
13,WARRIOR,Demolisher,0.0333,30
13,WARRIOR,Dread Corsair,0.1,30
13,WARRIOR,Earthen Ring Farseer,0.0333,30
13,WARRIOR,Elite Tauren Chieftain,0.0333,30
13,WARRIOR,Elven Archer,0.0667,30
13,WARRIOR,Execute,1.0,30
13,WARRIOR,Faceless Manipulator,0.1333,30
13,WARRIOR,Feugen,0.1,30
13,WARRIOR,Fiery War Axe,0.9333,30
13,WARRIOR,Frost Elemental,0.0333,30
13,WARRIOR,Frostwolf Grunt,0.1,30
13,WARRIOR,Frothing Berserker,0.3333,30
13,WARRIOR,Gorehowl,0.3,30
13,WARRIOR,Grommash Hellscream,0.6667,30
13,WARRIOR,Harrison Jones,0.3,30
13,WARRIOR,Harvest Golem,0.2,30
13,WARRIOR,Haunted Creeper,0.2,30
13,WARRIOR,Heroic Strike,0.0333,30
13,WARRIOR,Hungry Crab,0.0333,30
13,WARRIOR,Injured Blademaster,0.1,30
13,WARRIOR,Inner Rage,0.1,30
13,WARRIOR,Jungle Panther,0.1667,30
13,WARRIOR,Kel'Thuzad,0.0667,30
13,WARRIOR,Knife Juggler,0.0667,30
13,WARRIOR,Kor'kron Elite,0.1,30
13,WARRIOR,Leeroy Jenkins,0.1,30
13,WARRIOR,Leper Gnome,0.2,30
13,WARRIOR,Lightwarden,0.1667,30
13,WARRIOR,Loatheb,0.4,30
13,WARRIOR,Loot Hoarder,0.2,30
13,WARRIOR,Lord of the Arena,0.0667,30
13,WARRIOR,Lorewalker Cho,0.0667,30
13,WARRIOR,Mad Scientist,0.1,30
13,WARRIOR,Maexxna,0.0333,30
13,WARRIOR,Mana Addict,0.0333,30
13,WARRIOR,Millhouse Manastorm,0.0667,30
13,WARRIOR,Mogu'shan Warden,0.0333,30
13,WARRIOR,Murloc Warleader,0.1,30
13,WARRIOR,Nozdormu,0.0333,30
13,WARRIOR,Pint-Sized Summoner,0.0667,30
13,WARRIOR,Questing Adventurer,0.0333,30
13,WARRIOR,Raging Worgen,0.1667,30
13,WARRIOR,Ragnaros the Firelord,0.5333,30
13,WARRIOR,Reckless Rocketeer,0.0667,30
13,WARRIOR,Sen'jin Shieldmasta,0.1667,30
13,WARRIOR,Shade of Naxxramas,0.1,30
13,WARRIOR,Shield Block,0.9,30
13,WARRIOR,Shield Slam,0.9,30
13,WARRIOR,Slam,0.6,30
13,WARRIOR,Sludge Belcher,1.0,30
13,WARRIOR,Spectral Knight,0.1,30
13,WARRIOR,Spellbreaker,0.0667,30
13,WARRIOR,Stalagg,0.4,30
13,WARRIOR,Stormwind Knight,0.0667,30
13,WARRIOR,Sunwalker,0.2333,30
13,WARRIOR,Sylvanas Windrunner,0.5,30
13,WARRIOR,The Black Knight,0.3333,30
13,WARRIOR,Tinkmaster Overspark,0.1333,30
13,WARRIOR,Undertaker,0.2667,30
13,WARRIOR,Unstable Ghoul,0.7333,30
13,WARRIOR,Upgrade!,0.0333,30
13,WARRIOR,Voodoo Doctor,0.0333,30
13,WARRIOR,Warsong Commander,0.1333,30
13,WARRIOR,Whirlwind,0.3667,30
13,WARRIOR,Wild Pyromancer,0.1667,30
13,WARRIOR,Youthful Brewmaster,0.0333,30
13,WARRIOR,Ysera,0.3,30
13,WARRIOR,Zombie Chow,0.2,30
14,HUNTER,Alexstrasza,0.2105,19
14,HUNTER,Ancient Brewmaster,0.2105,19
14,HUNTER,Animal Companion,0.4737,19
14,HUNTER,Arcane Shot,0.1579,19
14,HUNTER,Argent Squire,0.1579,19
14,HUNTER,Baron Geddon,0.2105,19
14,HUNTER,Baron Rivendare,0.3158,19
14,HUNTER,Cairne Bloodhoof,0.1579,19
14,HUNTER,Dancing Swords,0.0526,19
14,HUNTER,Deadly Shot,0.2105,19
14,HUNTER,Deathlord,0.1053,19
14,HUNTER,Dire Wolf Alpha,0.1053,19
14,HUNTER,Eaglehorn Bow,0.6842,19
14,HUNTER,Echoing Ooze,0.0526,19
14,HUNTER,Elven Archer,0.1579,19
14,HUNTER,Explosive Shot,0.3684,19
14,HUNTER,Explosive Trap,0.6842,19
14,HUNTER,Feugen,0.1579,19
14,HUNTER,Flare,0.4211,19
14,HUNTER,Freezing Trap,0.6842,19
14,HUNTER,Frostwolf Grunt,0.1579,19
14,HUNTER,Goldshire Footman,0.1579,19
14,HUNTER,Harvest Golem,0.1579,19
14,HUNTER,Haunted Creeper,0.6316,19
14,HUNTER,Houndmaster,0.4211,19
14,HUNTER,Hungry Crab,0.0526,19
14,HUNTER,Hunter's Mark,0.7895,19
14,HUNTER,Ironbeak Owl,0.1579,19
14,HUNTER,Ironfur Grizzly,0.1053,19
14,HUNTER,Kel'Thuzad,0.1579,19
14,HUNTER,Kill Command,0.2105,19
14,HUNTER,King Krush,0.1579,19
14,HUNTER,Knife Juggler,0.0526,19
14,HUNTER,Leeroy Jenkins,0.2105,19
14,HUNTER,Leper Gnome,0.7368,19
14,HUNTER,Loatheb,0.2632,19
14,HUNTER,Loot Hoarder,0.2632,19
14,HUNTER,Mad Scientist,0.8421,19
14,HUNTER,Maexxna,0.2105,19
14,HUNTER,Misdirection,0.3684,19
14,HUNTER,Mogu'shan Warden,0.0526,19
14,HUNTER,Mountain Giant,0.0526,19
14,HUNTER,Multi-Shot,0.2105,19
14,HUNTER,Murloc Raider,0.1579,19
14,HUNTER,Murloc Tidehunter,0.1579,19
14,HUNTER,Nat Pagle,0.0526,19
14,HUNTER,Nerub'ar Weblord,0.2632,19
14,HUNTER,Nerubian Egg,0.0526,19
14,HUNTER,Novice Engineer,0.1053,19
14,HUNTER,Oasis Snapjaw,0.1053,19
14,HUNTER,Priestess of Elune,0.1053,19
14,HUNTER,Ragnaros the Firelord,0.3158,19
14,HUNTER,Reckless Rocketeer,0.1053,19
14,HUNTER,Savannah Highmane,0.4737,19
14,HUNTER,Scarlet Crusader,0.1579,19
14,HUNTER,Secretkeeper,0.0526,19
14,HUNTER,Shieldbearer,0.2105,19
14,HUNTER,Silver Hand Knight,0.0526,19
14,HUNTER,Silvermoon Guardian,0.0526,19
14,HUNTER,Sludge Belcher,0.2105,19
14,HUNTER,Snake Trap,0.0526,19
14,HUNTER,Spectral Knight,0.0526,19
14,HUNTER,Stalagg,0.1579,19
14,HUNTER,Starving Buzzard,0.4211,19
14,HUNTER,Stonetusk Boar,0.2105,19
14,HUNTER,Stormwind Champion,0.0526,19
14,HUNTER,Sylvanas Windrunner,0.2105,19
14,HUNTER,Timber Wolf,0.1053,19
14,HUNTER,Tinkmaster Overspark,0.0526,19
14,HUNTER,Tracking,0.1579,19
14,HUNTER,Undertaker,0.5789,19
14,HUNTER,Unleash the Hounds,0.7895,19
14,HUNTER,Unstable Ghoul,0.2105,19
14,HUNTER,Webspinner,0.6316,19
14,HUNTER,Wisp,0.1579,19
14,HUNTER,Worgen Infiltrator,0.1579,19
14,HUNTER,Young Dragonhawk,0.1579,19
14,HUNTER,Ysera,0.2105,19
14,MAGE,Acidic Swamp Ooze,0.0769,39
14,MAGE,Acolyte of Pain,0.0769,39
14,MAGE,Alarm-o-Bot,0.0256,39
14,MAGE,Alexstrasza,0.1538,39
14,MAGE,Amani Berserker,0.0513,39
14,MAGE,Arcane Explosion,0.2821,39
14,MAGE,Arcane Intellect,0.6923,39
14,MAGE,Arcane Missiles,0.359,39
14,MAGE,Archmage Antonidas,0.0513,39
14,MAGE,Argent Commander,0.0513,39
14,MAGE,Azure Drake,0.3846,39
14,MAGE,Baron Rivendare,0.0769,39
14,MAGE,Blizzard,0.5128,39
14,MAGE,Blood Knight,0.0256,39
14,MAGE,Bloodmage Thalnos,0.1282,39
14,MAGE,Bloodsail Raider,0.0256,39
14,MAGE,Bluegill Warrior,0.1282,39
14,MAGE,Booty Bay Bodyguard,0.0769,39
14,MAGE,Cairne Bloodhoof,0.2051,39
14,MAGE,Chillwind Yeti,0.0769,39
14,MAGE,Cone of Cold,0.4103,39
14,MAGE,Counterspell,0.641,39
14,MAGE,Cult Master,0.0513,39
14,MAGE,Dalaran Mage,0.0256,39
14,MAGE,Dancing Swords,0.1026,39
14,MAGE,Dark Iron Dwarf,0.0256,39
14,MAGE,Darkscale Healer,0.1538,39
14,MAGE,Demolisher,0.1538,39
14,MAGE,Doomsayer,0.3077,39
14,MAGE,Duplicate,0.3333,39
14,MAGE,Earthen Ring Farseer,0.1026,39
14,MAGE,Echoing Ooze,0.0513,39
14,MAGE,Elven Archer,0.2564,39
14,MAGE,Ethereal Arcanist,0.2308,39
14,MAGE,Faerie Dragon,0.1282,39
14,MAGE,Feugen,0.1026,39
14,MAGE,Fireball,1.0,39
14,MAGE,Flamestrike,0.7949,39
14,MAGE,Frost Nova,0.5385,39
14,MAGE,Frostbolt,0.8974,39
14,MAGE,Frostwolf Grunt,0.0513,39
14,MAGE,Frostwolf Warlord,0.0513,39
14,MAGE,Gadgetzan Auctioneer,0.0256,39
14,MAGE,Gnomish Inventor,0.0256,39
14,MAGE,Harrison Jones,0.0256,39
14,MAGE,Harvest Golem,0.0513,39
14,MAGE,Hungry Crab,0.0769,39
14,MAGE,Ice Barrier,0.6923,39
14,MAGE,Ice Block,0.4872,39
14,MAGE,Ice Lance,0.1795,39
14,MAGE,Imp Master,0.0513,39
14,MAGE,Kirin Tor Mage,0.3333,39
14,MAGE,Kobold Geomancer,0.0256,39
14,MAGE,Leper Gnome,0.1026,39
14,MAGE,Loatheb,0.3846,39
14,MAGE,Loot Hoarder,0.2308,39
14,MAGE,Mad Scientist,0.5128,39
14,MAGE,Maexxna,0.1282,39
14,MAGE,Mana Wraith,0.1538,39
14,MAGE,Mana Wyrm,0.4103,39
14,MAGE,Mind Control Tech,0.0256,39
14,MAGE,Mirror Entity,0.1538,39
14,MAGE,Mirror Image,0.2308,39
14,MAGE,Mogu'shan Warden,0.1795,39
14,MAGE,Molten Giant,0.1538,39
14,MAGE,Mountain Giant,0.0256,39
14,MAGE,Murloc Tidehunter,0.0769,39
14,MAGE,Murloc Warleader,0.0256,39
14,MAGE,Nat Pagle,0.0513,39
14,MAGE,Nightblade,0.2564,39
14,MAGE,Novice Engineer,0.0769,39
14,MAGE,Nozdormu,0.0769,39
14,MAGE,Polymorph,0.5128,39
14,MAGE,Pyroblast,0.3333,39
14,MAGE,Questing Adventurer,0.0513,39
14,MAGE,Ragnaros the Firelord,0.3333,39
14,MAGE,Raid Leader,0.0513,39
14,MAGE,Razorfen Hunter,0.0513,39
14,MAGE,Reckless Rocketeer,0.1282,39
14,MAGE,Scarlet Crusader,0.1282,39
14,MAGE,Secretkeeper,0.1538,39
14,MAGE,Sen'jin Shieldmasta,0.1795,39
14,MAGE,Shade of Naxxramas,0.0256,39
14,MAGE,Shieldbearer,0.0256,39
14,MAGE,Sludge Belcher,0.5128,39
14,MAGE,Sorcerer's Apprentice,0.3333,39
14,MAGE,Spectral Knight,0.0256,39
14,MAGE,Spellbender,0.1026,39
14,MAGE,Spiteful Smith,0.0513,39
14,MAGE,Stalagg,0.1538,39
14,MAGE,Stormpike Commando,0.1282,39
14,MAGE,Sunwalker,0.1282,39
14,MAGE,Sylvanas Windrunner,0.1026,39
14,MAGE,Undertaker,0.1026,39
14,MAGE,Unstable Ghoul,0.0513,39
14,MAGE,Vaporize,0.4615,39
14,MAGE,Venture Co. Mercenary,0.1026,39
14,MAGE,Voodoo Doctor,0.0769,39
14,MAGE,Water Elemental,0.1282,39
14,MAGE,Wild Pyromancer,0.0256,39
14,MAGE,Windfury Harpy,0.0256,39
14,MAGE,Wolfrider,0.1282,39
14,MAGE,Worgen Infiltrator,0.0256,39
14,MAGE,Young Dragonhawk,0.0513,39
14,MAGE,Ysera,0.0513,39
14,WARRIOR,Abomination,0.1667,30
14,WARRIOR,Acolyte of Pain,1.0,30
14,WARRIOR,Alexstrasza,0.4667,30
14,WARRIOR,Amani Berserker,0.1,30
14,WARRIOR,Arathi Weaponsmith,0.1667,30
14,WARRIOR,Argent Commander,0.1,30
14,WARRIOR,Armorsmith,0.9,30
14,WARRIOR,Azure Drake,0.1667,30
14,WARRIOR,Baron Geddon,0.2333,30
14,WARRIOR,Battle Rage,0.1,30
14,WARRIOR,Bluegill Warrior,0.0667,30
14,WARRIOR,Brawl,0.4667,30
14,WARRIOR,Cairne Bloodhoof,0.2,30
14,WARRIOR,Cleave,0.6,30
14,WARRIOR,Cruel Taskmaster,0.8333,30
14,WARRIOR,Death's Bite,0.4,30
14,WARRIOR,Defender of Argus,0.2333,30
14,WARRIOR,Demolisher,0.0333,30
14,WARRIOR,Dread Corsair,0.1,30
14,WARRIOR,Earthen Ring Farseer,0.0333,30
14,WARRIOR,Elite Tauren Chieftain,0.0333,30
14,WARRIOR,Elven Archer,0.0667,30
14,WARRIOR,Execute,1.0,30
14,WARRIOR,Faceless Manipulator,0.1333,30
14,WARRIOR,Fen Creeper,0.0333,30
14,WARRIOR,Feugen,0.1,30
14,WARRIOR,Fiery War Axe,0.9333,30
14,WARRIOR,Frost Elemental,0.0333,30
14,WARRIOR,Frostwolf Grunt,0.1,30
14,WARRIOR,Frothing Berserker,0.3333,30
14,WARRIOR,Gorehowl,0.3,30
14,WARRIOR,Grommash Hellscream,0.6667,30
14,WARRIOR,Harrison Jones,0.3,30
14,WARRIOR,Harvest Golem,0.2,30
14,WARRIOR,Haunted Creeper,0.2,30
14,WARRIOR,Heroic Strike,0.0333,30
14,WARRIOR,Hungry Crab,0.0333,30
14,WARRIOR,Injured Blademaster,0.1,30
14,WARRIOR,Inner Rage,0.1,30
14,WARRIOR,Jungle Panther,0.1667,30
14,WARRIOR,Kel'Thuzad,0.0667,30
14,WARRIOR,Knife Juggler,0.0667,30
14,WARRIOR,Kor'kron Elite,0.1,30
14,WARRIOR,Leeroy Jenkins,0.1,30
14,WARRIOR,Leper Gnome,0.2,30
14,WARRIOR,Lightwarden,0.1667,30
14,WARRIOR,Loatheb,0.4,30
14,WARRIOR,Loot Hoarder,0.2,30
14,WARRIOR,Lord of the Arena,0.0667,30
14,WARRIOR,Lorewalker Cho,0.0667,30
14,WARRIOR,Mad Scientist,0.1,30
14,WARRIOR,Maexxna,0.0333,30
14,WARRIOR,Mana Addict,0.0333,30
14,WARRIOR,Millhouse Manastorm,0.0667,30
14,WARRIOR,Mogu'shan Warden,0.0333,30
14,WARRIOR,Murloc Warleader,0.1,30
14,WARRIOR,Nightblade,0.0333,30
14,WARRIOR,Nozdormu,0.0333,30
14,WARRIOR,Pint-Sized Summoner,0.0667,30
14,WARRIOR,Questing Adventurer,0.0333,30
14,WARRIOR,Raging Worgen,0.1667,30
14,WARRIOR,Ragnaros the Firelord,0.5333,30
14,WARRIOR,Reckless Rocketeer,0.0667,30
14,WARRIOR,Sen'jin Shieldmasta,0.1667,30
14,WARRIOR,Shade of Naxxramas,0.1,30
14,WARRIOR,Shield Block,0.9,30
14,WARRIOR,Shield Slam,0.9,30
14,WARRIOR,Slam,0.6,30
14,WARRIOR,Sludge Belcher,1.0,30
14,WARRIOR,Spectral Knight,0.1,30
14,WARRIOR,Spellbreaker,0.0667,30
14,WARRIOR,Stalagg,0.4,30
14,WARRIOR,Stormwind Knight,0.0667,30
14,WARRIOR,Sunwalker,0.2333,30
14,WARRIOR,Sylvanas Windrunner,0.5,30
14,WARRIOR,The Black Knight,0.3333,30
14,WARRIOR,Tinkmaster Overspark,0.1333,30
14,WARRIOR,Undertaker,0.2667,30
14,WARRIOR,Unstable Ghoul,0.7333,30
14,WARRIOR,Upgrade!,0.0333,30
14,WARRIOR,Voodoo Doctor,0.0333,30
14,WARRIOR,Warsong Commander,0.1333,30
14,WARRIOR,Whirlwind,0.3667,30
14,WARRIOR,Wild Pyromancer,0.1667,30
14,WARRIOR,Youthful Brewmaster,0.0333,30
14,WARRIOR,Ysera,0.3,30
14,WARRIOR,Zombie Chow,0.2,30
15,HUNTER,Alexstrasza,0.2105,19
15,HUNTER,Ancient Brewmaster,0.2105,19
15,HUNTER,Animal Companion,0.4737,19
15,HUNTER,Arcane Shot,0.1579,19
15,HUNTER,Argent Squire,0.1579,19
15,HUNTER,Baron Geddon,0.2105,19
15,HUNTER,Baron Rivendare,0.3158,19
15,HUNTER,Cairne Bloodhoof,0.1579,19
15,HUNTER,Dancing Swords,0.0526,19
15,HUNTER,Deadly Shot,0.2105,19
15,HUNTER,Deathlord,0.1053,19
15,HUNTER,Dire Wolf Alpha,0.1053,19
15,HUNTER,Eaglehorn Bow,0.6842,19
15,HUNTER,Echoing Ooze,0.0526,19
15,HUNTER,Elven Archer,0.1579,19
15,HUNTER,Explosive Shot,0.3684,19
15,HUNTER,Explosive Trap,0.6842,19
15,HUNTER,Feugen,0.1579,19
15,HUNTER,Flare,0.4211,19
15,HUNTER,Freezing Trap,0.6842,19
15,HUNTER,Frostwolf Grunt,0.1579,19
15,HUNTER,Goldshire Footman,0.1579,19
15,HUNTER,Harvest Golem,0.1579,19
15,HUNTER,Haunted Creeper,0.6316,19
15,HUNTER,Houndmaster,0.4211,19
15,HUNTER,Hungry Crab,0.0526,19
15,HUNTER,Hunter's Mark,0.7895,19
15,HUNTER,Ironbeak Owl,0.1579,19
15,HUNTER,Ironfur Grizzly,0.1053,19
15,HUNTER,Kel'Thuzad,0.1579,19
15,HUNTER,Kill Command,0.2105,19
15,HUNTER,King Krush,0.1579,19
15,HUNTER,Knife Juggler,0.0526,19
15,HUNTER,Leeroy Jenkins,0.2105,19
15,HUNTER,Leper Gnome,0.7368,19
15,HUNTER,Loatheb,0.2632,19
15,HUNTER,Loot Hoarder,0.2632,19
15,HUNTER,Mad Scientist,0.8421,19
15,HUNTER,Maexxna,0.2105,19
15,HUNTER,Misdirection,0.3684,19
15,HUNTER,Mogu'shan Warden,0.0526,19
15,HUNTER,Mountain Giant,0.0526,19
15,HUNTER,Multi-Shot,0.2105,19
15,HUNTER,Murloc Raider,0.1579,19
15,HUNTER,Murloc Tidehunter,0.1579,19
15,HUNTER,Nat Pagle,0.0526,19
15,HUNTER,Nerub'ar Weblord,0.2632,19
15,HUNTER,Nerubian Egg,0.0526,19
15,HUNTER,Novice Engineer,0.1053,19
15,HUNTER,Oasis Snapjaw,0.1053,19
15,HUNTER,Priestess of Elune,0.1053,19
15,HUNTER,Ragnaros the Firelord,0.3158,19
15,HUNTER,Reckless Rocketeer,0.1053,19
15,HUNTER,Savannah Highmane,0.4737,19
15,HUNTER,Scarlet Crusader,0.1579,19
15,HUNTER,Secretkeeper,0.0526,19
15,HUNTER,Shieldbearer,0.2105,19
15,HUNTER,Silver Hand Knight,0.0526,19
15,HUNTER,Silvermoon Guardian,0.0526,19
15,HUNTER,Sludge Belcher,0.2105,19
15,HUNTER,Snake Trap,0.0526,19
15,HUNTER,Spectral Knight,0.0526,19
15,HUNTER,Stalagg,0.1579,19
15,HUNTER,Starving Buzzard,0.4211,19
15,HUNTER,Stonetusk Boar,0.2105,19
15,HUNTER,Stormwind Champion,0.0526,19
15,HUNTER,Sylvanas Windrunner,0.2105,19
15,HUNTER,Timber Wolf,0.1053,19
15,HUNTER,Tinkmaster Overspark,0.0526,19
15,HUNTER,Tracking,0.1579,19
15,HUNTER,Undertaker,0.5789,19
15,HUNTER,Unleash the Hounds,0.7895,19
15,HUNTER,Unstable Ghoul,0.2105,19
15,HUNTER,Webspinner,0.6316,19
15,HUNTER,Wisp,0.1579,19
15,HUNTER,Worgen Infiltrator,0.1579,19
15,HUNTER,Young Dragonhawk,0.1579,19
15,HUNTER,Ysera,0.2105,19
15,MAGE,Acidic Swamp Ooze,0.0769,39
15,MAGE,Acolyte of Pain,0.0769,39
15,MAGE,Alarm-o-Bot,0.0256,39
15,MAGE,Alexstrasza,0.1538,39
15,MAGE,Amani Berserker,0.0513,39
15,MAGE,Arcane Explosion,0.2821,39
15,MAGE,Arcane Intellect,0.6923,39
15,MAGE,Arcane Missiles,0.359,39
15,MAGE,Archmage Antonidas,0.0513,39
15,MAGE,Argent Commander,0.0513,39
15,MAGE,Azure Drake,0.3846,39
15,MAGE,Baron Rivendare,0.0769,39
15,MAGE,Blizzard,0.5128,39
15,MAGE,Blood Knight,0.0256,39
15,MAGE,Bloodmage Thalnos,0.1282,39
15,MAGE,Bloodsail Raider,0.0256,39
15,MAGE,Bluegill Warrior,0.1282,39
15,MAGE,Booty Bay Bodyguard,0.0769,39
15,MAGE,Cairne Bloodhoof,0.2051,39
15,MAGE,Chillwind Yeti,0.0769,39
15,MAGE,Cone of Cold,0.4103,39
15,MAGE,Counterspell,0.641,39
15,MAGE,Cult Master,0.0513,39
15,MAGE,Dalaran Mage,0.0256,39
15,MAGE,Dancing Swords,0.1026,39
15,MAGE,Dark Iron Dwarf,0.0256,39
15,MAGE,Darkscale Healer,0.1538,39
15,MAGE,Demolisher,0.1538,39
15,MAGE,Doomsayer,0.3077,39
15,MAGE,Duplicate,0.3333,39
15,MAGE,Earthen Ring Farseer,0.1026,39
15,MAGE,Echoing Ooze,0.0513,39
15,MAGE,Elven Archer,0.2564,39
15,MAGE,Ethereal Arcanist,0.2308,39
15,MAGE,Faerie Dragon,0.1282,39
15,MAGE,Feugen,0.1026,39
15,MAGE,Fireball,1.0,39
15,MAGE,Flamestrike,0.7949,39
15,MAGE,Frost Nova,0.5385,39
15,MAGE,Frostbolt,0.8974,39
15,MAGE,Frostwolf Grunt,0.0513,39
15,MAGE,Frostwolf Warlord,0.0513,39
15,MAGE,Gadgetzan Auctioneer,0.0256,39
15,MAGE,Gnomish Inventor,0.0256,39
15,MAGE,Harrison Jones,0.0256,39
15,MAGE,Harvest Golem,0.0513,39
15,MAGE,Hungry Crab,0.0769,39
15,MAGE,Ice Barrier,0.6923,39
15,MAGE,Ice Block,0.4872,39
15,MAGE,Ice Lance,0.1795,39
15,MAGE,Imp Master,0.0513,39
15,MAGE,Kirin Tor Mage,0.3333,39
15,MAGE,Kobold Geomancer,0.0256,39
15,MAGE,Leper Gnome,0.1026,39
15,MAGE,Loatheb,0.3846,39
15,MAGE,Loot Hoarder,0.2308,39
15,MAGE,Mad Scientist,0.5128,39
15,MAGE,Maexxna,0.1282,39
15,MAGE,Mana Wraith,0.1538,39
15,MAGE,Mana Wyrm,0.4103,39
15,MAGE,Mind Control Tech,0.0256,39
15,MAGE,Mirror Entity,0.1538,39
15,MAGE,Mirror Image,0.2308,39
15,MAGE,Mogu'shan Warden,0.1795,39
15,MAGE,Molten Giant,0.1538,39
15,MAGE,Mountain Giant,0.0256,39
15,MAGE,Murloc Tidehunter,0.0769,39
15,MAGE,Murloc Warleader,0.0256,39
15,MAGE,Nat Pagle,0.0513,39
15,MAGE,Nightblade,0.2564,39
15,MAGE,Novice Engineer,0.0769,39
15,MAGE,Nozdormu,0.0769,39
15,MAGE,Polymorph,0.5128,39
15,MAGE,Pyroblast,0.3333,39
15,MAGE,Questing Adventurer,0.0513,39
15,MAGE,Ragnaros the Firelord,0.3333,39
15,MAGE,Raid Leader,0.0513,39
15,MAGE,Razorfen Hunter,0.0513,39
15,MAGE,Reckless Rocketeer,0.1282,39
15,MAGE,Scarlet Crusader,0.1282,39
15,MAGE,Secretkeeper,0.1538,39
15,MAGE,Sen'jin Shieldmasta,0.1795,39
15,MAGE,Shade of Naxxramas,0.0256,39
15,MAGE,Shieldbearer,0.0256,39
15,MAGE,Sludge Belcher,0.5128,39
15,MAGE,Sorcerer's Apprentice,0.3333,39
15,MAGE,Spectral Knight,0.0256,39
15,MAGE,Spellbender,0.1026,39
15,MAGE,Spiteful Smith,0.0513,39
15,MAGE,Stalagg,0.1538,39
15,MAGE,Stormpike Commando,0.1282,39
15,MAGE,Sunwalker,0.1282,39
15,MAGE,Sylvanas Windrunner,0.1026,39
15,MAGE,Undertaker,0.1026,39
15,MAGE,Unstable Ghoul,0.0513,39
15,MAGE,Vaporize,0.4615,39
15,MAGE,Venture Co. Mercenary,0.1026,39
15,MAGE,Voodoo Doctor,0.0769,39
15,MAGE,Water Elemental,0.1282,39
15,MAGE,Wild Pyromancer,0.0256,39
15,MAGE,Windfury Harpy,0.0256,39
15,MAGE,Wolfrider,0.1282,39
15,MAGE,Worgen Infiltrator,0.0256,39
15,MAGE,Young Dragonhawk,0.0513,39
15,MAGE,Ysera,0.0513,39
15,WARRIOR,Abomination,0.1667,30
15,WARRIOR,Acolyte of Pain,1.0,30
15,WARRIOR,Alexstrasza,0.4667,30
15,WARRIOR,Amani Berserker,0.1,30
15,WARRIOR,Arathi Weaponsmith,0.1667,30
15,WARRIOR,Argent Commander,0.1,30
15,WARRIOR,Armorsmith,0.9,30
15,WARRIOR,Azure Drake,0.1667,30
15,WARRIOR,Baron Geddon,0.2333,30
15,WARRIOR,Battle Rage,0.1,30
15,WARRIOR,Bluegill Warrior,0.0667,30
15,WARRIOR,Brawl,0.4667,30
15,WARRIOR,Cairne Bloodhoof,0.2,30
15,WARRIOR,Cleave,0.6,30
15,WARRIOR,Cruel Taskmaster,0.8333,30
15,WARRIOR,Death's Bite,0.4,30
15,WARRIOR,Defender of Argus,0.2333,30
15,WARRIOR,Demolisher,0.0333,30
15,WARRIOR,Dread Corsair,0.1,30
15,WARRIOR,Earthen Ring Farseer,0.0333,30
15,WARRIOR,Elite Tauren Chieftain,0.0333,30
15,WARRIOR,Elven Archer,0.0667,30
15,WARRIOR,Execute,1.0,30
15,WARRIOR,Faceless Manipulator,0.1333,30
15,WARRIOR,Fen Creeper,0.0333,30
15,WARRIOR,Feugen,0.1,30
15,WARRIOR,Fiery War Axe,0.9333,30
15,WARRIOR,Frost Elemental,0.0333,30
15,WARRIOR,Frostwolf Grunt,0.1,30
15,WARRIOR,Frothing Berserker,0.3333,30
15,WARRIOR,Gorehowl,0.3,30
15,WARRIOR,Grommash Hellscream,0.6667,30
15,WARRIOR,Harrison Jones,0.3,30
15,WARRIOR,Harvest Golem,0.2,30
15,WARRIOR,Haunted Creeper,0.2,30
15,WARRIOR,Heroic Strike,0.0333,30
15,WARRIOR,Hungry Crab,0.0333,30
15,WARRIOR,Injured Blademaster,0.1,30
15,WARRIOR,Inner Rage,0.1,30
15,WARRIOR,Jungle Panther,0.1667,30
15,WARRIOR,Kel'Thuzad,0.0667,30
15,WARRIOR,Knife Juggler,0.0667,30
15,WARRIOR,Kor'kron Elite,0.1,30
15,WARRIOR,Leeroy Jenkins,0.1,30
15,WARRIOR,Leper Gnome,0.2,30
15,WARRIOR,Lightwarden,0.1667,30
15,WARRIOR,Loatheb,0.4,30
15,WARRIOR,Loot Hoarder,0.2,30
15,WARRIOR,Lord of the Arena,0.0667,30
15,WARRIOR,Lorewalker Cho,0.0667,30
15,WARRIOR,Mad Scientist,0.1,30
15,WARRIOR,Maexxna,0.0333,30
15,WARRIOR,Mana Addict,0.0333,30
15,WARRIOR,Millhouse Manastorm,0.0667,30
15,WARRIOR,Mogu'shan Warden,0.0333,30
15,WARRIOR,Murloc Warleader,0.1,30
15,WARRIOR,Nightblade,0.0333,30
15,WARRIOR,Nozdormu,0.0333,30
15,WARRIOR,Pint-Sized Summoner,0.0667,30
15,WARRIOR,Questing Adventurer,0.0333,30
15,WARRIOR,Raging Worgen,0.1667,30
15,WARRIOR,Ragnaros the Firelord,0.5333,30
15,WARRIOR,Reckless Rocketeer,0.0667,30
15,WARRIOR,Sen'jin Shieldmasta,0.1667,30
15,WARRIOR,Shade of Naxxramas,0.1,30
15,WARRIOR,Shield Block,0.9,30
15,WARRIOR,Shield Slam,0.9,30
15,WARRIOR,Slam,0.6,30
15,WARRIOR,Sludge Belcher,1.0,30
15,WARRIOR,Spectral Knight,0.1,30
15,WARRIOR,Spellbreaker,0.0667,30
15,WARRIOR,Stalagg,0.4,30
15,WARRIOR,Stormwind Knight,0.0667,30
15,WARRIOR,Sunwalker,0.2333,30
15,WARRIOR,Sylvanas Windrunner,0.5,30
15,WARRIOR,The Black Knight,0.3333,30
15,WARRIOR,Tinkmaster Overspark,0.1333,30
15,WARRIOR,Undertaker,0.2667,30
15,WARRIOR,Unstable Ghoul,0.7333,30
15,WARRIOR,Upgrade!,0.0333,30
15,WARRIOR,Voodoo Doctor,0.0333,30
15,WARRIOR,Warsong Commander,0.1333,30
15,WARRIOR,Whirlwind,0.3667,30
15,WARRIOR,Wild Pyromancer,0.1667,30
15,WARRIOR,Youthful Brewmaster,0.0333,30
15,WARRIOR,Ysera,0.3,30
15,WARRIOR,Zombie Chow,0.2,30
16,HUNTER,Alexstrasza,0.2105,19
16,HUNTER,Ancient Brewmaster,0.2105,19
16,HUNTER,Animal Companion,0.4211,19
16,HUNTER,Arcane Shot,0.1579,19
16,HUNTER,Argent Squire,0.1579,19
16,HUNTER,Baron Geddon,0.2105,19
16,HUNTER,Baron Rivendare,0.2632,19
16,HUNTER,Cairne Bloodhoof,0.1053,19
16,HUNTER,Dancing Swords,0.0526,19
16,HUNTER,Deadly Shot,0.2105,19
16,HUNTER,Deathlord,0.1053,19
16,HUNTER,Dire Wolf Alpha,0.1053,19
16,HUNTER,Eaglehorn Bow,0.6316,19
16,HUNTER,Echoing Ooze,0.1053,19
16,HUNTER,Elven Archer,0.1579,19
16,HUNTER,Explosive Shot,0.3684,19
16,HUNTER,Explosive Trap,0.6842,19
16,HUNTER,Feugen,0.1579,19
16,HUNTER,Flare,0.3684,19
16,HUNTER,Freezing Trap,0.7368,19
16,HUNTER,Frostwolf Grunt,0.1579,19
16,HUNTER,Goldshire Footman,0.1579,19
16,HUNTER,Harvest Golem,0.2105,19
16,HUNTER,Haunted Creeper,0.6316,19
16,HUNTER,Houndmaster,0.4737,19
16,HUNTER,Hungry Crab,0.0526,19
16,HUNTER,Hunter's Mark,0.7895,19
16,HUNTER,Ironbeak Owl,0.1053,19
16,HUNTER,Ironfur Grizzly,0.1053,19
16,HUNTER,Kel'Thuzad,0.1579,19
16,HUNTER,Kill Command,0.1579,19
16,HUNTER,King Krush,0.1579,19
16,HUNTER,Knife Juggler,0.0526,19
16,HUNTER,Leeroy Jenkins,0.1579,19
16,HUNTER,Leper Gnome,0.7368,19
16,HUNTER,Loatheb,0.2632,19
16,HUNTER,Loot Hoarder,0.3158,19
16,HUNTER,Mad Scientist,0.8421,19
16,HUNTER,Maexxna,0.2105,19
16,HUNTER,Misdirection,0.4211,19
16,HUNTER,Mogu'shan Warden,0.0526,19
16,HUNTER,Mountain Giant,0.0526,19
16,HUNTER,Multi-Shot,0.2105,19
16,HUNTER,Murloc Raider,0.1579,19
16,HUNTER,Murloc Tidehunter,0.1579,19
16,HUNTER,Nat Pagle,0.0526,19
16,HUNTER,Nerub'ar Weblord,0.2632,19
16,HUNTER,Nerubian Egg,0.0526,19
16,HUNTER,Novice Engineer,0.1053,19
16,HUNTER,Oasis Snapjaw,0.1053,19
16,HUNTER,Priestess of Elune,0.1053,19
16,HUNTER,Ragnaros the Firelord,0.3158,19
16,HUNTER,Reckless Rocketeer,0.1053,19
16,HUNTER,Savannah Highmane,0.5263,19
16,HUNTER,Scarlet Crusader,0.1053,19
16,HUNTER,Scavenging Hyena,0.0526,19
16,HUNTER,Secretkeeper,0.1053,19
16,HUNTER,Shieldbearer,0.2105,19
16,HUNTER,Silver Hand Knight,0.0526,19
16,HUNTER,Silvermoon Guardian,0.0526,19
16,HUNTER,Sludge Belcher,0.2105,19
16,HUNTER,Snake Trap,0.0526,19
16,HUNTER,Spectral Knight,0.0526,19
16,HUNTER,Stalagg,0.1579,19
16,HUNTER,Starving Buzzard,0.4211,19
16,HUNTER,Stonetusk Boar,0.2105,19
16,HUNTER,Stormwind Champion,0.0526,19
16,HUNTER,Sylvanas Windrunner,0.2105,19
16,HUNTER,Timber Wolf,0.1053,19
16,HUNTER,Tinkmaster Overspark,0.0526,19
16,HUNTER,Tracking,0.1053,19
16,HUNTER,Undertaker,0.5789,19
16,HUNTER,Unleash the Hounds,0.7895,19
16,HUNTER,Unstable Ghoul,0.2632,19
16,HUNTER,Webspinner,0.6316,19
16,HUNTER,Wisp,0.1579,19
16,HUNTER,Worgen Infiltrator,0.1579,19
16,HUNTER,Young Dragonhawk,0.1579,19
16,HUNTER,Ysera,0.2105,19
16,MAGE,Acidic Swamp Ooze,0.0769,39
16,MAGE,Acolyte of Pain,0.0769,39
16,MAGE,Alarm-o-Bot,0.0256,39
16,MAGE,Alexstrasza,0.1538,39
16,MAGE,Amani Berserker,0.0513,39
16,MAGE,Arcane Explosion,0.2821,39
16,MAGE,Arcane Intellect,0.6923,39
16,MAGE,Arcane Missiles,0.359,39
16,MAGE,Archmage Antonidas,0.0513,39
16,MAGE,Argent Commander,0.0513,39
16,MAGE,Azure Drake,0.3846,39
16,MAGE,Baron Rivendare,0.0769,39
16,MAGE,Blizzard,0.5128,39
16,MAGE,Blood Knight,0.0256,39
16,MAGE,Bloodmage Thalnos,0.1282,39
16,MAGE,Bloodsail Raider,0.0256,39
16,MAGE,Bluegill Warrior,0.1282,39
16,MAGE,Booty Bay Bodyguard,0.0769,39
16,MAGE,Cairne Bloodhoof,0.2051,39
16,MAGE,Chillwind Yeti,0.0769,39
16,MAGE,Cone of Cold,0.4103,39
16,MAGE,Counterspell,0.641,39
16,MAGE,Cult Master,0.0513,39
16,MAGE,Dalaran Mage,0.0256,39
16,MAGE,Dancing Swords,0.1026,39
16,MAGE,Dark Iron Dwarf,0.0256,39
16,MAGE,Darkscale Healer,0.1538,39
16,MAGE,Demolisher,0.1538,39
16,MAGE,Doomsayer,0.3077,39
16,MAGE,Duplicate,0.3333,39
16,MAGE,Earthen Ring Farseer,0.1026,39
16,MAGE,Echoing Ooze,0.0513,39
16,MAGE,Elven Archer,0.2564,39
16,MAGE,Ethereal Arcanist,0.2308,39
16,MAGE,Faerie Dragon,0.1282,39
16,MAGE,Feugen,0.1026,39
16,MAGE,Fireball,1.0,39
16,MAGE,Flamestrike,0.7949,39
16,MAGE,Frost Nova,0.5385,39
16,MAGE,Frostbolt,0.8974,39
16,MAGE,Frostwolf Grunt,0.0513,39
16,MAGE,Frostwolf Warlord,0.0513,39
16,MAGE,Gadgetzan Auctioneer,0.0256,39
16,MAGE,Gnomish Inventor,0.0256,39
16,MAGE,Harrison Jones,0.0256,39
16,MAGE,Harvest Golem,0.0513,39
16,MAGE,Hungry Crab,0.0769,39
16,MAGE,Ice Barrier,0.6923,39
16,MAGE,Ice Block,0.4872,39
16,MAGE,Ice Lance,0.1795,39
16,MAGE,Imp Master,0.0513,39
16,MAGE,Kirin Tor Mage,0.3333,39
16,MAGE,Kobold Geomancer,0.0256,39
16,MAGE,Leper Gnome,0.1026,39
16,MAGE,Loatheb,0.3846,39
16,MAGE,Loot Hoarder,0.2308,39
16,MAGE,Mad Scientist,0.5128,39
16,MAGE,Maexxna,0.1282,39
16,MAGE,Mana Wraith,0.1538,39
16,MAGE,Mana Wyrm,0.4103,39
16,MAGE,Mind Control Tech,0.0256,39
16,MAGE,Mirror Entity,0.1538,39
16,MAGE,Mirror Image,0.2308,39
16,MAGE,Mogu'shan Warden,0.1795,39
16,MAGE,Molten Giant,0.1538,39
16,MAGE,Mountain Giant,0.0256,39
16,MAGE,Murloc Tidehunter,0.0769,39
16,MAGE,Murloc Warleader,0.0256,39
16,MAGE,Nat Pagle,0.0513,39
16,MAGE,Nightblade,0.2564,39
16,MAGE,Novice Engineer,0.0769,39
16,MAGE,Nozdormu,0.0769,39
16,MAGE,Polymorph,0.5128,39
16,MAGE,Pyroblast,0.3333,39
16,MAGE,Questing Adventurer,0.0513,39
16,MAGE,Ragnaros the Firelord,0.3333,39
16,MAGE,Raid Leader,0.0513,39
16,MAGE,Razorfen Hunter,0.0513,39
16,MAGE,Reckless Rocketeer,0.1282,39
16,MAGE,Scarlet Crusader,0.1282,39
16,MAGE,Secretkeeper,0.1538,39
16,MAGE,Sen'jin Shieldmasta,0.1795,39
16,MAGE,Shade of Naxxramas,0.0256,39
16,MAGE,Shieldbearer,0.0256,39
16,MAGE,Sludge Belcher,0.5128,39
16,MAGE,Sorcerer's Apprentice,0.3333,39
16,MAGE,Spectral Knight,0.0256,39
16,MAGE,Spellbender,0.1026,39
16,MAGE,Spiteful Smith,0.0513,39
16,MAGE,Stalagg,0.1538,39
16,MAGE,Stormpike Commando,0.1282,39
16,MAGE,Sunwalker,0.1282,39
16,MAGE,Sylvanas Windrunner,0.1026,39
16,MAGE,Undertaker,0.1026,39
16,MAGE,Unstable Ghoul,0.0513,39
16,MAGE,Vaporize,0.4615,39
16,MAGE,Venture Co. Mercenary,0.1026,39
16,MAGE,Voodoo Doctor,0.0769,39
16,MAGE,Water Elemental,0.1282,39
16,MAGE,Wild Pyromancer,0.0256,39
16,MAGE,Windfury Harpy,0.0256,39
16,MAGE,Wolfrider,0.1282,39
16,MAGE,Worgen Infiltrator,0.0256,39
16,MAGE,Young Dragonhawk,0.0513,39
16,MAGE,Ysera,0.0513,39
16,WARRIOR,Abomination,0.1613,31
16,WARRIOR,Acolyte of Pain,1.0,31
16,WARRIOR,Alexstrasza,0.4516,31
16,WARRIOR,Amani Berserker,0.129,31
16,WARRIOR,Arathi Weaponsmith,0.1613,31
16,WARRIOR,Argent Commander,0.129,31
16,WARRIOR,Armorsmith,0.871,31
16,WARRIOR,Azure Drake,0.1613,31
16,WARRIOR,Baron Geddon,0.2258,31
16,WARRIOR,Battle Rage,0.0968,31
16,WARRIOR,Bluegill Warrior,0.0968,31
16,WARRIOR,Brawl,0.4516,31
16,WARRIOR,Cairne Bloodhoof,0.1935,31
16,WARRIOR,Cleave,0.5806,31
16,WARRIOR,Cruel Taskmaster,0.8387,31
16,WARRIOR,Death's Bite,0.3871,31
16,WARRIOR,Defender of Argus,0.2258,31
16,WARRIOR,Demolisher,0.0323,31
16,WARRIOR,Dread Corsair,0.0968,31
16,WARRIOR,Earthen Ring Farseer,0.0323,31
16,WARRIOR,Elite Tauren Chieftain,0.0323,31
16,WARRIOR,Elven Archer,0.0645,31
16,WARRIOR,Execute,1.0,31
16,WARRIOR,Faceless Manipulator,0.129,31
16,WARRIOR,Fen Creeper,0.0645,31
16,WARRIOR,Feugen,0.0968,31
16,WARRIOR,Fiery War Axe,0.9032,31
16,WARRIOR,Frost Elemental,0.0323,31
16,WARRIOR,Frostwolf Grunt,0.0968,31
16,WARRIOR,Frothing Berserker,0.3548,31
16,WARRIOR,Gorehowl,0.2903,31
16,WARRIOR,Grommash Hellscream,0.6774,31
16,WARRIOR,Harrison Jones,0.2903,31
16,WARRIOR,Harvest Golem,0.1935,31
16,WARRIOR,Haunted Creeper,0.1935,31
16,WARRIOR,Heroic Strike,0.0323,31
16,WARRIOR,Hungry Crab,0.0323,31
16,WARRIOR,Injured Blademaster,0.0968,31
16,WARRIOR,Inner Rage,0.0968,31
16,WARRIOR,Jungle Panther,0.1613,31
16,WARRIOR,Kel'Thuzad,0.0645,31
16,WARRIOR,Knife Juggler,0.0968,31
16,WARRIOR,Kor'kron Elite,0.129,31
16,WARRIOR,Leeroy Jenkins,0.0968,31
16,WARRIOR,Leper Gnome,0.1935,31
16,WARRIOR,Lightwarden,0.1613,31
16,WARRIOR,Loatheb,0.3871,31
16,WARRIOR,Loot Hoarder,0.1935,31
16,WARRIOR,Lord of the Arena,0.0645,31
16,WARRIOR,Lorewalker Cho,0.0645,31
16,WARRIOR,Mad Scientist,0.0968,31
16,WARRIOR,Maexxna,0.0323,31
16,WARRIOR,Mana Addict,0.0323,31
16,WARRIOR,Millhouse Manastorm,0.0645,31
16,WARRIOR,Mogu'shan Warden,0.0323,31
16,WARRIOR,Murloc Warleader,0.0968,31
16,WARRIOR,Nightblade,0.0645,31
16,WARRIOR,Nozdormu,0.0323,31
16,WARRIOR,Pint-Sized Summoner,0.0968,31
16,WARRIOR,Questing Adventurer,0.0323,31
16,WARRIOR,Raging Worgen,0.1935,31
16,WARRIOR,Ragnaros the Firelord,0.5161,31
16,WARRIOR,Reckless Rocketeer,0.0645,31
16,WARRIOR,Sen'jin Shieldmasta,0.1935,31
16,WARRIOR,Shade of Naxxramas,0.129,31
16,WARRIOR,Shield Block,0.871,31
16,WARRIOR,Shield Slam,0.871,31
16,WARRIOR,Slam,0.5806,31
16,WARRIOR,Sludge Belcher,1.0,31
16,WARRIOR,Spectral Knight,0.129,31
16,WARRIOR,Spellbreaker,0.0645,31
16,WARRIOR,Stalagg,0.3871,31
16,WARRIOR,Stormwind Knight,0.0645,31
16,WARRIOR,Sunwalker,0.2258,31
16,WARRIOR,Sylvanas Windrunner,0.5161,31
16,WARRIOR,The Black Knight,0.3548,31
16,WARRIOR,Tinkmaster Overspark,0.1613,31
16,WARRIOR,Undertaker,0.2903,31
16,WARRIOR,Unstable Ghoul,0.7419,31
16,WARRIOR,Upgrade!,0.0323,31
16,WARRIOR,Voodoo Doctor,0.0645,31
16,WARRIOR,Warsong Commander,0.1613,31
16,WARRIOR,Whirlwind,0.3548,31
16,WARRIOR,Wild Pyromancer,0.1613,31
16,WARRIOR,Youthful Brewmaster,0.0323,31
16,WARRIOR,Ysera,0.2903,31
16,WARRIOR,Zombie Chow,0.1935,31
17,HUNTER,Alexstrasza,0.2105,19
17,HUNTER,Ancient Brewmaster,0.2105,19
17,HUNTER,Animal Companion,0.3684,19
17,HUNTER,Arcane Shot,0.1579,19
17,HUNTER,Argent Squire,0.1579,19
17,HUNTER,Baron Geddon,0.2105,19
17,HUNTER,Baron Rivendare,0.2632,19
17,HUNTER,Cairne Bloodhoof,0.0526,19
17,HUNTER,Dancing Swords,0.0526,19
17,HUNTER,Deadly Shot,0.2105,19
17,HUNTER,Deathlord,0.1053,19
17,HUNTER,Dire Wolf Alpha,0.1053,19
17,HUNTER,Eaglehorn Bow,0.5789,19
17,HUNTER,Echoing Ooze,0.1579,19
17,HUNTER,Elven Archer,0.1579,19
17,HUNTER,Explosive Shot,0.3684,19
17,HUNTER,Explosive Trap,0.6842,19
17,HUNTER,Feugen,0.1579,19
17,HUNTER,Flare,0.3158,19
17,HUNTER,Freezing Trap,0.7895,19
17,HUNTER,Frostwolf Grunt,0.1579,19
17,HUNTER,Goldshire Footman,0.1579,19
17,HUNTER,Harvest Golem,0.2632,19
17,HUNTER,Haunted Creeper,0.6316,19
17,HUNTER,Houndmaster,0.5263,19
17,HUNTER,Hungry Crab,0.0526,19
17,HUNTER,Hunter's Mark,0.7895,19
17,HUNTER,Ironbeak Owl,0.0526,19
17,HUNTER,Ironfur Grizzly,0.1053,19
17,HUNTER,Kel'Thuzad,0.1579,19
17,HUNTER,Kill Command,0.1053,19
17,HUNTER,King Krush,0.1579,19
17,HUNTER,Knife Juggler,0.0526,19
17,HUNTER,Leeroy Jenkins,0.1053,19
17,HUNTER,Leper Gnome,0.7368,19
17,HUNTER,Loatheb,0.2632,19
17,HUNTER,Loot Hoarder,0.3684,19
17,HUNTER,Mad Scientist,0.8421,19
17,HUNTER,Maexxna,0.2105,19
17,HUNTER,Misdirection,0.4211,19
17,HUNTER,Mogu'shan Warden,0.0526,19
17,HUNTER,Mountain Giant,0.0526,19
17,HUNTER,Multi-Shot,0.2105,19
17,HUNTER,Murloc Raider,0.1579,19
17,HUNTER,Murloc Tidehunter,0.1579,19
17,HUNTER,Nat Pagle,0.0526,19
17,HUNTER,Nerub'ar Weblord,0.2105,19
17,HUNTER,Nerubian Egg,0.0526,19
17,HUNTER,Novice Engineer,0.1053,19
17,HUNTER,Oasis Snapjaw,0.1579,19
17,HUNTER,Priestess of Elune,0.1053,19
17,HUNTER,Ragnaros the Firelord,0.3158,19
17,HUNTER,Reckless Rocketeer,0.1053,19
17,HUNTER,Savannah Highmane,0.5789,19
17,HUNTER,Scarlet Crusader,0.0526,19
17,HUNTER,Scavenging Hyena,0.0526,19
17,HUNTER,Secretkeeper,0.1053,19
17,HUNTER,Shieldbearer,0.2105,19
17,HUNTER,Silver Hand Knight,0.0526,19
17,HUNTER,Silvermoon Guardian,0.0526,19
17,HUNTER,Sludge Belcher,0.1579,19
17,HUNTER,Snake Trap,0.0526,19
17,HUNTER,Spectral Knight,0.0526,19
17,HUNTER,Stalagg,0.1579,19
17,HUNTER,Starving Buzzard,0.4737,19
17,HUNTER,Stonetusk Boar,0.2105,19
17,HUNTER,Stormwind Champion,0.0526,19
17,HUNTER,Sylvanas Windrunner,0.2105,19
17,HUNTER,Timber Wolf,0.1053,19
17,HUNTER,Tinkmaster Overspark,0.0526,19
17,HUNTER,Tracking,0.0526,19
17,HUNTER,Undertaker,0.5789,19
17,HUNTER,Unleash the Hounds,0.7895,19
17,HUNTER,Unstable Ghoul,0.3158,19
17,HUNTER,Webspinner,0.6316,19
17,HUNTER,Wisp,0.1579,19
17,HUNTER,Worgen Infiltrator,0.1579,19
17,HUNTER,Young Dragonhawk,0.1579,19
17,HUNTER,Ysera,0.2105,19
17,MAGE,Acidic Swamp Ooze,0.0769,39
17,MAGE,Acolyte of Pain,0.0769,39
17,MAGE,Alarm-o-Bot,0.0256,39
17,MAGE,Alexstrasza,0.1538,39
17,MAGE,Amani Berserker,0.0513,39
17,MAGE,Arcane Explosion,0.2564,39
17,MAGE,Arcane Intellect,0.7179,39
17,MAGE,Arcane Missiles,0.3846,39
17,MAGE,Archmage Antonidas,0.0513,39
17,MAGE,Argent Commander,0.0513,39
17,MAGE,Azure Drake,0.3846,39
17,MAGE,Baron Rivendare,0.0769,39
17,MAGE,Blizzard,0.5128,39
17,MAGE,Blood Knight,0.0256,39
17,MAGE,Bloodmage Thalnos,0.1026,39
17,MAGE,Bloodsail Raider,0.0256,39
17,MAGE,Bluegill Warrior,0.1026,39
17,MAGE,Booty Bay Bodyguard,0.0769,39
17,MAGE,Cairne Bloodhoof,0.2051,39
17,MAGE,Chillwind Yeti,0.0769,39
17,MAGE,Cone of Cold,0.4359,39
17,MAGE,Counterspell,0.641,39
17,MAGE,Cult Master,0.0513,39
17,MAGE,Dalaran Mage,0.0256,39
17,MAGE,Dancing Swords,0.1026,39
17,MAGE,Dark Iron Dwarf,0.0256,39
17,MAGE,Darkscale Healer,0.1538,39
17,MAGE,Demolisher,0.1795,39
17,MAGE,Doomsayer,0.3077,39
17,MAGE,Duplicate,0.3333,39
17,MAGE,Earthen Ring Farseer,0.1026,39
17,MAGE,Echoing Ooze,0.0513,39
17,MAGE,Elven Archer,0.2308,39
17,MAGE,Ethereal Arcanist,0.2308,39
17,MAGE,Faerie Dragon,0.1538,39
17,MAGE,Feugen,0.1282,39
17,MAGE,Fireball,1.0,39
17,MAGE,Flamestrike,0.7949,39
17,MAGE,Frost Nova,0.5385,39
17,MAGE,Frostbolt,0.8974,39
17,MAGE,Frostwolf Grunt,0.0513,39
17,MAGE,Frostwolf Warlord,0.0256,39
17,MAGE,Gadgetzan Auctioneer,0.0256,39
17,MAGE,Gnomish Inventor,0.0256,39
17,MAGE,Harrison Jones,0.0256,39
17,MAGE,Harvest Golem,0.0513,39
17,MAGE,Hungry Crab,0.0513,39
17,MAGE,Ice Barrier,0.6923,39
17,MAGE,Ice Block,0.4872,39
17,MAGE,Ice Lance,0.1795,39
17,MAGE,Imp Master,0.0513,39
17,MAGE,Kirin Tor Mage,0.3333,39
17,MAGE,Kobold Geomancer,0.0256,39
17,MAGE,Leper Gnome,0.1026,39
17,MAGE,Loatheb,0.3846,39
17,MAGE,Loot Hoarder,0.2308,39
17,MAGE,Mad Scientist,0.5128,39
17,MAGE,Maexxna,0.1538,39
17,MAGE,Mana Wraith,0.1538,39
17,MAGE,Mana Wyrm,0.4359,39
17,MAGE,Mind Control Tech,0.0513,39
17,MAGE,Mirror Entity,0.1538,39
17,MAGE,Mirror Image,0.2308,39
17,MAGE,Mogu'shan Warden,0.1795,39
17,MAGE,Molten Giant,0.1538,39
17,MAGE,Mountain Giant,0.0256,39
17,MAGE,Murloc Tidehunter,0.0513,39
17,MAGE,Murloc Warleader,0.0256,39
17,MAGE,Nat Pagle,0.0513,39
17,MAGE,Nightblade,0.2564,39
17,MAGE,Novice Engineer,0.0513,39
17,MAGE,Nozdormu,0.0769,39
17,MAGE,Polymorph,0.5128,39
17,MAGE,Pyroblast,0.3333,39
17,MAGE,Questing Adventurer,0.0256,39
17,MAGE,Ragnaros the Firelord,0.3333,39
17,MAGE,Raid Leader,0.0256,39
17,MAGE,Razorfen Hunter,0.0513,39
17,MAGE,Reckless Rocketeer,0.1538,39
17,MAGE,Scarlet Crusader,0.1538,39
17,MAGE,Secretkeeper,0.1538,39
17,MAGE,Sen'jin Shieldmasta,0.2051,39
17,MAGE,Shade of Naxxramas,0.0256,39
17,MAGE,Shieldbearer,0.0256,39
17,MAGE,Sludge Belcher,0.5128,39
17,MAGE,Sorcerer's Apprentice,0.359,39
17,MAGE,Spectral Knight,0.0256,39
17,MAGE,Spellbender,0.1026,39
17,MAGE,Spiteful Smith,0.0513,39
17,MAGE,Stalagg,0.1538,39
17,MAGE,Stormpike Commando,0.1282,39
17,MAGE,Sunwalker,0.1538,39
17,MAGE,Sylvanas Windrunner,0.1026,39
17,MAGE,Undertaker,0.1026,39
17,MAGE,Unstable Ghoul,0.0513,39
17,MAGE,Vaporize,0.4615,39
17,MAGE,Venture Co. Mercenary,0.1026,39
17,MAGE,Voodoo Doctor,0.0769,39
17,MAGE,Water Elemental,0.1538,39
17,MAGE,Wild Pyromancer,0.0256,39
17,MAGE,Windfury Harpy,0.0256,39
17,MAGE,Wolfrider,0.1026,39
17,MAGE,Worgen Infiltrator,0.0256,39
17,MAGE,Young Dragonhawk,0.0256,39
17,MAGE,Ysera,0.0513,39
17,WARRIOR,Abomination,0.1613,31
17,WARRIOR,Acolyte of Pain,1.0,31
17,WARRIOR,Alexstrasza,0.4516,31
17,WARRIOR,Amani Berserker,0.129,31
17,WARRIOR,Arathi Weaponsmith,0.1613,31
17,WARRIOR,Argent Commander,0.129,31
17,WARRIOR,Armorsmith,0.871,31
17,WARRIOR,Azure Drake,0.1613,31
17,WARRIOR,Baron Geddon,0.2258,31
17,WARRIOR,Battle Rage,0.0968,31
17,WARRIOR,Bluegill Warrior,0.0968,31
17,WARRIOR,Brawl,0.4516,31
17,WARRIOR,Cairne Bloodhoof,0.1935,31
17,WARRIOR,Cleave,0.5806,31
17,WARRIOR,Cruel Taskmaster,0.8387,31
17,WARRIOR,Death's Bite,0.3871,31
17,WARRIOR,Defender of Argus,0.2258,31
17,WARRIOR,Demolisher,0.0323,31
17,WARRIOR,Dread Corsair,0.0968,31
17,WARRIOR,Earthen Ring Farseer,0.0323,31
17,WARRIOR,Elite Tauren Chieftain,0.0323,31
17,WARRIOR,Elven Archer,0.0645,31
17,WARRIOR,Execute,1.0,31
17,WARRIOR,Faceless Manipulator,0.129,31
17,WARRIOR,Fen Creeper,0.0645,31
17,WARRIOR,Feugen,0.0968,31
17,WARRIOR,Fiery War Axe,0.9032,31
17,WARRIOR,Frost Elemental,0.0323,31
17,WARRIOR,Frostwolf Grunt,0.0968,31
17,WARRIOR,Frothing Berserker,0.3548,31
17,WARRIOR,Gorehowl,0.2903,31
17,WARRIOR,Grommash Hellscream,0.6774,31
17,WARRIOR,Harrison Jones,0.2903,31
17,WARRIOR,Harvest Golem,0.1935,31
17,WARRIOR,Haunted Creeper,0.1935,31
17,WARRIOR,Heroic Strike,0.0323,31
17,WARRIOR,Hungry Crab,0.0323,31
17,WARRIOR,Injured Blademaster,0.0968,31
17,WARRIOR,Inner Rage,0.0968,31
17,WARRIOR,Jungle Panther,0.1613,31
17,WARRIOR,Kel'Thuzad,0.0645,31
17,WARRIOR,Knife Juggler,0.0968,31
17,WARRIOR,Kor'kron Elite,0.129,31
17,WARRIOR,Leeroy Jenkins,0.0968,31
17,WARRIOR,Leper Gnome,0.1935,31
17,WARRIOR,Lightwarden,0.1613,31
17,WARRIOR,Loatheb,0.3871,31
17,WARRIOR,Loot Hoarder,0.1935,31
17,WARRIOR,Lord of the Arena,0.0645,31
17,WARRIOR,Lorewalker Cho,0.0645,31
17,WARRIOR,Mad Scientist,0.0968,31
17,WARRIOR,Maexxna,0.0323,31
17,WARRIOR,Mana Addict,0.0323,31
17,WARRIOR,Millhouse Manastorm,0.0645,31
17,WARRIOR,Mogu'shan Warden,0.0323,31
17,WARRIOR,Murloc Warleader,0.0968,31
17,WARRIOR,Nightblade,0.0645,31
17,WARRIOR,Nozdormu,0.0323,31
17,WARRIOR,Pint-Sized Summoner,0.0968,31
17,WARRIOR,Questing Adventurer,0.0323,31
17,WARRIOR,Raging Worgen,0.1935,31
17,WARRIOR,Ragnaros the Firelord,0.5161,31
17,WARRIOR,Reckless Rocketeer,0.0645,31
17,WARRIOR,Sen'jin Shieldmasta,0.1935,31
17,WARRIOR,Shade of Naxxramas,0.129,31
17,WARRIOR,Shield Block,0.871,31
17,WARRIOR,Shield Slam,0.871,31
17,WARRIOR,Slam,0.5806,31
17,WARRIOR,Sludge Belcher,1.0,31
17,WARRIOR,Spectral Knight,0.129,31
17,WARRIOR,Spellbreaker,0.0645,31
17,WARRIOR,Stalagg,0.3871,31
17,WARRIOR,Stormwind Knight,0.0645,31
17,WARRIOR,Sunwalker,0.2258,31
17,WARRIOR,Sylvanas Windrunner,0.5161,31
17,WARRIOR,The Black Knight,0.3548,31
17,WARRIOR,Tinkmaster Overspark,0.1613,31
17,WARRIOR,Undertaker,0.2903,31
17,WARRIOR,Unstable Ghoul,0.7419,31
17,WARRIOR,Upgrade!,0.0323,31
17,WARRIOR,Voodoo Doctor,0.0645,31
17,WARRIOR,Warsong Commander,0.1613,31
17,WARRIOR,Whirlwind,0.3548,31
17,WARRIOR,Wild Pyromancer,0.1613,31
17,WARRIOR,Youthful Brewmaster,0.0323,31
17,WARRIOR,Ysera,0.2903,31
17,WARRIOR,Zombie Chow,0.1935,31
18,HUNTER,Alexstrasza,0.2353,17
18,HUNTER,Ancient Brewmaster,0.2353,17
18,HUNTER,Animal Companion,0.3529,17
18,HUNTER,Arcane Shot,0.1765,17
18,HUNTER,Argent Squire,0.1765,17
18,HUNTER,Baron Geddon,0.2353,17
18,HUNTER,Baron Rivendare,0.2353,17
18,HUNTER,Dancing Swords,0.0588,17
18,HUNTER,Deadly Shot,0.2353,17
18,HUNTER,Deathlord,0.1176,17
18,HUNTER,Dire Wolf Alpha,0.1176,17
18,HUNTER,Eaglehorn Bow,0.5294,17
18,HUNTER,Echoing Ooze,0.1176,17
18,HUNTER,Elven Archer,0.1765,17
18,HUNTER,Explosive Shot,0.4118,17
18,HUNTER,Explosive Trap,0.6471,17
18,HUNTER,Feugen,0.1765,17
18,HUNTER,Flare,0.3529,17
18,HUNTER,Freezing Trap,0.8235,17
18,HUNTER,Frostwolf Grunt,0.1765,17
18,HUNTER,Goldshire Footman,0.1765,17
18,HUNTER,Harvest Golem,0.2353,17
18,HUNTER,Haunted Creeper,0.5882,17
18,HUNTER,Houndmaster,0.5294,17
18,HUNTER,Hungry Crab,0.1176,17
18,HUNTER,Hunter's Mark,0.7647,17
18,HUNTER,Ironfur Grizzly,0.1176,17
18,HUNTER,Kel'Thuzad,0.1765,17
18,HUNTER,Kill Command,0.0588,17
18,HUNTER,King Krush,0.1765,17
18,HUNTER,Knife Juggler,0.0588,17
18,HUNTER,Leeroy Jenkins,0.0588,17
18,HUNTER,Leper Gnome,0.7059,17
18,HUNTER,Loatheb,0.2353,17
18,HUNTER,Loot Hoarder,0.3529,17
18,HUNTER,Mad Scientist,0.8235,17
18,HUNTER,Maexxna,0.2353,17
18,HUNTER,Misdirection,0.4118,17
18,HUNTER,Mogu'shan Warden,0.0588,17
18,HUNTER,Multi-Shot,0.2353,17
18,HUNTER,Murloc Raider,0.1765,17
18,HUNTER,Murloc Tidehunter,0.1765,17
18,HUNTER,Nat Pagle,0.0588,17
18,HUNTER,Nerub'ar Weblord,0.2353,17
18,HUNTER,Nerubian Egg,0.0588,17
18,HUNTER,Novice Engineer,0.1176,17
18,HUNTER,Oasis Snapjaw,0.1765,17
18,HUNTER,Priestess of Elune,0.1176,17
18,HUNTER,Ragnaros the Firelord,0.4118,17
18,HUNTER,Reckless Rocketeer,0.1176,17
18,HUNTER,Savannah Highmane,0.5882,17
18,HUNTER,Scavenging Hyena,0.0588,17
18,HUNTER,Secretkeeper,0.1176,17
18,HUNTER,Shieldbearer,0.2353,17
18,HUNTER,Silver Hand Knight,0.0588,17
18,HUNTER,Sludge Belcher,0.1765,17
18,HUNTER,Snake Trap,0.0588,17
18,HUNTER,Spectral Knight,0.0588,17
18,HUNTER,Stalagg,0.1765,17
18,HUNTER,Starving Buzzard,0.4118,17
18,HUNTER,Stonetusk Boar,0.2353,17
18,HUNTER,Stormwind Champion,0.0588,17
18,HUNTER,Sylvanas Windrunner,0.2353,17
18,HUNTER,Timber Wolf,0.0588,17
18,HUNTER,Undertaker,0.5294,17
18,HUNTER,Unleash the Hounds,0.7647,17
18,HUNTER,Unstable Ghoul,0.3529,17
18,HUNTER,Webspinner,0.5882,17
18,HUNTER,Wisp,0.1765,17
18,HUNTER,Worgen Infiltrator,0.1765,17
18,HUNTER,Young Dragonhawk,0.1765,17
18,HUNTER,Ysera,0.2353,17
18,MAGE,Acidic Swamp Ooze,0.1053,38
18,MAGE,Acolyte of Pain,0.0526,38
18,MAGE,Alarm-o-Bot,0.0526,38
18,MAGE,Alexstrasza,0.1316,38
18,MAGE,Amani Berserker,0.0263,38
18,MAGE,Ancient Mage,0.0263,38
18,MAGE,Arcane Explosion,0.2632,38
18,MAGE,Arcane Intellect,0.6579,38
18,MAGE,Arcane Missiles,0.3947,38
18,MAGE,Archmage Antonidas,0.0526,38
18,MAGE,Argent Commander,0.0263,38
18,MAGE,Azure Drake,0.3947,38
18,MAGE,Baron Rivendare,0.1053,38
18,MAGE,Blizzard,0.5,38
18,MAGE,Blood Knight,0.0526,38
18,MAGE,Bloodmage Thalnos,0.1053,38
18,MAGE,Bloodsail Raider,0.0263,38
18,MAGE,Bluegill Warrior,0.0789,38
18,MAGE,Booty Bay Bodyguard,0.0526,38
18,MAGE,Cairne Bloodhoof,0.2632,38
18,MAGE,Chillwind Yeti,0.0526,38
18,MAGE,Cone of Cold,0.3947,38
18,MAGE,Counterspell,0.7105,38
18,MAGE,Cult Master,0.0526,38
18,MAGE,Dalaran Mage,0.0263,38
18,MAGE,Dancing Swords,0.1316,38
18,MAGE,Dark Iron Dwarf,0.0526,38
18,MAGE,Darkscale Healer,0.1842,38
18,MAGE,Demolisher,0.1579,38
18,MAGE,Doomsayer,0.2895,38
18,MAGE,Duplicate,0.3158,38
18,MAGE,Earthen Ring Farseer,0.0789,38
18,MAGE,Echoing Ooze,0.0526,38
18,MAGE,Elven Archer,0.2895,38
18,MAGE,Ethereal Arcanist,0.2368,38
18,MAGE,Faerie Dragon,0.1316,38
18,MAGE,Feugen,0.1316,38
18,MAGE,Fireball,1.0,38
18,MAGE,Flamestrike,0.7632,38
18,MAGE,Frost Nova,0.5,38
18,MAGE,Frostbolt,0.8684,38
18,MAGE,Frostwolf Grunt,0.0526,38
18,MAGE,Frostwolf Warlord,0.0263,38
18,MAGE,Gadgetzan Auctioneer,0.0263,38
18,MAGE,Gnomish Inventor,0.0263,38
18,MAGE,Harrison Jones,0.0263,38
18,MAGE,Harvest Golem,0.0526,38
18,MAGE,Hungry Crab,0.0526,38
18,MAGE,Ice Barrier,0.6842,38
18,MAGE,Ice Block,0.5,38
18,MAGE,Ice Lance,0.1316,38
18,MAGE,Imp Master,0.0526,38
18,MAGE,Ironfur Grizzly,0.0263,38
18,MAGE,Kirin Tor Mage,0.3684,38
18,MAGE,Kobold Geomancer,0.0526,38
18,MAGE,Leper Gnome,0.1316,38
18,MAGE,Loatheb,0.4211,38
18,MAGE,Loot Hoarder,0.2368,38
18,MAGE,Mad Scientist,0.5526,38
18,MAGE,Maexxna,0.1316,38
18,MAGE,Mana Wraith,0.1842,38
18,MAGE,Mana Wyrm,0.4211,38
18,MAGE,Mind Control Tech,0.0263,38
18,MAGE,Mirror Entity,0.1842,38
18,MAGE,Mirror Image,0.2105,38
18,MAGE,Mogu'shan Warden,0.2105,38
18,MAGE,Molten Giant,0.1579,38
18,MAGE,Mountain Giant,0.0263,38
18,MAGE,Murloc Tidehunter,0.0526,38
18,MAGE,Murloc Warleader,0.0526,38
18,MAGE,Nat Pagle,0.0526,38
18,MAGE,Nerub'ar Weblord,0.0263,38
18,MAGE,Nightblade,0.2895,38
18,MAGE,Novice Engineer,0.0526,38
18,MAGE,Nozdormu,0.1053,38
18,MAGE,Polymorph,0.5263,38
18,MAGE,Pyroblast,0.3158,38
18,MAGE,Questing Adventurer,0.0263,38
18,MAGE,Ragnaros the Firelord,0.3421,38
18,MAGE,Raid Leader,0.0263,38
18,MAGE,Razorfen Hunter,0.0526,38
18,MAGE,Reckless Rocketeer,0.1316,38
18,MAGE,Scarlet Crusader,0.1316,38
18,MAGE,Secretkeeper,0.1579,38
18,MAGE,Sen'jin Shieldmasta,0.1842,38
18,MAGE,Shade of Naxxramas,0.0263,38
18,MAGE,Sludge Belcher,0.5,38
18,MAGE,Sorcerer's Apprentice,0.3421,38
18,MAGE,Spectral Knight,0.0263,38
18,MAGE,Spellbender,0.1053,38
18,MAGE,Spiteful Smith,0.0526,38
18,MAGE,Stalagg,0.2105,38
18,MAGE,Stormpike Commando,0.1316,38
18,MAGE,Stormwind Champion,0.0263,38
18,MAGE,Sunwalker,0.1316,38
18,MAGE,Sylvanas Windrunner,0.1579,38
18,MAGE,Undertaker,0.1316,38
18,MAGE,Unstable Ghoul,0.0789,38
18,MAGE,Vaporize,0.5,38
18,MAGE,Venture Co. Mercenary,0.0789,38
18,MAGE,Voodoo Doctor,0.0789,38
18,MAGE,Water Elemental,0.1316,38
18,MAGE,Windfury Harpy,0.0263,38
18,MAGE,Wisp,0.0263,38
18,MAGE,Wolfrider,0.0789,38
18,MAGE,Worgen Infiltrator,0.0263,38
18,MAGE,Young Dragonhawk,0.0263,38
18,MAGE,Ysera,0.0526,38
18,WARRIOR,Abomination,0.1562,32
18,WARRIOR,Acolyte of Pain,1.0,32
18,WARRIOR,Alexstrasza,0.4375,32
18,WARRIOR,Amani Berserker,0.1562,32
18,WARRIOR,Arathi Weaponsmith,0.1562,32
18,WARRIOR,Argent Commander,0.1562,32
18,WARRIOR,Armorsmith,0.8438,32
18,WARRIOR,Azure Drake,0.1562,32
18,WARRIOR,Baron Geddon,0.2188,32
18,WARRIOR,Battle Rage,0.0938,32
18,WARRIOR,Bloodsail Corsair,0.0312,32
18,WARRIOR,Bluegill Warrior,0.125,32
18,WARRIOR,Brawl,0.4688,32
18,WARRIOR,Cairne Bloodhoof,0.1875,32
18,WARRIOR,Cleave,0.5938,32
18,WARRIOR,Cruel Taskmaster,0.8438,32
18,WARRIOR,Dark Iron Dwarf,0.0312,32
18,WARRIOR,Death's Bite,0.4062,32
18,WARRIOR,Defender of Argus,0.1875,32
18,WARRIOR,Demolisher,0.0312,32
18,WARRIOR,Dread Corsair,0.0625,32
18,WARRIOR,Earthen Ring Farseer,0.0312,32
18,WARRIOR,Elite Tauren Chieftain,0.0312,32
18,WARRIOR,Elven Archer,0.0625,32
18,WARRIOR,Execute,1.0,32
18,WARRIOR,Faceless Manipulator,0.125,32
18,WARRIOR,Fen Creeper,0.0938,32
18,WARRIOR,Feugen,0.125,32
18,WARRIOR,Fiery War Axe,0.9062,32
18,WARRIOR,Frost Elemental,0.0312,32
18,WARRIOR,Frostwolf Grunt,0.0938,32
18,WARRIOR,Frothing Berserker,0.375,32
18,WARRIOR,Gorehowl,0.3125,32
18,WARRIOR,Grommash Hellscream,0.6875,32
18,WARRIOR,Harrison Jones,0.2812,32
18,WARRIOR,Harvest Golem,0.1562,32
18,WARRIOR,Haunted Creeper,0.1562,32
18,WARRIOR,Heroic Strike,0.0312,32
18,WARRIOR,Hungry Crab,0.0312,32
18,WARRIOR,Injured Blademaster,0.0938,32
18,WARRIOR,Inner Rage,0.0938,32
18,WARRIOR,Jungle Panther,0.1562,32
18,WARRIOR,Kel'Thuzad,0.0938,32
18,WARRIOR,Knife Juggler,0.125,32
18,WARRIOR,Kor'kron Elite,0.1562,32
18,WARRIOR,Leeroy Jenkins,0.0938,32
18,WARRIOR,Leper Gnome,0.1562,32
18,WARRIOR,Lightwarden,0.1562,32
18,WARRIOR,Loatheb,0.4062,32
18,WARRIOR,Loot Hoarder,0.1562,32
18,WARRIOR,Lord of the Arena,0.0625,32
18,WARRIOR,Lorewalker Cho,0.0625,32
18,WARRIOR,Mad Scientist,0.0938,32
18,WARRIOR,Maexxna,0.0312,32
18,WARRIOR,Mana Addict,0.0312,32
18,WARRIOR,Millhouse Manastorm,0.0625,32
18,WARRIOR,Mogu'shan Warden,0.0312,32
18,WARRIOR,Murloc Warleader,0.0938,32
18,WARRIOR,Nerub'ar Weblord,0.0312,32
18,WARRIOR,Nightblade,0.0625,32
18,WARRIOR,Nozdormu,0.0312,32
18,WARRIOR,Pint-Sized Summoner,0.125,32
18,WARRIOR,Questing Adventurer,0.0312,32
18,WARRIOR,Raging Worgen,0.2188,32
18,WARRIOR,Ragnaros the Firelord,0.5,32
18,WARRIOR,Reckless Rocketeer,0.0938,32
18,WARRIOR,River Crocolisk,0.0312,32
18,WARRIOR,Sen'jin Shieldmasta,0.2188,32
18,WARRIOR,Shade of Naxxramas,0.1562,32
18,WARRIOR,Shield Block,0.8438,32
18,WARRIOR,Shield Slam,0.8438,32
18,WARRIOR,Slam,0.5625,32
18,WARRIOR,Sludge Belcher,1.0,32
18,WARRIOR,Spectral Knight,0.1562,32
18,WARRIOR,Spellbreaker,0.0938,32
18,WARRIOR,Stalagg,0.3438,32
18,WARRIOR,Stormwind Knight,0.0625,32
18,WARRIOR,Sunwalker,0.1875,32
18,WARRIOR,Sylvanas Windrunner,0.5312,32
18,WARRIOR,The Black Knight,0.3125,32
18,WARRIOR,Tinkmaster Overspark,0.1875,32
18,WARRIOR,Undertaker,0.2812,32
18,WARRIOR,Unstable Ghoul,0.7812,32
18,WARRIOR,Upgrade!,0.0312,32
18,WARRIOR,Voodoo Doctor,0.0938,32
18,WARRIOR,Warsong Commander,0.1562,32
18,WARRIOR,Whirlwind,0.375,32
18,WARRIOR,Wild Pyromancer,0.1562,32
18,WARRIOR,Youthful Brewmaster,0.0312,32
18,WARRIOR,Ysera,0.2812,32
18,WARRIOR,Zombie Chow,0.125,32
19,HUNTER,Alexstrasza,0.2105,19
19,HUNTER,Ancient Brewmaster,0.2105,19
19,HUNTER,Animal Companion,0.3158,19
19,HUNTER,Arcane Shot,0.1579,19
19,HUNTER,Argent Squire,0.1579,19
19,HUNTER,Baron Geddon,0.1579,19
19,HUNTER,Baron Rivendare,0.2105,19
19,HUNTER,Dancing Swords,0.0526,19
19,HUNTER,Deadly Shot,0.2105,19
19,HUNTER,Deathlord,0.1053,19
19,HUNTER,Dire Wolf Alpha,0.1053,19
19,HUNTER,Eaglehorn Bow,0.4737,19
19,HUNTER,Echoing Ooze,0.2105,19
19,HUNTER,Elven Archer,0.1579,19
19,HUNTER,Explosive Shot,0.4211,19
19,HUNTER,Explosive Trap,0.6316,19
19,HUNTER,Feugen,0.2105,19
19,HUNTER,Flare,0.3158,19
19,HUNTER,Freezing Trap,0.8421,19
19,HUNTER,Frostwolf Grunt,0.1579,19
19,HUNTER,Goldshire Footman,0.1579,19
19,HUNTER,Harvest Golem,0.2632,19
19,HUNTER,Haunted Creeper,0.6316,19
19,HUNTER,Houndmaster,0.5789,19
19,HUNTER,Hungry Crab,0.0526,19
19,HUNTER,Hunter's Mark,0.7368,19
19,HUNTER,Ironfur Grizzly,0.1053,19
19,HUNTER,Kel'Thuzad,0.2105,19
19,HUNTER,Kill Command,0.0526,19
19,HUNTER,King Krush,0.2105,19
19,HUNTER,Knife Juggler,0.0526,19
19,HUNTER,Leeroy Jenkins,0.0526,19
19,HUNTER,Leper Gnome,0.7368,19
19,HUNTER,Loatheb,0.2105,19
19,HUNTER,Loot Hoarder,0.3684,19
19,HUNTER,Mad Scientist,0.8421,19
19,HUNTER,Maexxna,0.2105,19
19,HUNTER,Misdirection,0.4211,19
19,HUNTER,Mogu'shan Warden,0.0526,19
19,HUNTER,Multi-Shot,0.2105,19
19,HUNTER,Murloc Raider,0.1579,19
19,HUNTER,Murloc Tidehunter,0.1579,19
19,HUNTER,Nat Pagle,0.0526,19
19,HUNTER,Nerub'ar Weblord,0.2632,19
19,HUNTER,Nerubian Egg,0.0526,19
19,HUNTER,Novice Engineer,0.1053,19
19,HUNTER,Oasis Snapjaw,0.1579,19
19,HUNTER,Priestess of Elune,0.1579,19
19,HUNTER,Ragnaros the Firelord,0.3684,19
19,HUNTER,Reckless Rocketeer,0.1579,19
19,HUNTER,Savannah Highmane,0.6316,19
19,HUNTER,Scavenging Hyena,0.1053,19
19,HUNTER,Secretkeeper,0.1579,19
19,HUNTER,Shieldbearer,0.2105,19
19,HUNTER,Silver Hand Knight,0.0526,19
19,HUNTER,Sludge Belcher,0.2105,19
19,HUNTER,Snake Trap,0.0526,19
19,HUNTER,Spectral Knight,0.0526,19
19,HUNTER,Stalagg,0.2105,19
19,HUNTER,Starving Buzzard,0.4211,19
19,HUNTER,Stonetusk Boar,0.2105,19
19,HUNTER,Stormwind Champion,0.0526,19
19,HUNTER,Sylvanas Windrunner,0.2105,19
19,HUNTER,Timber Wolf,0.0526,19
19,HUNTER,Undertaker,0.6316,19
19,HUNTER,Unleash the Hounds,0.7895,19
19,HUNTER,Unstable Ghoul,0.3684,19
19,HUNTER,Wailing Soul,0.0526,19
19,HUNTER,Webspinner,0.6316,19
19,HUNTER,Wisp,0.1579,19
19,HUNTER,Worgen Infiltrator,0.1579,19
19,HUNTER,Young Dragonhawk,0.1579,19
19,HUNTER,Ysera,0.2105,19
19,HUNTER,Zombie Chow,0.0526,19
19,MAGE,Acidic Swamp Ooze,0.0811,37
19,MAGE,Acolyte of Pain,0.027,37
19,MAGE,Alarm-o-Bot,0.0811,37
19,MAGE,Alexstrasza,0.1081,37
19,MAGE,Ancient Mage,0.027,37
19,MAGE,Arcane Explosion,0.2703,37
19,MAGE,Arcane Intellect,0.6486,37
19,MAGE,Arcane Missiles,0.4054,37
19,MAGE,Archmage Antonidas,0.0541,37
19,MAGE,Azure Drake,0.3784,37
19,MAGE,Baron Rivendare,0.1081,37
19,MAGE,Blizzard,0.4595,37
19,MAGE,Blood Knight,0.0541,37
19,MAGE,Bloodmage Thalnos,0.1081,37
19,MAGE,Bluegill Warrior,0.0811,37
19,MAGE,Booty Bay Bodyguard,0.027,37
19,MAGE,Cairne Bloodhoof,0.2973,37
19,MAGE,Chillwind Yeti,0.027,37
19,MAGE,Cone of Cold,0.3784,37
19,MAGE,Counterspell,0.7297,37
19,MAGE,Cult Master,0.0541,37
19,MAGE,Dalaran Mage,0.027,37
19,MAGE,Dancing Swords,0.1351,37
19,MAGE,Dark Iron Dwarf,0.0541,37
19,MAGE,Darkscale Healer,0.1892,37
19,MAGE,Demolisher,0.1622,37
19,MAGE,Doomsayer,0.2703,37
19,MAGE,Duplicate,0.3243,37
19,MAGE,Earthen Ring Farseer,0.0541,37
19,MAGE,Echoing Ooze,0.0541,37
19,MAGE,Elven Archer,0.2973,37
19,MAGE,Ethereal Arcanist,0.2432,37
19,MAGE,Faerie Dragon,0.1351,37
19,MAGE,Feugen,0.1622,37
19,MAGE,Fireball,1.0,37
19,MAGE,Flamestrike,0.7568,37
19,MAGE,Frost Nova,0.4865,37
19,MAGE,Frostbolt,0.8649,37
19,MAGE,Frostwolf Grunt,0.0541,37
19,MAGE,Frostwolf Warlord,0.027,37
19,MAGE,Gadgetzan Auctioneer,0.027,37
19,MAGE,Gnomish Inventor,0.027,37
19,MAGE,Harrison Jones,0.0541,37
19,MAGE,Harvest Golem,0.0541,37
19,MAGE,Hungry Crab,0.0541,37
19,MAGE,Ice Barrier,0.7027,37
19,MAGE,Ice Block,0.4865,37
19,MAGE,Ice Lance,0.1081,37
19,MAGE,Imp Master,0.0541,37
19,MAGE,Ironfur Grizzly,0.027,37
19,MAGE,Kel'Thuzad,0.027,37
19,MAGE,Kirin Tor Mage,0.3784,37
19,MAGE,Kobold Geomancer,0.0541,37
19,MAGE,Leper Gnome,0.1351,37
19,MAGE,Loatheb,0.4595,37
19,MAGE,Loot Hoarder,0.2432,37
19,MAGE,Mad Scientist,0.5676,37
19,MAGE,Maexxna,0.1351,37
19,MAGE,Mana Wraith,0.1892,37
19,MAGE,Mana Wyrm,0.4054,37
19,MAGE,Mind Control Tech,0.027,37
19,MAGE,Mirror Entity,0.1892,37
19,MAGE,Mirror Image,0.1892,37
19,MAGE,Mogu'shan Warden,0.2162,37
19,MAGE,Molten Giant,0.1892,37
19,MAGE,Mountain Giant,0.027,37
19,MAGE,Murloc Tidehunter,0.027,37
19,MAGE,Murloc Warleader,0.0811,37
19,MAGE,Nat Pagle,0.0541,37
19,MAGE,Nerub'ar Weblord,0.027,37
19,MAGE,Nightblade,0.2973,37
19,MAGE,Novice Engineer,0.0541,37
19,MAGE,Nozdormu,0.1081,37
19,MAGE,Polymorph,0.5405,37
19,MAGE,Pyroblast,0.2973,37
19,MAGE,Questing Adventurer,0.027,37
19,MAGE,Ragnaros the Firelord,0.3784,37
19,MAGE,Raid Leader,0.027,37
19,MAGE,Razorfen Hunter,0.0541,37
19,MAGE,Reckless Rocketeer,0.1351,37
19,MAGE,Scarlet Crusader,0.1351,37
19,MAGE,Secretkeeper,0.1622,37
19,MAGE,Sen'jin Shieldmasta,0.1892,37
19,MAGE,Shade of Naxxramas,0.027,37
19,MAGE,Sludge Belcher,0.5135,37
19,MAGE,Sorcerer's Apprentice,0.3243,37
19,MAGE,Spectral Knight,0.027,37
19,MAGE,Spellbender,0.1081,37
19,MAGE,Spiteful Smith,0.0541,37
19,MAGE,Stalagg,0.1892,37
19,MAGE,Stormpike Commando,0.1351,37
19,MAGE,Stormwind Champion,0.027,37
19,MAGE,Sunwalker,0.1351,37
19,MAGE,Sylvanas Windrunner,0.1622,37
19,MAGE,Undertaker,0.1351,37
19,MAGE,Unstable Ghoul,0.0811,37
19,MAGE,Vaporize,0.5135,37
19,MAGE,Venture Co. Mercenary,0.0811,37
19,MAGE,Voodoo Doctor,0.0811,37
19,MAGE,Water Elemental,0.1351,37
19,MAGE,Windfury Harpy,0.027,37
19,MAGE,Wisp,0.0541,37
19,MAGE,Wolfrider,0.0541,37
19,MAGE,Worgen Infiltrator,0.027,37
19,MAGE,Young Dragonhawk,0.027,37
19,MAGE,Ysera,0.0541,37
19,WARRIOR,Abomination,0.1562,32
19,WARRIOR,Acolyte of Pain,0.9688,32
19,WARRIOR,Alexstrasza,0.4375,32
19,WARRIOR,Amani Berserker,0.125,32
19,WARRIOR,Arathi Weaponsmith,0.1562,32
19,WARRIOR,Argent Commander,0.125,32
19,WARRIOR,Armorsmith,0.875,32
19,WARRIOR,Azure Drake,0.1562,32
19,WARRIOR,Baron Geddon,0.25,32
19,WARRIOR,Battle Rage,0.125,32
19,WARRIOR,Bloodsail Corsair,0.0312,32
19,WARRIOR,Bluegill Warrior,0.0938,32
19,WARRIOR,Brawl,0.5,32
19,WARRIOR,Cairne Bloodhoof,0.1875,32
19,WARRIOR,Cleave,0.625,32
19,WARRIOR,Cruel Taskmaster,0.8125,32
19,WARRIOR,Death's Bite,0.4375,32
19,WARRIOR,Defender of Argus,0.1875,32
19,WARRIOR,Demolisher,0.0312,32
19,WARRIOR,Dread Corsair,0.0625,32
19,WARRIOR,Earthen Ring Farseer,0.0312,32
19,WARRIOR,Elite Tauren Chieftain,0.0312,32
19,WARRIOR,Elven Archer,0.0625,32
19,WARRIOR,Execute,1.0,32
19,WARRIOR,Faceless Manipulator,0.125,32
19,WARRIOR,Fen Creeper,0.0625,32
19,WARRIOR,Feugen,0.125,32
19,WARRIOR,Fiery War Axe,0.9062,32
19,WARRIOR,Frost Elemental,0.0312,32
19,WARRIOR,Frostwolf Grunt,0.0938,32
19,WARRIOR,Frothing Berserker,0.3438,32
19,WARRIOR,Gorehowl,0.3125,32
19,WARRIOR,Grommash Hellscream,0.7188,32
19,WARRIOR,Gurubashi Berserker,0.0312,32
19,WARRIOR,Harrison Jones,0.2812,32
19,WARRIOR,Harvest Golem,0.1562,32
19,WARRIOR,Haunted Creeper,0.1875,32
19,WARRIOR,Heroic Strike,0.0312,32
19,WARRIOR,Hungry Crab,0.0312,32
19,WARRIOR,Injured Blademaster,0.0938,32
19,WARRIOR,Inner Rage,0.0938,32
19,WARRIOR,Jungle Panther,0.1562,32
19,WARRIOR,Kel'Thuzad,0.0938,32
19,WARRIOR,Knife Juggler,0.0938,32
19,WARRIOR,Kor'kron Elite,0.125,32
19,WARRIOR,Leeroy Jenkins,0.125,32
19,WARRIOR,Leper Gnome,0.1562,32
19,WARRIOR,Lightwarden,0.1562,32
19,WARRIOR,Loatheb,0.4062,32
19,WARRIOR,Loot Hoarder,0.1562,32
19,WARRIOR,Lord of the Arena,0.0625,32
19,WARRIOR,Lorewalker Cho,0.0625,32
19,WARRIOR,Mad Scientist,0.125,32
19,WARRIOR,Maexxna,0.0625,32
19,WARRIOR,Mana Addict,0.0312,32
19,WARRIOR,Millhouse Manastorm,0.0625,32
19,WARRIOR,Mogu'shan Warden,0.0312,32
19,WARRIOR,Murloc Warleader,0.0938,32
19,WARRIOR,Nerub'ar Weblord,0.0312,32
19,WARRIOR,Nightblade,0.0625,32
19,WARRIOR,Nozdormu,0.0312,32
19,WARRIOR,Pint-Sized Summoner,0.0938,32
19,WARRIOR,Questing Adventurer,0.0312,32
19,WARRIOR,Raging Worgen,0.1875,32
19,WARRIOR,Ragnaros the Firelord,0.5,32
19,WARRIOR,Reckless Rocketeer,0.0938,32
19,WARRIOR,River Crocolisk,0.0312,32
19,WARRIOR,Sen'jin Shieldmasta,0.1875,32
19,WARRIOR,Shade of Naxxramas,0.125,32
19,WARRIOR,Shield Block,0.875,32
19,WARRIOR,Shield Slam,0.875,32
19,WARRIOR,Slam,0.5938,32
19,WARRIOR,Sludge Belcher,1.0,32
19,WARRIOR,Spectral Knight,0.125,32
19,WARRIOR,Spellbreaker,0.0938,32
19,WARRIOR,Stalagg,0.375,32
19,WARRIOR,Stormwind Knight,0.0625,32
19,WARRIOR,Sunwalker,0.2188,32
19,WARRIOR,Sylvanas Windrunner,0.5312,32
19,WARRIOR,The Black Knight,0.3438,32
19,WARRIOR,Tinkmaster Overspark,0.1562,32
19,WARRIOR,Undertaker,0.25,32
19,WARRIOR,Unstable Ghoul,0.7812,32
19,WARRIOR,Upgrade!,0.0312,32
19,WARRIOR,Voodoo Doctor,0.0625,32
19,WARRIOR,Warsong Commander,0.125,32
19,WARRIOR,Whirlwind,0.375,32
19,WARRIOR,Wild Pyromancer,0.1562,32
19,WARRIOR,Youthful Brewmaster,0.0312,32
19,WARRIOR,Ysera,0.3125,32
19,WARRIOR,Zombie Chow,0.125,32
20,HUNTER,Alexstrasza,0.2105,19
20,HUNTER,Ancient Brewmaster,0.2105,19
20,HUNTER,Animal Companion,0.3158,19
20,HUNTER,Arcane Shot,0.1579,19
20,HUNTER,Argent Squire,0.1579,19
20,HUNTER,Baron Geddon,0.1579,19
20,HUNTER,Baron Rivendare,0.2105,19
20,HUNTER,Dancing Swords,0.0526,19
20,HUNTER,Deadly Shot,0.2105,19
20,HUNTER,Deathlord,0.1053,19
20,HUNTER,Dire Wolf Alpha,0.1053,19
20,HUNTER,Eaglehorn Bow,0.4737,19
20,HUNTER,Echoing Ooze,0.2105,19
20,HUNTER,Elven Archer,0.1579,19
20,HUNTER,Explosive Shot,0.4211,19
20,HUNTER,Explosive Trap,0.6316,19
20,HUNTER,Feugen,0.2105,19
20,HUNTER,Flare,0.3158,19
20,HUNTER,Freezing Trap,0.8421,19
20,HUNTER,Frostwolf Grunt,0.1579,19
20,HUNTER,Goldshire Footman,0.1579,19
20,HUNTER,Harvest Golem,0.2632,19
20,HUNTER,Haunted Creeper,0.6316,19
20,HUNTER,Houndmaster,0.5789,19
20,HUNTER,Hungry Crab,0.0526,19
20,HUNTER,Hunter's Mark,0.7368,19
20,HUNTER,Ironfur Grizzly,0.1053,19
20,HUNTER,Kel'Thuzad,0.2105,19
20,HUNTER,Kill Command,0.0526,19
20,HUNTER,King Krush,0.2105,19
20,HUNTER,Knife Juggler,0.0526,19
20,HUNTER,Leeroy Jenkins,0.0526,19
20,HUNTER,Leper Gnome,0.7368,19
20,HUNTER,Loatheb,0.2105,19
20,HUNTER,Loot Hoarder,0.3684,19
20,HUNTER,Mad Scientist,0.8421,19
20,HUNTER,Maexxna,0.2105,19
20,HUNTER,Misdirection,0.4211,19
20,HUNTER,Mogu'shan Warden,0.0526,19
20,HUNTER,Multi-Shot,0.2105,19
20,HUNTER,Murloc Raider,0.1579,19
20,HUNTER,Murloc Tidehunter,0.1579,19
20,HUNTER,Nat Pagle,0.0526,19
20,HUNTER,Nerub'ar Weblord,0.2632,19
20,HUNTER,Nerubian Egg,0.0526,19
20,HUNTER,Novice Engineer,0.1053,19
20,HUNTER,Oasis Snapjaw,0.1579,19
20,HUNTER,Priestess of Elune,0.1579,19
20,HUNTER,Ragnaros the Firelord,0.3684,19
20,HUNTER,Reckless Rocketeer,0.1579,19
20,HUNTER,Savannah Highmane,0.6316,19
20,HUNTER,Scavenging Hyena,0.1053,19
20,HUNTER,Secretkeeper,0.1579,19
20,HUNTER,Shieldbearer,0.2105,19
20,HUNTER,Silver Hand Knight,0.0526,19
20,HUNTER,Sludge Belcher,0.2105,19
20,HUNTER,Snake Trap,0.0526,19
20,HUNTER,Spectral Knight,0.0526,19
20,HUNTER,Stalagg,0.2105,19
20,HUNTER,Starving Buzzard,0.4211,19
20,HUNTER,Stonetusk Boar,0.2105,19
20,HUNTER,Stormwind Champion,0.0526,19
20,HUNTER,Sylvanas Windrunner,0.2105,19
20,HUNTER,Timber Wolf,0.0526,19
20,HUNTER,Undertaker,0.6316,19
20,HUNTER,Unleash the Hounds,0.7895,19
20,HUNTER,Unstable Ghoul,0.3684,19
20,HUNTER,Wailing Soul,0.0526,19
20,HUNTER,Webspinner,0.6316,19
20,HUNTER,Wisp,0.1579,19
20,HUNTER,Worgen Infiltrator,0.1579,19
20,HUNTER,Young Dragonhawk,0.1579,19
20,HUNTER,Ysera,0.2105,19
20,HUNTER,Zombie Chow,0.0526,19
20,MAGE,Acidic Swamp Ooze,0.0789,38
20,MAGE,Acolyte of Pain,0.0263,38
20,MAGE,Alarm-o-Bot,0.0789,38
20,MAGE,Alexstrasza,0.1316,38
20,MAGE,Ancient Mage,0.0526,38
20,MAGE,Arcane Explosion,0.2632,38
20,MAGE,Arcane Intellect,0.6842,38
20,MAGE,Arcane Missiles,0.3947,38
20,MAGE,Archmage Antonidas,0.0526,38
20,MAGE,Azure Drake,0.3947,38
20,MAGE,Baron Rivendare,0.0789,38
20,MAGE,Blizzard,0.4474,38
20,MAGE,Blood Knight,0.0789,38
20,MAGE,Bloodmage Thalnos,0.0526,38
20,MAGE,Bluegill Warrior,0.0789,38
20,MAGE,Booty Bay Bodyguard,0.0526,38
20,MAGE,Cairne Bloodhoof,0.2895,38
20,MAGE,Chillwind Yeti,0.0526,38
20,MAGE,Cone of Cold,0.3684,38
20,MAGE,Counterspell,0.7368,38
20,MAGE,Cult Master,0.0526,38
20,MAGE,Dalaran Mage,0.0263,38
20,MAGE,Dancing Swords,0.1053,38
20,MAGE,Dark Iron Dwarf,0.0789,38
20,MAGE,Darkscale Healer,0.1842,38
20,MAGE,Demolisher,0.1579,38
20,MAGE,Doomsayer,0.2368,38
20,MAGE,Duplicate,0.3947,38
20,MAGE,Earthen Ring Farseer,0.0526,38
20,MAGE,Echoing Ooze,0.0526,38
20,MAGE,Elven Archer,0.2895,38
20,MAGE,Ethereal Arcanist,0.2895,38
20,MAGE,Faerie Dragon,0.1316,38
20,MAGE,Feugen,0.1579,38
20,MAGE,Fireball,1.0,38
20,MAGE,Flamestrike,0.7895,38
20,MAGE,Frost Nova,0.4474,38
20,MAGE,Frostbolt,0.8947,38
20,MAGE,Frostwolf Grunt,0.0526,38
20,MAGE,Frostwolf Warlord,0.0263,38
20,MAGE,Gadgetzan Auctioneer,0.0263,38
20,MAGE,Gnomish Inventor,0.0263,38
20,MAGE,Harrison Jones,0.0526,38
20,MAGE,Harvest Golem,0.0526,38
20,MAGE,Hungry Crab,0.0526,38
20,MAGE,Ice Barrier,0.7368,38
20,MAGE,Ice Block,0.4474,38
20,MAGE,Ice Lance,0.1053,38
20,MAGE,Imp Master,0.0526,38
20,MAGE,Ironfur Grizzly,0.0263,38
20,MAGE,Kel'Thuzad,0.0263,38
20,MAGE,Kirin Tor Mage,0.3947,38
20,MAGE,Kobold Geomancer,0.0789,38
20,MAGE,Leper Gnome,0.1053,38
20,MAGE,Lightwarden,0.0263,38
20,MAGE,Loatheb,0.4474,38
20,MAGE,Loot Hoarder,0.2368,38
20,MAGE,Mad Scientist,0.6053,38
20,MAGE,Maexxna,0.1316,38
20,MAGE,Mana Addict,0.0263,38
20,MAGE,Mana Wraith,0.1842,38
20,MAGE,Mana Wyrm,0.4211,38
20,MAGE,Mind Control Tech,0.0263,38
20,MAGE,Mirror Entity,0.2105,38
20,MAGE,Mirror Image,0.1842,38
20,MAGE,Mogu'shan Warden,0.2105,38
20,MAGE,Molten Giant,0.1842,38
20,MAGE,Mountain Giant,0.0263,38
20,MAGE,Murloc Tidehunter,0.0263,38
20,MAGE,Murloc Warleader,0.0789,38
20,MAGE,Nat Pagle,0.0526,38
20,MAGE,Nightblade,0.2632,38
20,MAGE,Novice Engineer,0.0526,38
20,MAGE,Nozdormu,0.1053,38
20,MAGE,Polymorph,0.5526,38
20,MAGE,Pyroblast,0.3158,38
20,MAGE,Questing Adventurer,0.0263,38
20,MAGE,Ragnaros the Firelord,0.4211,38
20,MAGE,Raid Leader,0.0263,38
20,MAGE,Razorfen Hunter,0.0526,38
20,MAGE,Reckless Rocketeer,0.1316,38
20,MAGE,Scarlet Crusader,0.1316,38
20,MAGE,Secretkeeper,0.1842,38
20,MAGE,Sen'jin Shieldmasta,0.1842,38
20,MAGE,Shade of Naxxramas,0.0263,38
20,MAGE,Shieldbearer,0.0263,38
20,MAGE,Sludge Belcher,0.5,38
20,MAGE,Sorcerer's Apprentice,0.3158,38
20,MAGE,Spectral Knight,0.0263,38
20,MAGE,Spellbender,0.0789,38
20,MAGE,Spiteful Smith,0.0789,38
20,MAGE,Stalagg,0.1842,38
20,MAGE,Stormpike Commando,0.1053,38
20,MAGE,Stormwind Champion,0.0263,38
20,MAGE,Sunwalker,0.1316,38
20,MAGE,Sylvanas Windrunner,0.1316,38
20,MAGE,Undertaker,0.1053,38
20,MAGE,Unstable Ghoul,0.0526,38
20,MAGE,Vaporize,0.5,38
20,MAGE,Venture Co. Mercenary,0.1053,38
20,MAGE,Voodoo Doctor,0.0789,38
20,MAGE,Water Elemental,0.1316,38
20,MAGE,Windfury Harpy,0.0263,38
20,MAGE,Wisp,0.0526,38
20,MAGE,Wolfrider,0.0526,38
20,MAGE,Worgen Infiltrator,0.0263,38
20,MAGE,Young Dragonhawk,0.0263,38
20,MAGE,Ysera,0.0789,38
20,WARRIOR,Abomination,0.1176,34
20,WARRIOR,Acolyte of Pain,0.9706,34
20,WARRIOR,Alexstrasza,0.3824,34
20,WARRIOR,Amani Berserker,0.1471,34
20,WARRIOR,Arathi Weaponsmith,0.1471,34
20,WARRIOR,Argent Commander,0.1176,34
20,WARRIOR,Armorsmith,0.8824,34
20,WARRIOR,Azure Drake,0.1176,34
20,WARRIOR,Baron Geddon,0.2353,34
20,WARRIOR,Battle Rage,0.1471,34
20,WARRIOR,Bloodsail Corsair,0.0294,34
20,WARRIOR,Bluegill Warrior,0.0882,34
20,WARRIOR,Brawl,0.5588,34
20,WARRIOR,Cairne Bloodhoof,0.1765,34
20,WARRIOR,Cleave,0.6176,34
20,WARRIOR,Coldlight Seer,0.0294,34
20,WARRIOR,Cruel Taskmaster,0.7941,34
20,WARRIOR,Death's Bite,0.4412,34
20,WARRIOR,Defender of Argus,0.2059,34
20,WARRIOR,Demolisher,0.0294,34
20,WARRIOR,Dread Corsair,0.0882,34
20,WARRIOR,Earthen Ring Farseer,0.0294,34
20,WARRIOR,Elite Tauren Chieftain,0.0294,34
20,WARRIOR,Elven Archer,0.0294,34
20,WARRIOR,Execute,1.0,34
20,WARRIOR,Faceless Manipulator,0.1176,34
20,WARRIOR,Fen Creeper,0.0588,34
20,WARRIOR,Feugen,0.1176,34
20,WARRIOR,Fiery War Axe,0.9118,34
20,WARRIOR,Frost Elemental,0.0294,34
20,WARRIOR,Frostwolf Grunt,0.0588,34
20,WARRIOR,Frothing Berserker,0.3529,34
20,WARRIOR,Gorehowl,0.2647,34
20,WARRIOR,Grommash Hellscream,0.7353,34
20,WARRIOR,Gurubashi Berserker,0.0588,34
20,WARRIOR,Harrison Jones,0.2941,34
20,WARRIOR,Harvest Golem,0.1765,34
20,WARRIOR,Haunted Creeper,0.2059,34
20,WARRIOR,Heroic Strike,0.0294,34
20,WARRIOR,Hungry Crab,0.0294,34
20,WARRIOR,Injured Blademaster,0.1176,34
20,WARRIOR,Inner Rage,0.0882,34
20,WARRIOR,Jungle Panther,0.1765,34
20,WARRIOR,Kel'Thuzad,0.0882,34
20,WARRIOR,Knife Juggler,0.0882,34
20,WARRIOR,Kor'kron Elite,0.1176,34
20,WARRIOR,Leeroy Jenkins,0.1471,34
20,WARRIOR,Leper Gnome,0.1765,34
20,WARRIOR,Lightwarden,0.1765,34
20,WARRIOR,Loatheb,0.4118,34
20,WARRIOR,Loot Hoarder,0.1765,34
20,WARRIOR,Lord of the Arena,0.0294,34
20,WARRIOR,Lorewalker Cho,0.0882,34
20,WARRIOR,Mad Scientist,0.1471,34
20,WARRIOR,Maexxna,0.0882,34
20,WARRIOR,Mana Addict,0.0294,34
20,WARRIOR,Millhouse Manastorm,0.0882,34
20,WARRIOR,Mogu'shan Warden,0.0294,34
20,WARRIOR,Murloc Warleader,0.0588,34
20,WARRIOR,Nerub'ar Weblord,0.0294,34
20,WARRIOR,Nightblade,0.0588,34
20,WARRIOR,Nozdormu,0.0294,34
20,WARRIOR,Pint-Sized Summoner,0.0882,34
20,WARRIOR,Questing Adventurer,0.0294,34
20,WARRIOR,Raging Worgen,0.1765,34
20,WARRIOR,Ragnaros the Firelord,0.4706,34
20,WARRIOR,Reckless Rocketeer,0.0882,34
20,WARRIOR,River Crocolisk,0.0294,34
20,WARRIOR,Sen'jin Shieldmasta,0.1765,34
20,WARRIOR,Shade of Naxxramas,0.1176,34
20,WARRIOR,Shield Block,0.8824,34
20,WARRIOR,Shield Slam,0.8824,34
20,WARRIOR,Slam,0.6176,34
20,WARRIOR,Sludge Belcher,1.0,34
20,WARRIOR,Spectral Knight,0.1176,34
20,WARRIOR,Spellbreaker,0.0882,34
20,WARRIOR,Stalagg,0.4118,34
20,WARRIOR,Stormwind Knight,0.0882,34
20,WARRIOR,Sunwalker,0.2941,34
20,WARRIOR,Sylvanas Windrunner,0.5294,34
20,WARRIOR,The Black Knight,0.3235,34
20,WARRIOR,Tinkmaster Overspark,0.1471,34
20,WARRIOR,Undertaker,0.2647,34
20,WARRIOR,Unstable Ghoul,0.7647,34
20,WARRIOR,Upgrade!,0.0294,34
20,WARRIOR,Voodoo Doctor,0.0588,34
20,WARRIOR,Warsong Commander,0.1471,34
20,WARRIOR,Whirlwind,0.3235,34
20,WARRIOR,Wild Pyromancer,0.1176,34
20,WARRIOR,Youthful Brewmaster,0.0294,34
20,WARRIOR,Ysera,0.3235,34
20,WARRIOR,Zombie Chow,0.1471,34
21,HUNTER,Alexstrasza,0.2105,19
21,HUNTER,Ancient Brewmaster,0.2105,19
21,HUNTER,Animal Companion,0.3158,19
21,HUNTER,Arcane Shot,0.1579,19
21,HUNTER,Argent Squire,0.1579,19
21,HUNTER,Baron Geddon,0.1579,19
21,HUNTER,Baron Rivendare,0.2105,19
21,HUNTER,Dancing Swords,0.0526,19
21,HUNTER,Deadly Shot,0.2105,19
21,HUNTER,Deathlord,0.1053,19
21,HUNTER,Dire Wolf Alpha,0.1053,19
21,HUNTER,Eaglehorn Bow,0.4737,19
21,HUNTER,Echoing Ooze,0.2105,19
21,HUNTER,Elven Archer,0.1579,19
21,HUNTER,Explosive Shot,0.4211,19
21,HUNTER,Explosive Trap,0.6316,19
21,HUNTER,Feugen,0.2105,19
21,HUNTER,Flare,0.3158,19
21,HUNTER,Freezing Trap,0.8421,19
21,HUNTER,Frostwolf Grunt,0.1579,19
21,HUNTER,Goldshire Footman,0.1579,19
21,HUNTER,Harvest Golem,0.2632,19
21,HUNTER,Haunted Creeper,0.6316,19
21,HUNTER,Houndmaster,0.5789,19
21,HUNTER,Hungry Crab,0.0526,19
21,HUNTER,Hunter's Mark,0.7368,19
21,HUNTER,Ironfur Grizzly,0.1053,19
21,HUNTER,Kel'Thuzad,0.2105,19
21,HUNTER,Kill Command,0.0526,19
21,HUNTER,King Krush,0.2105,19
21,HUNTER,Knife Juggler,0.0526,19
21,HUNTER,Leeroy Jenkins,0.0526,19
21,HUNTER,Leper Gnome,0.7368,19
21,HUNTER,Loatheb,0.2105,19
21,HUNTER,Loot Hoarder,0.3684,19
21,HUNTER,Mad Scientist,0.8421,19
21,HUNTER,Maexxna,0.2105,19
21,HUNTER,Misdirection,0.4211,19
21,HUNTER,Mogu'shan Warden,0.0526,19
21,HUNTER,Multi-Shot,0.2105,19
21,HUNTER,Murloc Raider,0.1579,19
21,HUNTER,Murloc Tidehunter,0.1579,19
21,HUNTER,Nat Pagle,0.0526,19
21,HUNTER,Nerub'ar Weblord,0.2632,19
21,HUNTER,Nerubian Egg,0.0526,19
21,HUNTER,Novice Engineer,0.1053,19
21,HUNTER,Oasis Snapjaw,0.1579,19
21,HUNTER,Priestess of Elune,0.1579,19
21,HUNTER,Ragnaros the Firelord,0.3684,19
21,HUNTER,Reckless Rocketeer,0.1579,19
21,HUNTER,Savannah Highmane,0.6316,19
21,HUNTER,Scavenging Hyena,0.1053,19
21,HUNTER,Secretkeeper,0.1579,19
21,HUNTER,Shieldbearer,0.2105,19
21,HUNTER,Silver Hand Knight,0.0526,19
21,HUNTER,Sludge Belcher,0.2105,19
21,HUNTER,Snake Trap,0.0526,19
21,HUNTER,Spectral Knight,0.0526,19
21,HUNTER,Stalagg,0.2105,19
21,HUNTER,Starving Buzzard,0.4211,19
21,HUNTER,Stonetusk Boar,0.2105,19
21,HUNTER,Stormwind Champion,0.0526,19
21,HUNTER,Sylvanas Windrunner,0.2105,19
21,HUNTER,Timber Wolf,0.0526,19
21,HUNTER,Undertaker,0.6316,19
21,HUNTER,Unleash the Hounds,0.7895,19
21,HUNTER,Unstable Ghoul,0.3684,19
21,HUNTER,Wailing Soul,0.0526,19
21,HUNTER,Webspinner,0.6316,19
21,HUNTER,Wisp,0.1579,19
21,HUNTER,Worgen Infiltrator,0.1579,19
21,HUNTER,Young Dragonhawk,0.1579,19
21,HUNTER,Ysera,0.2105,19
21,HUNTER,Zombie Chow,0.0526,19
21,MAGE,Acidic Swamp Ooze,0.0789,38
21,MAGE,Acolyte of Pain,0.0263,38
21,MAGE,Alarm-o-Bot,0.0789,38
21,MAGE,Alexstrasza,0.1579,38
21,MAGE,Ancient Mage,0.0789,38
21,MAGE,Arcane Explosion,0.2632,38
21,MAGE,Arcane Intellect,0.6842,38
21,MAGE,Arcane Missiles,0.3684,38
21,MAGE,Archmage Antonidas,0.0526,38
21,MAGE,Azure Drake,0.3684,38
21,MAGE,Baron Rivendare,0.0789,38
21,MAGE,Blizzard,0.4737,38
21,MAGE,Blood Knight,0.0789,38
21,MAGE,Bloodmage Thalnos,0.0526,38
21,MAGE,Bluegill Warrior,0.0789,38
21,MAGE,Booty Bay Bodyguard,0.0789,38
21,MAGE,Boulderfist Ogre,0.0263,38
21,MAGE,Cairne Bloodhoof,0.2895,38
21,MAGE,Chillwind Yeti,0.0526,38
21,MAGE,Cone of Cold,0.3684,38
21,MAGE,Counterspell,0.7632,38
21,MAGE,Cult Master,0.0789,38
21,MAGE,Dalaran Mage,0.0263,38
21,MAGE,Dancing Swords,0.1053,38
21,MAGE,Dark Iron Dwarf,0.0789,38
21,MAGE,Darkscale Healer,0.1842,38
21,MAGE,Demolisher,0.1316,38
21,MAGE,Doomsayer,0.2368,38
21,MAGE,Duplicate,0.4211,38
21,MAGE,Earthen Ring Farseer,0.0526,38
21,MAGE,Echoing Ooze,0.0526,38
21,MAGE,Elven Archer,0.2895,38
21,MAGE,Ethereal Arcanist,0.2895,38
21,MAGE,Faerie Dragon,0.1053,38
21,MAGE,Feugen,0.1579,38
21,MAGE,Fireball,1.0,38
21,MAGE,Flamestrike,0.7632,38
21,MAGE,Frost Nova,0.4474,38
21,MAGE,Frostbolt,0.8947,38
21,MAGE,Frostwolf Grunt,0.0526,38
21,MAGE,Frostwolf Warlord,0.0263,38
21,MAGE,Gadgetzan Auctioneer,0.0263,38
21,MAGE,Gnomish Inventor,0.0263,38
21,MAGE,Harrison Jones,0.0526,38
21,MAGE,Harvest Golem,0.0526,38
21,MAGE,Hungry Crab,0.0263,38
21,MAGE,Ice Barrier,0.7632,38
21,MAGE,Ice Block,0.4474,38
21,MAGE,Ice Lance,0.1053,38
21,MAGE,Imp Master,0.0526,38
21,MAGE,Ironfur Grizzly,0.0263,38
21,MAGE,Kel'Thuzad,0.0263,38
21,MAGE,Kirin Tor Mage,0.3947,38
21,MAGE,Kobold Geomancer,0.0789,38
21,MAGE,Leper Gnome,0.1053,38
21,MAGE,Lightwarden,0.0263,38
21,MAGE,Loatheb,0.4737,38
21,MAGE,Loot Hoarder,0.2632,38
21,MAGE,Mad Scientist,0.6316,38
21,MAGE,Maexxna,0.1053,38
21,MAGE,Mana Addict,0.0263,38
21,MAGE,Mana Wraith,0.1842,38
21,MAGE,Mana Wyrm,0.3947,38
21,MAGE,Mind Control Tech,0.0263,38
21,MAGE,Mirror Entity,0.2105,38
21,MAGE,Mirror Image,0.1579,38
21,MAGE,Mogu'shan Warden,0.2105,38
21,MAGE,Molten Giant,0.2105,38
21,MAGE,Mountain Giant,0.0263,38
21,MAGE,Murloc Tidehunter,0.0263,38
21,MAGE,Murloc Warleader,0.0789,38
21,MAGE,Nat Pagle,0.0263,38
21,MAGE,Nightblade,0.2632,38
21,MAGE,Novice Engineer,0.0526,38
21,MAGE,Nozdormu,0.1053,38
21,MAGE,Polymorph,0.5526,38
21,MAGE,Pyroblast,0.3421,38
21,MAGE,Questing Adventurer,0.0263,38
21,MAGE,Ragnaros the Firelord,0.4474,38
21,MAGE,Raid Leader,0.0263,38
21,MAGE,Razorfen Hunter,0.0526,38
21,MAGE,Reckless Rocketeer,0.1053,38
21,MAGE,Scarlet Crusader,0.1053,38
21,MAGE,Secretkeeper,0.1842,38
21,MAGE,Sen'jin Shieldmasta,0.1579,38
21,MAGE,Shade of Naxxramas,0.0263,38
21,MAGE,Shieldbearer,0.0526,38
21,MAGE,Sludge Belcher,0.5,38
21,MAGE,Sorcerer's Apprentice,0.2895,38
21,MAGE,Spectral Knight,0.0263,38
21,MAGE,Spellbender,0.0789,38
21,MAGE,Spiteful Smith,0.1053,38
21,MAGE,Stalagg,0.1842,38
21,MAGE,Stormpike Commando,0.1053,38
21,MAGE,Stormwind Champion,0.0263,38
21,MAGE,Stranglethorn Tiger,0.0263,38
21,MAGE,Sunwalker,0.1053,38
21,MAGE,Sylvanas Windrunner,0.1316,38
21,MAGE,Undertaker,0.1053,38
21,MAGE,Unstable Ghoul,0.0526,38
21,MAGE,Vaporize,0.5,38
21,MAGE,Venture Co. Mercenary,0.1053,38
21,MAGE,Voodoo Doctor,0.0789,38
21,MAGE,War Golem,0.0263,38
21,MAGE,Water Elemental,0.1053,38
21,MAGE,Windfury Harpy,0.0263,38
21,MAGE,Wisp,0.0526,38
21,MAGE,Wolfrider,0.0526,38
21,MAGE,Worgen Infiltrator,0.0263,38
21,MAGE,Young Dragonhawk,0.0263,38
21,MAGE,Ysera,0.1053,38
21,WARRIOR,Abomination,0.1111,36
21,WARRIOR,Acolyte of Pain,0.9722,36
21,WARRIOR,Alexstrasza,0.3611,36
21,WARRIOR,Amani Berserker,0.1389,36
21,WARRIOR,Arathi Weaponsmith,0.1389,36
21,WARRIOR,Argent Commander,0.1111,36
21,WARRIOR,Armorsmith,0.8889,36
21,WARRIOR,Azure Drake,0.1111,36
21,WARRIOR,Baron Geddon,0.25,36
21,WARRIOR,Battle Rage,0.1667,36
21,WARRIOR,Bloodsail Corsair,0.0278,36
21,WARRIOR,Bluegill Warrior,0.0833,36
21,WARRIOR,Brawl,0.5556,36
21,WARRIOR,Cairne Bloodhoof,0.1667,36
21,WARRIOR,Cleave,0.6111,36
21,WARRIOR,Coldlight Seer,0.0278,36
21,WARRIOR,Cruel Taskmaster,0.7778,36
21,WARRIOR,Death's Bite,0.4444,36
21,WARRIOR,Defender of Argus,0.2222,36
21,WARRIOR,Demolisher,0.0278,36
21,WARRIOR,Dread Corsair,0.1111,36
21,WARRIOR,Earthen Ring Farseer,0.0278,36
21,WARRIOR,Elite Tauren Chieftain,0.0278,36
21,WARRIOR,Elven Archer,0.0278,36
21,WARRIOR,Execute,1.0,36
21,WARRIOR,Faceless Manipulator,0.1111,36
21,WARRIOR,Fen Creeper,0.0556,36
21,WARRIOR,Feugen,0.1111,36
21,WARRIOR,Fiery War Axe,0.8889,36
21,WARRIOR,Frost Elemental,0.0278,36
21,WARRIOR,Frostwolf Grunt,0.0556,36
21,WARRIOR,Frothing Berserker,0.3333,36
21,WARRIOR,Gorehowl,0.25,36
21,WARRIOR,Grommash Hellscream,0.6944,36
21,WARRIOR,Gurubashi Berserker,0.0556,36
21,WARRIOR,Harrison Jones,0.2778,36
21,WARRIOR,Harvest Golem,0.1944,36
21,WARRIOR,Haunted Creeper,0.25,36
21,WARRIOR,Heroic Strike,0.0278,36
21,WARRIOR,Hungry Crab,0.0278,36
21,WARRIOR,Injured Blademaster,0.1111,36
21,WARRIOR,Inner Rage,0.0833,36
21,WARRIOR,Jungle Panther,0.1667,36
21,WARRIOR,Kel'Thuzad,0.0833,36
21,WARRIOR,Knife Juggler,0.0833,36
21,WARRIOR,Kor'kron Elite,0.1111,36
21,WARRIOR,Leeroy Jenkins,0.1667,36
21,WARRIOR,Leper Gnome,0.1944,36
21,WARRIOR,Lightwarden,0.1667,36
21,WARRIOR,Loatheb,0.4167,36
21,WARRIOR,Loot Hoarder,0.1944,36
21,WARRIOR,Lord of the Arena,0.0278,36
21,WARRIOR,Lorewalker Cho,0.0833,36
21,WARRIOR,Mad Scientist,0.1667,36
21,WARRIOR,Maexxna,0.1111,36
21,WARRIOR,Mana Addict,0.0278,36
21,WARRIOR,Millhouse Manastorm,0.1111,36
21,WARRIOR,Mogu'shan Warden,0.0278,36
21,WARRIOR,Murloc Warleader,0.0556,36
21,WARRIOR,Nerub'ar Weblord,0.0278,36
21,WARRIOR,Nightblade,0.0556,36
21,WARRIOR,Nozdormu,0.0278,36
21,WARRIOR,Pint-Sized Summoner,0.0833,36
21,WARRIOR,Questing Adventurer,0.0278,36
21,WARRIOR,Raging Worgen,0.1667,36
21,WARRIOR,Ragnaros the Firelord,0.4444,36
21,WARRIOR,Reckless Rocketeer,0.0833,36
21,WARRIOR,River Crocolisk,0.0278,36
21,WARRIOR,Sen'jin Shieldmasta,0.1667,36
21,WARRIOR,Shade of Naxxramas,0.1111,36
21,WARRIOR,Shield Block,0.8889,36
21,WARRIOR,Shield Slam,0.8889,36
21,WARRIOR,Slam,0.6111,36
21,WARRIOR,Sludge Belcher,1.0,36
21,WARRIOR,Spectral Knight,0.1111,36
21,WARRIOR,Spellbreaker,0.0833,36
21,WARRIOR,Stalagg,0.4444,36
21,WARRIOR,Stormwind Knight,0.0833,36
21,WARRIOR,Sunwalker,0.3333,36
21,WARRIOR,Sylvanas Windrunner,0.5278,36
21,WARRIOR,The Black Knight,0.3333,36
21,WARRIOR,Tinkmaster Overspark,0.1389,36
21,WARRIOR,Undertaker,0.2778,36
21,WARRIOR,Unstable Ghoul,0.75,36
21,WARRIOR,Upgrade!,0.0278,36
21,WARRIOR,Venture Co. Mercenary,0.0278,36
21,WARRIOR,Voodoo Doctor,0.0556,36
21,WARRIOR,Warsong Commander,0.1389,36
21,WARRIOR,Whirlwind,0.3056,36
21,WARRIOR,Wild Pyromancer,0.1111,36
21,WARRIOR,Youthful Brewmaster,0.0278,36
21,WARRIOR,Ysera,0.3333,36
21,WARRIOR,Zombie Chow,0.1667,36
22,HUNTER,Alexstrasza,0.2,20
22,HUNTER,Ancient Brewmaster,0.2,20
22,HUNTER,Animal Companion,0.3,20
22,HUNTER,Arcane Shot,0.15,20
22,HUNTER,Argent Squire,0.15,20
22,HUNTER,Baron Geddon,0.15,20
22,HUNTER,Baron Rivendare,0.2,20
22,HUNTER,Dancing Swords,0.05,20
22,HUNTER,Deadly Shot,0.2,20
22,HUNTER,Deathlord,0.1,20
22,HUNTER,Dire Wolf Alpha,0.1,20
22,HUNTER,Eaglehorn Bow,0.45,20
22,HUNTER,Echoing Ooze,0.3,20
22,HUNTER,Elven Archer,0.15,20
22,HUNTER,Explosive Shot,0.35,20
22,HUNTER,Explosive Trap,0.7,20
22,HUNTER,Feugen,0.15,20
22,HUNTER,Flare,0.3,20
22,HUNTER,Freezing Trap,0.85,20
22,HUNTER,Frostwolf Grunt,0.15,20
22,HUNTER,Goldshire Footman,0.15,20
22,HUNTER,Harvest Golem,0.35,20
22,HUNTER,Haunted Creeper,0.65,20
22,HUNTER,Houndmaster,0.6,20
22,HUNTER,Hungry Crab,0.05,20
22,HUNTER,Hunter's Mark,0.8,20
22,HUNTER,Ironfur Grizzly,0.1,20
22,HUNTER,Kel'Thuzad,0.15,20
22,HUNTER,Kill Command,0.05,20
22,HUNTER,King Krush,0.15,20
22,HUNTER,Knife Juggler,0.05,20
22,HUNTER,Leeroy Jenkins,0.05,20
22,HUNTER,Leper Gnome,0.75,20
22,HUNTER,Loatheb,0.25,20
22,HUNTER,Loot Hoarder,0.45,20
22,HUNTER,Mad Scientist,0.85,20
22,HUNTER,Maexxna,0.2,20
22,HUNTER,Misdirection,0.45,20
22,HUNTER,Mogu'shan Warden,0.05,20
22,HUNTER,Multi-Shot,0.25,20
22,HUNTER,Murloc Raider,0.15,20
22,HUNTER,Murloc Tidehunter,0.15,20
22,HUNTER,Nat Pagle,0.05,20
22,HUNTER,Nerub'ar Weblord,0.3,20
22,HUNTER,Nerubian Egg,0.05,20
22,HUNTER,Novice Engineer,0.1,20
22,HUNTER,Oasis Snapjaw,0.2,20
22,HUNTER,Priestess of Elune,0.1,20
22,HUNTER,Raging Worgen,0.05,20
22,HUNTER,Ragnaros the Firelord,0.35,20
22,HUNTER,Reckless Rocketeer,0.1,20
22,HUNTER,Savannah Highmane,0.65,20
22,HUNTER,Scavenging Hyena,0.05,20
22,HUNTER,Secretkeeper,0.25,20
22,HUNTER,Shieldbearer,0.2,20
22,HUNTER,Silver Hand Knight,0.05,20
22,HUNTER,Sludge Belcher,0.15,20
22,HUNTER,Snake Trap,0.05,20
22,HUNTER,Spectral Knight,0.05,20
22,HUNTER,Stalagg,0.15,20
22,HUNTER,Starving Buzzard,0.35,20
22,HUNTER,Stonetusk Boar,0.2,20
22,HUNTER,Stormwind Champion,0.05,20
22,HUNTER,Stranglethorn Tiger,0.05,20
22,HUNTER,Sylvanas Windrunner,0.2,20
22,HUNTER,Timber Wolf,0.05,20
22,HUNTER,Undertaker,0.65,20
22,HUNTER,Unleash the Hounds,0.8,20
22,HUNTER,Unstable Ghoul,0.45,20
22,HUNTER,Wailing Soul,0.05,20
22,HUNTER,Webspinner,0.65,20
22,HUNTER,Wisp,0.15,20
22,HUNTER,Worgen Infiltrator,0.15,20
22,HUNTER,Young Dragonhawk,0.15,20
22,HUNTER,Ysera,0.2,20
22,MAGE,Acidic Swamp Ooze,0.0789,38
22,MAGE,Acolyte of Pain,0.0263,38
22,MAGE,Alarm-o-Bot,0.0789,38
22,MAGE,Alexstrasza,0.1316,38
22,MAGE,Ancient Mage,0.0526,38
22,MAGE,Arcane Explosion,0.2368,38
22,MAGE,Arcane Intellect,0.6842,38
22,MAGE,Arcane Missiles,0.3421,38
22,MAGE,Archmage Antonidas,0.0526,38
22,MAGE,Azure Drake,0.3947,38
22,MAGE,Baron Rivendare,0.0789,38
22,MAGE,Blizzard,0.4474,38
22,MAGE,Blood Knight,0.0789,38
22,MAGE,Bloodmage Thalnos,0.0526,38
22,MAGE,Bluegill Warrior,0.0789,38
22,MAGE,Booty Bay Bodyguard,0.0789,38
22,MAGE,Boulderfist Ogre,0.0263,38
22,MAGE,Cairne Bloodhoof,0.2895,38
22,MAGE,Chillwind Yeti,0.0526,38
22,MAGE,Cone of Cold,0.3421,38
22,MAGE,Counterspell,0.7895,38
22,MAGE,Cult Master,0.0526,38
22,MAGE,Dalaran Mage,0.0263,38
22,MAGE,Dancing Swords,0.1053,38
22,MAGE,Dark Iron Dwarf,0.0789,38
22,MAGE,Darkscale Healer,0.1842,38
22,MAGE,Demolisher,0.1316,38
22,MAGE,Doomsayer,0.2105,38
22,MAGE,Duplicate,0.4211,38
22,MAGE,Earthen Ring Farseer,0.0526,38
22,MAGE,Echoing Ooze,0.0526,38
22,MAGE,Elven Archer,0.2895,38
22,MAGE,Ethereal Arcanist,0.3158,38
22,MAGE,Faerie Dragon,0.1053,38
22,MAGE,Feugen,0.1579,38
22,MAGE,Fireball,1.0,38
22,MAGE,Flamestrike,0.7632,38
22,MAGE,Frost Nova,0.4211,38
22,MAGE,Frostbolt,0.8947,38
22,MAGE,Frostwolf Grunt,0.0526,38
22,MAGE,Frostwolf Warlord,0.0263,38
22,MAGE,Gadgetzan Auctioneer,0.0263,38
22,MAGE,Gnomish Inventor,0.0263,38
22,MAGE,Grimscale Oracle,0.0263,38
22,MAGE,Harrison Jones,0.0526,38
22,MAGE,Harvest Golem,0.0526,38
22,MAGE,Hungry Crab,0.0263,38
22,MAGE,Ice Barrier,0.7632,38
22,MAGE,Ice Block,0.4211,38
22,MAGE,Ice Lance,0.0789,38
22,MAGE,Imp Master,0.0263,38
22,MAGE,Ironfur Grizzly,0.0263,38
22,MAGE,Kel'Thuzad,0.0263,38
22,MAGE,Kirin Tor Mage,0.4211,38
22,MAGE,Kobold Geomancer,0.0789,38
22,MAGE,Leper Gnome,0.1053,38
22,MAGE,Lightwarden,0.0263,38
22,MAGE,Loatheb,0.5,38
22,MAGE,Loot Hoarder,0.2632,38
22,MAGE,Mad Scientist,0.6316,38
22,MAGE,Maexxna,0.1053,38
22,MAGE,Mana Addict,0.0263,38
22,MAGE,Mana Wraith,0.2105,38
22,MAGE,Mana Wyrm,0.4211,38
22,MAGE,Mind Control Tech,0.0263,38
22,MAGE,Mirror Entity,0.2105,38
22,MAGE,Mirror Image,0.1579,38
22,MAGE,Mogu'shan Warden,0.2105,38
22,MAGE,Molten Giant,0.2105,38
22,MAGE,Mountain Giant,0.0263,38
22,MAGE,Murloc Tidehunter,0.0263,38
22,MAGE,Murloc Warleader,0.1053,38
22,MAGE,Nat Pagle,0.0263,38
22,MAGE,Nightblade,0.2632,38
22,MAGE,Novice Engineer,0.0526,38
22,MAGE,Nozdormu,0.1053,38
22,MAGE,Polymorph,0.5526,38
22,MAGE,Pyroblast,0.3158,38
22,MAGE,Questing Adventurer,0.0263,38
22,MAGE,Ragnaros the Firelord,0.4737,38
22,MAGE,Raid Leader,0.0263,38
22,MAGE,Razorfen Hunter,0.0526,38
22,MAGE,Reckless Rocketeer,0.1053,38
22,MAGE,Scarlet Crusader,0.1053,38
22,MAGE,Secretkeeper,0.2105,38
22,MAGE,Sen'jin Shieldmasta,0.1316,38
22,MAGE,Shade of Naxxramas,0.0263,38
22,MAGE,Shieldbearer,0.0526,38
22,MAGE,Sludge Belcher,0.5263,38
22,MAGE,Sorcerer's Apprentice,0.2895,38
22,MAGE,Spectral Knight,0.0263,38
22,MAGE,Spellbender,0.0789,38
22,MAGE,Spiteful Smith,0.1053,38
22,MAGE,Stalagg,0.1842,38
22,MAGE,Stormpike Commando,0.1053,38
22,MAGE,Stormwind Champion,0.0263,38
22,MAGE,Sunwalker,0.1053,38
22,MAGE,Sylvanas Windrunner,0.1316,38
22,MAGE,Undertaker,0.1053,38
22,MAGE,Unstable Ghoul,0.0526,38
22,MAGE,Vaporize,0.5263,38
22,MAGE,Venture Co. Mercenary,0.1316,38
22,MAGE,Voodoo Doctor,0.0789,38
22,MAGE,War Golem,0.0263,38
22,MAGE,Water Elemental,0.1053,38
22,MAGE,Windfury Harpy,0.0263,38
22,MAGE,Wisp,0.0526,38
22,MAGE,Wolfrider,0.0526,38
22,MAGE,Worgen Infiltrator,0.0263,38
22,MAGE,Young Dragonhawk,0.0263,38
22,MAGE,Ysera,0.1053,38
22,WARRIOR,Abomination,0.1111,36
22,WARRIOR,Acolyte of Pain,0.9722,36
22,WARRIOR,Alexstrasza,0.3611,36
22,WARRIOR,Amani Berserker,0.1389,36
22,WARRIOR,Arathi Weaponsmith,0.1389,36
22,WARRIOR,Argent Commander,0.1111,36
22,WARRIOR,Armorsmith,0.8889,36
22,WARRIOR,Azure Drake,0.1111,36
22,WARRIOR,Baron Geddon,0.25,36
22,WARRIOR,Battle Rage,0.1667,36
22,WARRIOR,Bloodsail Corsair,0.0278,36
22,WARRIOR,Bluegill Warrior,0.0833,36
22,WARRIOR,Brawl,0.5556,36
22,WARRIOR,Cairne Bloodhoof,0.1667,36
22,WARRIOR,Cleave,0.6111,36
22,WARRIOR,Coldlight Seer,0.0278,36
22,WARRIOR,Cruel Taskmaster,0.7778,36
22,WARRIOR,Death's Bite,0.4444,36
22,WARRIOR,Defender of Argus,0.2222,36
22,WARRIOR,Demolisher,0.0278,36
22,WARRIOR,Dread Corsair,0.0833,36
22,WARRIOR,Earthen Ring Farseer,0.0278,36
22,WARRIOR,Elven Archer,0.0278,36
22,WARRIOR,Execute,1.0,36
22,WARRIOR,Faceless Manipulator,0.1111,36
22,WARRIOR,Fen Creeper,0.0556,36
22,WARRIOR,Feugen,0.1111,36
22,WARRIOR,Fiery War Axe,0.8889,36
22,WARRIOR,Frost Elemental,0.0278,36
22,WARRIOR,Frostwolf Grunt,0.0556,36
22,WARRIOR,Frothing Berserker,0.3333,36
22,WARRIOR,Goldshire Footman,0.0278,36
22,WARRIOR,Gorehowl,0.25,36
22,WARRIOR,Grommash Hellscream,0.6944,36
22,WARRIOR,Gurubashi Berserker,0.0556,36
22,WARRIOR,Harrison Jones,0.2778,36
22,WARRIOR,Harvest Golem,0.1944,36
22,WARRIOR,Haunted Creeper,0.25,36
22,WARRIOR,Heroic Strike,0.0278,36
22,WARRIOR,Hungry Crab,0.0556,36
22,WARRIOR,Injured Blademaster,0.1111,36
22,WARRIOR,Inner Rage,0.1111,36
22,WARRIOR,Jungle Panther,0.1667,36
22,WARRIOR,Kel'Thuzad,0.0833,36
22,WARRIOR,Knife Juggler,0.0833,36
22,WARRIOR,Kor'kron Elite,0.1111,36
22,WARRIOR,Leeroy Jenkins,0.1667,36
22,WARRIOR,Leper Gnome,0.1944,36
22,WARRIOR,Lightwarden,0.1667,36
22,WARRIOR,Loatheb,0.4167,36
22,WARRIOR,Loot Hoarder,0.1944,36
22,WARRIOR,Lord of the Arena,0.0278,36
22,WARRIOR,Lorewalker Cho,0.0833,36
22,WARRIOR,Mad Scientist,0.1667,36
22,WARRIOR,Maexxna,0.1111,36
22,WARRIOR,Mana Addict,0.0278,36
22,WARRIOR,Millhouse Manastorm,0.0833,36
22,WARRIOR,Murloc Warleader,0.0556,36
22,WARRIOR,Nerub'ar Weblord,0.0278,36
22,WARRIOR,Nightblade,0.0556,36
22,WARRIOR,Nozdormu,0.0278,36
22,WARRIOR,Pint-Sized Summoner,0.0833,36
22,WARRIOR,Questing Adventurer,0.0278,36
22,WARRIOR,Raging Worgen,0.1667,36
22,WARRIOR,Ragnaros the Firelord,0.4444,36
22,WARRIOR,Reckless Rocketeer,0.0833,36
22,WARRIOR,River Crocolisk,0.0278,36
22,WARRIOR,Sen'jin Shieldmasta,0.1667,36
22,WARRIOR,Shade of Naxxramas,0.1111,36
22,WARRIOR,Shield Block,0.8889,36
22,WARRIOR,Shield Slam,0.8889,36
22,WARRIOR,Slam,0.6111,36
22,WARRIOR,Sludge Belcher,1.0,36
22,WARRIOR,Spectral Knight,0.1111,36
22,WARRIOR,Spellbreaker,0.0833,36
22,WARRIOR,Stalagg,0.4444,36
22,WARRIOR,Stormwind Knight,0.0833,36
22,WARRIOR,Sunwalker,0.3056,36
22,WARRIOR,Sylvanas Windrunner,0.5278,36
22,WARRIOR,The Black Knight,0.3333,36
22,WARRIOR,Tinkmaster Overspark,0.1667,36
22,WARRIOR,Undertaker,0.2778,36
22,WARRIOR,Unstable Ghoul,0.75,36
22,WARRIOR,Upgrade!,0.0278,36
22,WARRIOR,Venture Co. Mercenary,0.0278,36
22,WARRIOR,Voodoo Doctor,0.0556,36
22,WARRIOR,Warsong Commander,0.1389,36
22,WARRIOR,Whirlwind,0.3056,36
22,WARRIOR,Wild Pyromancer,0.1111,36
22,WARRIOR,Youthful Brewmaster,0.0278,36
22,WARRIOR,Ysera,0.3333,36
22,WARRIOR,Zombie Chow,0.1389,36
23,HUNTER,Alexstrasza,0.2381,21
23,HUNTER,Ancient Brewmaster,0.2381,21
23,HUNTER,Animal Companion,0.3333,21
23,HUNTER,Arcane Shot,0.1429,21
23,HUNTER,Argent Squire,0.1429,21
23,HUNTER,Baron Geddon,0.1905,21
23,HUNTER,Baron Rivendare,0.1905,21
23,HUNTER,Dancing Swords,0.0476,21
23,HUNTER,Deadly Shot,0.2381,21
23,HUNTER,Deathlord,0.0952,21
23,HUNTER,Dire Wolf Alpha,0.0952,21
23,HUNTER,Eaglehorn Bow,0.4762,21
23,HUNTER,Echoing Ooze,0.2857,21
23,HUNTER,Elven Archer,0.1429,21
23,HUNTER,Explosive Shot,0.381,21
23,HUNTER,Explosive Trap,0.7143,21
23,HUNTER,Feugen,0.1429,21
23,HUNTER,Flare,0.3333,21
23,HUNTER,Freezing Trap,0.8571,21
23,HUNTER,Frostwolf Grunt,0.1429,21
23,HUNTER,Goldshire Footman,0.1429,21
23,HUNTER,Harvest Golem,0.3333,21
23,HUNTER,Haunted Creeper,0.619,21
23,HUNTER,Houndmaster,0.5714,21
23,HUNTER,Hungry Crab,0.0476,21
23,HUNTER,Hunter's Mark,0.8095,21
23,HUNTER,Ironfur Grizzly,0.0952,21
23,HUNTER,Kel'Thuzad,0.1429,21
23,HUNTER,Kill Command,0.0476,21
23,HUNTER,King Krush,0.1429,21
23,HUNTER,Knife Juggler,0.0476,21
23,HUNTER,Leeroy Jenkins,0.0476,21
23,HUNTER,Leper Gnome,0.7143,21
23,HUNTER,Loatheb,0.2857,21
23,HUNTER,Loot Hoarder,0.4286,21
23,HUNTER,Mad Scientist,0.8571,21
23,HUNTER,Maexxna,0.2381,21
23,HUNTER,Millhouse Manastorm,0.0476,21
23,HUNTER,Misdirection,0.4762,21
23,HUNTER,Mogu'shan Warden,0.0476,21
23,HUNTER,Multi-Shot,0.2857,21
23,HUNTER,Murloc Raider,0.1429,21
23,HUNTER,Murloc Tidehunter,0.1429,21
23,HUNTER,Nat Pagle,0.0476,21
23,HUNTER,Nerub'ar Weblord,0.3333,21
23,HUNTER,Nerubian Egg,0.0476,21
23,HUNTER,Novice Engineer,0.0952,21
23,HUNTER,Oasis Snapjaw,0.1905,21
23,HUNTER,Priestess of Elune,0.0952,21
23,HUNTER,Raging Worgen,0.0476,21
23,HUNTER,Ragnaros the Firelord,0.381,21
23,HUNTER,Ravenholdt Assassin,0.0476,21
23,HUNTER,Reckless Rocketeer,0.0952,21
23,HUNTER,Savannah Highmane,0.619,21
23,HUNTER,Scavenging Hyena,0.0476,21
23,HUNTER,Secretkeeper,0.2381,21
23,HUNTER,Shieldbearer,0.1905,21
23,HUNTER,Silver Hand Knight,0.0476,21
23,HUNTER,Sludge Belcher,0.1429,21
23,HUNTER,Snake Trap,0.0476,21
23,HUNTER,Spectral Knight,0.0476,21
23,HUNTER,Stalagg,0.1429,21
23,HUNTER,Starving Buzzard,0.3333,21
23,HUNTER,Stonetusk Boar,0.1905,21
23,HUNTER,Stormwind Champion,0.0476,21
23,HUNTER,Stranglethorn Tiger,0.0476,21
23,HUNTER,Sylvanas Windrunner,0.2381,21
23,HUNTER,Timber Wolf,0.0476,21
23,HUNTER,Undertaker,0.619,21
23,HUNTER,Unleash the Hounds,0.7619,21
23,HUNTER,Unstable Ghoul,0.4762,21
23,HUNTER,Wailing Soul,0.0476,21
23,HUNTER,Webspinner,0.619,21
23,HUNTER,Wisp,0.1429,21
23,HUNTER,Worgen Infiltrator,0.1429,21
23,HUNTER,Young Dragonhawk,0.1429,21
23,HUNTER,Ysera,0.2381,21
23,MAGE,Acidic Swamp Ooze,0.0769,39
23,MAGE,Acolyte of Pain,0.0256,39
23,MAGE,Alarm-o-Bot,0.1026,39
23,MAGE,Alexstrasza,0.1026,39
23,MAGE,Ancient Mage,0.0256,39
23,MAGE,Arcane Explosion,0.2051,39
23,MAGE,Arcane Intellect,0.6923,39
23,MAGE,Arcane Missiles,0.3077,39
23,MAGE,Archmage Antonidas,0.0513,39
23,MAGE,Azure Drake,0.3846,39
23,MAGE,Baron Rivendare,0.0769,39
23,MAGE,Blizzard,0.4359,39
23,MAGE,Blood Knight,0.0769,39
23,MAGE,Bloodmage Thalnos,0.0513,39
23,MAGE,Bluegill Warrior,0.1026,39
23,MAGE,Booty Bay Bodyguard,0.0769,39
23,MAGE,Boulderfist Ogre,0.0256,39
23,MAGE,Cairne Bloodhoof,0.3077,39
23,MAGE,Chillwind Yeti,0.0513,39
23,MAGE,Cone of Cold,0.3333,39
23,MAGE,Counterspell,0.8205,39
23,MAGE,Cult Master,0.0513,39
23,MAGE,Dalaran Mage,0.0513,39
23,MAGE,Dancing Swords,0.1026,39
23,MAGE,Dark Iron Dwarf,0.0769,39
23,MAGE,Darkscale Healer,0.1795,39
23,MAGE,Demolisher,0.1282,39
23,MAGE,Doomsayer,0.2051,39
23,MAGE,Duplicate,0.3846,39
23,MAGE,Earthen Ring Farseer,0.0513,39
23,MAGE,Echoing Ooze,0.0513,39
23,MAGE,Elven Archer,0.2821,39
23,MAGE,Ethereal Arcanist,0.3333,39
23,MAGE,Faerie Dragon,0.1026,39
23,MAGE,Feugen,0.1538,39
23,MAGE,Fireball,1.0,39
23,MAGE,Flamestrike,0.7436,39
23,MAGE,Frost Nova,0.4103,39
23,MAGE,Frostbolt,0.8974,39
23,MAGE,Frostwolf Grunt,0.0513,39
23,MAGE,Frostwolf Warlord,0.0256,39
23,MAGE,Gadgetzan Auctioneer,0.0256,39
23,MAGE,Gnomish Inventor,0.0256,39
23,MAGE,Grimscale Oracle,0.0256,39
23,MAGE,Harrison Jones,0.0513,39
23,MAGE,Harvest Golem,0.0513,39
23,MAGE,Hungry Crab,0.0256,39
23,MAGE,Ice Barrier,0.7692,39
23,MAGE,Ice Block,0.4359,39
23,MAGE,Ice Lance,0.0513,39
23,MAGE,Ironfur Grizzly,0.0256,39
23,MAGE,Kel'Thuzad,0.0256,39
23,MAGE,Kirin Tor Mage,0.4359,39
23,MAGE,Kobold Geomancer,0.0769,39
23,MAGE,Leper Gnome,0.1026,39
23,MAGE,Lightwarden,0.0256,39
23,MAGE,Loatheb,0.5385,39
23,MAGE,Loot Hoarder,0.2821,39
23,MAGE,Mad Scientist,0.641,39
23,MAGE,Maexxna,0.1026,39
23,MAGE,Mana Addict,0.0513,39
23,MAGE,Mana Wraith,0.2051,39
23,MAGE,Mana Wyrm,0.4103,39
23,MAGE,Mind Control Tech,0.0256,39
23,MAGE,Mirror Entity,0.2308,39
23,MAGE,Mirror Image,0.1538,39
23,MAGE,Mogu'shan Warden,0.2308,39
23,MAGE,Molten Giant,0.2308,39
23,MAGE,Mountain Giant,0.0256,39
23,MAGE,Murloc Tidehunter,0.0256,39
23,MAGE,Murloc Warleader,0.1026,39
23,MAGE,Nat Pagle,0.0256,39
23,MAGE,Nightblade,0.2821,39
23,MAGE,Novice Engineer,0.0513,39
23,MAGE,Nozdormu,0.1026,39
23,MAGE,Polymorph,0.5897,39
23,MAGE,Pyroblast,0.2821,39
23,MAGE,Questing Adventurer,0.0256,39
23,MAGE,Ragnaros the Firelord,0.4872,39
23,MAGE,Raid Leader,0.0256,39
23,MAGE,Razorfen Hunter,0.0513,39
23,MAGE,Reckless Rocketeer,0.1026,39
23,MAGE,Scarlet Crusader,0.1026,39
23,MAGE,Secretkeeper,0.2051,39
23,MAGE,Sen'jin Shieldmasta,0.1026,39
23,MAGE,Shade of Naxxramas,0.0256,39
23,MAGE,Shieldbearer,0.0513,39
23,MAGE,Sludge Belcher,0.5385,39
23,MAGE,Sorcerer's Apprentice,0.2821,39
23,MAGE,Spectral Knight,0.0256,39
23,MAGE,Spellbender,0.0769,39
23,MAGE,Spiteful Smith,0.1026,39
23,MAGE,Stalagg,0.2051,39
23,MAGE,Stormpike Commando,0.1026,39
23,MAGE,Stormwind Champion,0.0256,39
23,MAGE,Sunwalker,0.1026,39
23,MAGE,Sylvanas Windrunner,0.1282,39
23,MAGE,Tinkmaster Overspark,0.0256,39
23,MAGE,Undertaker,0.1026,39
23,MAGE,Unstable Ghoul,0.0769,39
23,MAGE,Vaporize,0.5385,39
23,MAGE,Venture Co. Mercenary,0.1282,39
23,MAGE,Voodoo Doctor,0.0769,39
23,MAGE,War Golem,0.0256,39
23,MAGE,Water Elemental,0.1026,39
23,MAGE,Windfury Harpy,0.0256,39
23,MAGE,Wisp,0.0513,39
23,MAGE,Wolfrider,0.0513,39
23,MAGE,Worgen Infiltrator,0.0256,39
23,MAGE,Young Dragonhawk,0.0256,39
23,MAGE,Ysera,0.1026,39
23,WARRIOR,Abomination,0.0833,36
23,WARRIOR,Acolyte of Pain,0.9722,36
23,WARRIOR,Alexstrasza,0.3333,36
23,WARRIOR,Amani Berserker,0.1111,36
23,WARRIOR,Arathi Weaponsmith,0.1111,36
23,WARRIOR,Argent Commander,0.0833,36
23,WARRIOR,Armorsmith,0.9167,36
23,WARRIOR,Azure Drake,0.0833,36
23,WARRIOR,Baron Geddon,0.25,36
23,WARRIOR,Battle Rage,0.1667,36
23,WARRIOR,Bloodsail Corsair,0.0278,36
23,WARRIOR,Bluegill Warrior,0.0556,36
23,WARRIOR,Brawl,0.5833,36
23,WARRIOR,Cairne Bloodhoof,0.1667,36
23,WARRIOR,Cleave,0.5833,36
23,WARRIOR,Coldlight Seer,0.0278,36
23,WARRIOR,Cruel Taskmaster,0.7778,36
23,WARRIOR,Death's Bite,0.4444,36
23,WARRIOR,Defender of Argus,0.2222,36
23,WARRIOR,Demolisher,0.0278,36
23,WARRIOR,Dread Corsair,0.1111,36
23,WARRIOR,Earthen Ring Farseer,0.0278,36
23,WARRIOR,Execute,1.0,36
23,WARRIOR,Faceless Manipulator,0.1111,36
23,WARRIOR,Fen Creeper,0.0556,36
23,WARRIOR,Feugen,0.1111,36
23,WARRIOR,Fiery War Axe,0.8889,36
23,WARRIOR,Frost Elemental,0.0278,36
23,WARRIOR,Frostwolf Grunt,0.0278,36
23,WARRIOR,Frothing Berserker,0.3333,36
23,WARRIOR,Goldshire Footman,0.0278,36
23,WARRIOR,Gorehowl,0.2222,36
23,WARRIOR,Grommash Hellscream,0.6944,36
23,WARRIOR,Gurubashi Berserker,0.0556,36
23,WARRIOR,Harrison Jones,0.3333,36
23,WARRIOR,Harvest Golem,0.2222,36
23,WARRIOR,Haunted Creeper,0.2778,36
23,WARRIOR,Heroic Strike,0.0278,36
23,WARRIOR,Hungry Crab,0.0556,36
23,WARRIOR,Injured Blademaster,0.1389,36
23,WARRIOR,Inner Rage,0.1111,36
23,WARRIOR,Jungle Panther,0.1667,36
23,WARRIOR,Kel'Thuzad,0.0833,36
23,WARRIOR,Knife Juggler,0.0556,36
23,WARRIOR,Kor'kron Elite,0.0833,36
23,WARRIOR,Leeroy Jenkins,0.1667,36
23,WARRIOR,Leper Gnome,0.2222,36
23,WARRIOR,Lightwarden,0.1944,36
23,WARRIOR,Loatheb,0.4167,36
23,WARRIOR,Loot Hoarder,0.2222,36
23,WARRIOR,Lorewalker Cho,0.0833,36
23,WARRIOR,Mad Scientist,0.1667,36
23,WARRIOR,Maexxna,0.1111,36
23,WARRIOR,Mana Addict,0.0278,36
23,WARRIOR,Millhouse Manastorm,0.1111,36
23,WARRIOR,Murloc Warleader,0.0556,36
23,WARRIOR,Nerub'ar Weblord,0.0278,36
23,WARRIOR,Nightblade,0.0556,36
23,WARRIOR,Nozdormu,0.0278,36
23,WARRIOR,Pint-Sized Summoner,0.0556,36
23,WARRIOR,Questing Adventurer,0.0278,36
23,WARRIOR,Raging Worgen,0.1389,36
23,WARRIOR,Ragnaros the Firelord,0.4444,36
23,WARRIOR,Reckless Rocketeer,0.0833,36
23,WARRIOR,River Crocolisk,0.0278,36
23,WARRIOR,Sen'jin Shieldmasta,0.1389,36
23,WARRIOR,Shade of Naxxramas,0.0833,36
23,WARRIOR,Shield Block,0.9167,36
23,WARRIOR,Shield Slam,0.9167,36
23,WARRIOR,Slam,0.6389,36
23,WARRIOR,Sludge Belcher,1.0,36
23,WARRIOR,Spectral Knight,0.0833,36
23,WARRIOR,Spellbreaker,0.0833,36
23,WARRIOR,Stalagg,0.4722,36
23,WARRIOR,Stormwind Knight,0.1111,36
23,WARRIOR,Stranglethorn Tiger,0.0278,36
23,WARRIOR,Sunwalker,0.3611,36
23,WARRIOR,Sylvanas Windrunner,0.5556,36
23,WARRIOR,The Black Knight,0.3056,36
23,WARRIOR,Tinkmaster Overspark,0.1389,36
23,WARRIOR,Undertaker,0.25,36
23,WARRIOR,Unstable Ghoul,0.7222,36
23,WARRIOR,Upgrade!,0.0278,36
23,WARRIOR,Venture Co. Mercenary,0.0278,36
23,WARRIOR,Voodoo Doctor,0.0556,36
23,WARRIOR,Warsong Commander,0.1111,36
23,WARRIOR,Whirlwind,0.25,36
23,WARRIOR,Wild Pyromancer,0.0833,36
23,WARRIOR,Wolfrider,0.0278,36
23,WARRIOR,Youthful Brewmaster,0.0278,36
23,WARRIOR,Ysera,0.3333,36
23,WARRIOR,Zombie Chow,0.1667,36
24,HUNTER,Alexstrasza,0.2273,22
24,HUNTER,Ancient Brewmaster,0.2273,22
24,HUNTER,Animal Companion,0.3636,22
24,HUNTER,Arcane Shot,0.1364,22
24,HUNTER,Argent Squire,0.1364,22
24,HUNTER,Baron Geddon,0.1818,22
24,HUNTER,Baron Rivendare,0.1818,22
24,HUNTER,Dancing Swords,0.0455,22
24,HUNTER,Deadly Shot,0.2273,22
24,HUNTER,Deathlord,0.0909,22
24,HUNTER,Dire Wolf Alpha,0.1364,22
24,HUNTER,Eaglehorn Bow,0.5,22
24,HUNTER,Echoing Ooze,0.2727,22
24,HUNTER,Elven Archer,0.1364,22
24,HUNTER,Explosive Shot,0.3636,22
24,HUNTER,Explosive Trap,0.6818,22
24,HUNTER,Feugen,0.1364,22
24,HUNTER,Flare,0.3636,22
24,HUNTER,Freezing Trap,0.8636,22
24,HUNTER,Frostwolf Grunt,0.1364,22
24,HUNTER,Goldshire Footman,0.1364,22
24,HUNTER,Harvest Golem,0.3182,22
24,HUNTER,Haunted Creeper,0.6364,22
24,HUNTER,Houndmaster,0.5455,22
24,HUNTER,Hungry Crab,0.0909,22
24,HUNTER,Hunter's Mark,0.7727,22
24,HUNTER,Ironfur Grizzly,0.0909,22
24,HUNTER,Kel'Thuzad,0.1364,22
24,HUNTER,Kill Command,0.0455,22
24,HUNTER,King Krush,0.1364,22
24,HUNTER,Knife Juggler,0.0909,22
24,HUNTER,Leeroy Jenkins,0.0455,22
24,HUNTER,Leper Gnome,0.7273,22
24,HUNTER,Loatheb,0.2727,22
24,HUNTER,Loot Hoarder,0.4545,22
24,HUNTER,Mad Scientist,0.8636,22
24,HUNTER,Maexxna,0.2273,22
24,HUNTER,Millhouse Manastorm,0.0455,22
24,HUNTER,Misdirection,0.4545,22
24,HUNTER,Mogu'shan Warden,0.0455,22
24,HUNTER,Multi-Shot,0.2727,22
24,HUNTER,Murloc Raider,0.1364,22
24,HUNTER,Murloc Tidehunter,0.1364,22
24,HUNTER,Nat Pagle,0.0909,22
24,HUNTER,Nerub'ar Weblord,0.3182,22
24,HUNTER,Nerubian Egg,0.0455,22
24,HUNTER,Novice Engineer,0.0909,22
24,HUNTER,Oasis Snapjaw,0.1818,22
24,HUNTER,Priestess of Elune,0.0909,22
24,HUNTER,Raging Worgen,0.0455,22
24,HUNTER,Ragnaros the Firelord,0.3636,22
24,HUNTER,Ravenholdt Assassin,0.0455,22
24,HUNTER,Reckless Rocketeer,0.0909,22
24,HUNTER,Savannah Highmane,0.6364,22
24,HUNTER,Scavenging Hyena,0.0455,22
24,HUNTER,Secretkeeper,0.2727,22
24,HUNTER,Shieldbearer,0.1818,22
24,HUNTER,Silver Hand Knight,0.0455,22
24,HUNTER,Sludge Belcher,0.1818,22
24,HUNTER,Snake Trap,0.0909,22
24,HUNTER,Spectral Knight,0.0455,22
24,HUNTER,Stalagg,0.1364,22
24,HUNTER,Starving Buzzard,0.3182,22
24,HUNTER,Stonetusk Boar,0.1818,22
24,HUNTER,Stormwind Champion,0.0455,22
24,HUNTER,Stranglethorn Tiger,0.0455,22
24,HUNTER,Sylvanas Windrunner,0.2273,22
24,HUNTER,Timber Wolf,0.0909,22
24,HUNTER,Undertaker,0.6364,22
24,HUNTER,Unleash the Hounds,0.7727,22
24,HUNTER,Unstable Ghoul,0.4545,22
24,HUNTER,Wailing Soul,0.0455,22
24,HUNTER,Webspinner,0.6364,22
24,HUNTER,Wisp,0.1364,22
24,HUNTER,Worgen Infiltrator,0.1364,22
24,HUNTER,Young Dragonhawk,0.1364,22
24,HUNTER,Ysera,0.2273,22
24,MAGE,Acidic Swamp Ooze,0.075,40
24,MAGE,Acolyte of Pain,0.025,40
24,MAGE,Alarm-o-Bot,0.125,40
24,MAGE,Alexstrasza,0.125,40
24,MAGE,Ancient Mage,0.025,40
24,MAGE,Arcane Explosion,0.2,40
24,MAGE,Arcane Intellect,0.7,40
24,MAGE,Arcane Missiles,0.275,40
24,MAGE,Archmage Antonidas,0.025,40
24,MAGE,Azure Drake,0.35,40
24,MAGE,Baron Rivendare,0.075,40
24,MAGE,Blizzard,0.45,40
24,MAGE,Blood Knight,0.1,40
24,MAGE,Bloodmage Thalnos,0.05,40
24,MAGE,Bluegill Warrior,0.1,40
24,MAGE,Booty Bay Bodyguard,0.075,40
24,MAGE,Boulderfist Ogre,0.025,40
24,MAGE,Cairne Bloodhoof,0.325,40
24,MAGE,Chillwind Yeti,0.05,40
24,MAGE,Coldlight Oracle,0.025,40
24,MAGE,Cone of Cold,0.3,40
24,MAGE,Counterspell,0.825,40
24,MAGE,Cult Master,0.05,40
24,MAGE,Dalaran Mage,0.05,40
24,MAGE,Dancing Swords,0.1,40
24,MAGE,Dark Iron Dwarf,0.075,40
24,MAGE,Darkscale Healer,0.175,40
24,MAGE,Demolisher,0.1,40
24,MAGE,Doomsayer,0.2,40
24,MAGE,Duplicate,0.35,40
24,MAGE,Earthen Ring Farseer,0.05,40
24,MAGE,Echoing Ooze,0.05,40
24,MAGE,Elven Archer,0.275,40
24,MAGE,Ethereal Arcanist,0.35,40
24,MAGE,Faerie Dragon,0.075,40
24,MAGE,Feugen,0.175,40
24,MAGE,Fireball,1.0,40
24,MAGE,Flamestrike,0.75,40
24,MAGE,Frost Nova,0.4,40
24,MAGE,Frostbolt,0.9,40
24,MAGE,Frostwolf Grunt,0.05,40
24,MAGE,Frostwolf Warlord,0.025,40
24,MAGE,Gadgetzan Auctioneer,0.025,40
24,MAGE,Gnomish Inventor,0.05,40
24,MAGE,Harrison Jones,0.05,40
24,MAGE,Harvest Golem,0.05,40
24,MAGE,Hungry Crab,0.025,40
24,MAGE,Ice Barrier,0.775,40
24,MAGE,Ice Block,0.45,40
24,MAGE,Ice Lance,0.075,40
24,MAGE,Ironfur Grizzly,0.025,40
24,MAGE,Kel'Thuzad,0.025,40
24,MAGE,Kirin Tor Mage,0.45,40
24,MAGE,Kobold Geomancer,0.075,40
24,MAGE,Leper Gnome,0.125,40
24,MAGE,Lightwarden,0.025,40
24,MAGE,Loatheb,0.525,40
24,MAGE,Loot Hoarder,0.3,40
24,MAGE,Mad Scientist,0.65,40
24,MAGE,Maexxna,0.075,40
24,MAGE,Mana Addict,0.075,40
24,MAGE,Mana Wraith,0.175,40
24,MAGE,Mana Wyrm,0.375,40
24,MAGE,Mind Control Tech,0.025,40
24,MAGE,Mirror Entity,0.275,40
24,MAGE,Mirror Image,0.15,40
24,MAGE,Mogu'shan Warden,0.225,40
24,MAGE,Molten Giant,0.225,40
24,MAGE,Mountain Giant,0.05,40
24,MAGE,Murloc Tidehunter,0.025,40
24,MAGE,Murloc Warleader,0.075,40
24,MAGE,Nat Pagle,0.025,40
24,MAGE,Nightblade,0.3,40
24,MAGE,Novice Engineer,0.075,40
24,MAGE,Nozdormu,0.1,40
24,MAGE,Polymorph,0.575,40
24,MAGE,Pyroblast,0.3,40
24,MAGE,Questing Adventurer,0.025,40
24,MAGE,Ragnaros the Firelord,0.5,40
24,MAGE,Raid Leader,0.025,40
24,MAGE,Razorfen Hunter,0.05,40
24,MAGE,Reckless Rocketeer,0.075,40
24,MAGE,Scarlet Crusader,0.075,40
24,MAGE,Secretkeeper,0.2,40
24,MAGE,Sen'jin Shieldmasta,0.075,40
24,MAGE,Shade of Naxxramas,0.025,40
24,MAGE,Shieldbearer,0.05,40
24,MAGE,Sludge Belcher,0.525,40
24,MAGE,Sorcerer's Apprentice,0.25,40
24,MAGE,Spectral Knight,0.025,40
24,MAGE,Spellbender,0.075,40
24,MAGE,Spiteful Smith,0.1,40
24,MAGE,Stalagg,0.225,40
24,MAGE,Stormpike Commando,0.1,40
24,MAGE,Stormwind Champion,0.025,40
24,MAGE,Sunwalker,0.1,40
24,MAGE,Sylvanas Windrunner,0.125,40
24,MAGE,Tinkmaster Overspark,0.025,40
24,MAGE,Undertaker,0.1,40
24,MAGE,Unstable Ghoul,0.1,40
24,MAGE,Vaporize,0.525,40
24,MAGE,Venture Co. Mercenary,0.125,40
24,MAGE,Voodoo Doctor,0.075,40
24,MAGE,War Golem,0.025,40
24,MAGE,Water Elemental,0.075,40
24,MAGE,Windfury Harpy,0.075,40
24,MAGE,Wisp,0.05,40
24,MAGE,Wolfrider,0.075,40
24,MAGE,Worgen Infiltrator,0.05,40
24,MAGE,Young Dragonhawk,0.025,40
24,MAGE,Ysera,0.1,40
24,WARRIOR,Abomination,0.0833,36
24,WARRIOR,Acolyte of Pain,0.9722,36
24,WARRIOR,Alexstrasza,0.3333,36
24,WARRIOR,Amani Berserker,0.1111,36
24,WARRIOR,Arathi Weaponsmith,0.1111,36
24,WARRIOR,Argent Commander,0.0833,36
24,WARRIOR,Armorsmith,0.9167,36
24,WARRIOR,Azure Drake,0.0833,36
24,WARRIOR,Baron Geddon,0.25,36
24,WARRIOR,Battle Rage,0.1667,36
24,WARRIOR,Bloodsail Corsair,0.0278,36
24,WARRIOR,Bluegill Warrior,0.0556,36
24,WARRIOR,Brawl,0.5833,36
24,WARRIOR,Cairne Bloodhoof,0.1667,36
24,WARRIOR,Cleave,0.5833,36
24,WARRIOR,Coldlight Seer,0.0278,36
24,WARRIOR,Cruel Taskmaster,0.7778,36
24,WARRIOR,Death's Bite,0.4444,36
24,WARRIOR,Defender of Argus,0.2222,36
24,WARRIOR,Demolisher,0.0278,36
24,WARRIOR,Dread Corsair,0.1111,36
24,WARRIOR,Earthen Ring Farseer,0.0278,36
24,WARRIOR,Execute,1.0,36
24,WARRIOR,Faceless Manipulator,0.1111,36
24,WARRIOR,Fen Creeper,0.0556,36
24,WARRIOR,Feugen,0.1111,36
24,WARRIOR,Fiery War Axe,0.8889,36
24,WARRIOR,Frost Elemental,0.0278,36
24,WARRIOR,Frostwolf Grunt,0.0278,36
24,WARRIOR,Frothing Berserker,0.3333,36
24,WARRIOR,Goldshire Footman,0.0278,36
24,WARRIOR,Gorehowl,0.2222,36
24,WARRIOR,Grommash Hellscream,0.6944,36
24,WARRIOR,Gurubashi Berserker,0.0556,36
24,WARRIOR,Harrison Jones,0.3333,36
24,WARRIOR,Harvest Golem,0.2222,36
24,WARRIOR,Haunted Creeper,0.2778,36
24,WARRIOR,Heroic Strike,0.0278,36
24,WARRIOR,Hungry Crab,0.0556,36
24,WARRIOR,Injured Blademaster,0.1389,36
24,WARRIOR,Inner Rage,0.1111,36
24,WARRIOR,Jungle Panther,0.1667,36
24,WARRIOR,Kel'Thuzad,0.0833,36
24,WARRIOR,Knife Juggler,0.0556,36
24,WARRIOR,Kor'kron Elite,0.0833,36
24,WARRIOR,Leeroy Jenkins,0.1667,36
24,WARRIOR,Leper Gnome,0.2222,36
24,WARRIOR,Lightwarden,0.1944,36
24,WARRIOR,Loatheb,0.4167,36
24,WARRIOR,Loot Hoarder,0.2222,36
24,WARRIOR,Lorewalker Cho,0.0833,36
24,WARRIOR,Mad Scientist,0.1667,36
24,WARRIOR,Maexxna,0.1111,36
24,WARRIOR,Mana Addict,0.0278,36
24,WARRIOR,Millhouse Manastorm,0.1111,36
24,WARRIOR,Murloc Warleader,0.0556,36
24,WARRIOR,Nerub'ar Weblord,0.0278,36
24,WARRIOR,Nightblade,0.0556,36
24,WARRIOR,Nozdormu,0.0278,36
24,WARRIOR,Pint-Sized Summoner,0.0556,36
24,WARRIOR,Questing Adventurer,0.0278,36
24,WARRIOR,Raging Worgen,0.1389,36
24,WARRIOR,Ragnaros the Firelord,0.4444,36
24,WARRIOR,Reckless Rocketeer,0.0833,36
24,WARRIOR,River Crocolisk,0.0278,36
24,WARRIOR,Sen'jin Shieldmasta,0.1389,36
24,WARRIOR,Shade of Naxxramas,0.0833,36
24,WARRIOR,Shield Block,0.9167,36
24,WARRIOR,Shield Slam,0.9167,36
24,WARRIOR,Slam,0.6389,36
24,WARRIOR,Sludge Belcher,1.0,36
24,WARRIOR,Spectral Knight,0.0833,36
24,WARRIOR,Spellbreaker,0.0833,36
24,WARRIOR,Stalagg,0.4722,36
24,WARRIOR,Stormwind Knight,0.1111,36
24,WARRIOR,Stranglethorn Tiger,0.0278,36
24,WARRIOR,Sunwalker,0.3611,36
24,WARRIOR,Sylvanas Windrunner,0.5556,36
24,WARRIOR,The Black Knight,0.3056,36
24,WARRIOR,Tinkmaster Overspark,0.1389,36
24,WARRIOR,Undertaker,0.25,36
24,WARRIOR,Unstable Ghoul,0.7222,36
24,WARRIOR,Upgrade!,0.0278,36
24,WARRIOR,Venture Co. Mercenary,0.0278,36
24,WARRIOR,Voodoo Doctor,0.0556,36
24,WARRIOR,Warsong Commander,0.1111,36
24,WARRIOR,Whirlwind,0.25,36
24,WARRIOR,Wild Pyromancer,0.0833,36
24,WARRIOR,Wolfrider,0.0278,36
24,WARRIOR,Youthful Brewmaster,0.0278,36
24,WARRIOR,Ysera,0.3333,36
24,WARRIOR,Zombie Chow,0.1667,36
