generation,class,card,share,n_unique_elites
0,HUNTER,Animal Companion,1.0,9
0,HUNTER,Arcane Shot,0.3333,9
0,HUNTER,Azure Drake,0.1111,9
0,HUNTER,Bloodfen Raptor,0.1111,9
0,HUNTER,Booty Bay Bodyguard,0.1111,9
0,HUNTER,Deadly Shot,0.6667,9
0,HUNTER,Defender of Argus,0.1111,9
0,HUNTER,Dire Wolf Alpha,0.1111,9
0,HUNTER,Eaglehorn Bow,0.7778,9
0,HUNTER,Echoing Ooze,0.1111,9
0,HUNTER,Emperor Cobra,0.1111,9
0,HUNTER,Explosive Shot,0.1111,9
0,HUNTER,Explosive Trap,0.7778,9
0,HUNTER,Faerie Dragon,0.1111,9
0,HUNTER,Feugen,0.1111,9
0,HUNTER,Flare,0.8889,9
0,HUNTER,Freezing Trap,0.5556,9
0,HUNTER,Gladiator's Longbow,0.1111,9
0,HUNTER,Houndmaster,0.7778,9
0,HUNTER,Hunter's Mark,0.6667,9
0,HUNTER,Ironbeak Owl,0.4444,9
0,HUNTER,Ironfur Grizzly,0.1111,9
0,HUNTER,Kill Command,0.7778,9
0,HUNTER,King Krush,0.1111,9
0,HUNTER,Knife Juggler,0.1111,9
0,HUNTER,Leeroy Jenkins,0.4444,9
0,HUNTER,Leper Gnome,0.1111,9
0,HUNTER,Loatheb,0.1111,9
0,HUNTER,Loot Hoarder,0.1111,9
0,HUNTER,Misdirection,0.1111,9
0,HUNTER,Multi-Shot,0.1111,9
0,HUNTER,Nat Pagle,0.1111,9
0,HUNTER,Raid Leader,0.1111,9
0,HUNTER,River Crocolisk,0.3333,9
0,HUNTER,Savannah Highmane,0.8889,9
0,HUNTER,Scavenging Hyena,0.6667,9
0,HUNTER,Sea Giant,0.1111,9
0,HUNTER,Shieldbearer,0.1111,9
0,HUNTER,Silverback Patriarch,0.1111,9
0,HUNTER,Snake Trap,0.3333,9
0,HUNTER,Snipe,0.2222,9
0,HUNTER,Stampeding Kodo,0.4444,9
0,HUNTER,Starving Buzzard,0.8889,9
0,HUNTER,Stonetusk Boar,0.4444,9
0,HUNTER,Stormwind Champion,0.1111,9
0,HUNTER,Stranglethorn Tiger,0.1111,9
0,HUNTER,Timber Wolf,0.7778,9
0,HUNTER,Tracking,0.4444,9
0,HUNTER,Tundra Rhino,0.1111,9
0,HUNTER,Undertaker,0.1111,9
0,HUNTER,Unleash the Hounds,1.0,9
0,HUNTER,Voodoo Doctor,0.1111,9
0,HUNTER,Zombie Chow,0.1111,9
0,MAGE,Abusive Sergeant,0.0769,13
0,MAGE,Acidic Swamp Ooze,0.1538,13
0,MAGE,Acolyte of Pain,0.3077,13
0,MAGE,Alexstrasza,0.1538,13
0,MAGE,Amani Berserker,0.4615,13
0,MAGE,Ancient Watcher,0.1538,13
0,MAGE,Arcane Explosion,0.4615,13
0,MAGE,Arcane Golem,0.0769,13
0,MAGE,Arcane Intellect,0.6923,13
0,MAGE,Arcane Missiles,0.5385,13
0,MAGE,Archmage,0.0769,13
0,MAGE,Archmage Antonidas,0.4615,13
0,MAGE,Argent Commander,0.1538,13
0,MAGE,Argent Squire,0.1538,13
0,MAGE,Azure Drake,0.6923,13
0,MAGE,Blizzard,0.2308,13
0,MAGE,Bloodmage Thalnos,0.5385,13
0,MAGE,Boulderfist Ogre,0.1538,13
0,MAGE,Cairne Bloodhoof,0.0769,13
0,MAGE,Chillwind Yeti,0.2308,13
0,MAGE,Coldlight Oracle,0.1538,13
0,MAGE,Cone of Cold,0.0769,13
0,MAGE,Counterspell,0.0769,13
0,MAGE,Dalaran Mage,0.0769,13
0,MAGE,Defender of Argus,0.3077,13
0,MAGE,Dire Wolf Alpha,0.0769,13
0,MAGE,Doomsayer,0.2308,13
0,MAGE,Earthen Ring Farseer,0.3077,13
0,MAGE,Ethereal Arcanist,0.0769,13
0,MAGE,Faceless Manipulator,0.3846,13
0,MAGE,Faerie Dragon,0.1538,13
0,MAGE,Fireball,0.9231,13
0,MAGE,Flamestrike,0.4615,13
0,MAGE,Frost Nova,0.3077,13
0,MAGE,Frostbolt,1.0,13
0,MAGE,Frostwolf Grunt,0.0769,13
0,MAGE,Gadgetzan Auctioneer,0.1538,13
0,MAGE,Goldshire Footman,0.0769,13
0,MAGE,Harvest Golem,0.1538,13
0,MAGE,Ice Barrier,0.1538,13
0,MAGE,Ice Block,0.2308,13
0,MAGE,Ice Lance,0.3846,13
0,MAGE,Ironfur Grizzly,0.0769,13
0,MAGE,Knife Juggler,0.1538,13
0,MAGE,Kobold Geomancer,0.1538,13
0,MAGE,Leeroy Jenkins,0.1538,13
0,MAGE,Leper Gnome,0.1538,13
0,MAGE,Loot Hoarder,0.3077,13
0,MAGE,Mana Wyrm,0.7692,13
0,MAGE,Millhouse Manastorm,0.0769,13
0,MAGE,Mirror Entity,0.0769,13
0,MAGE,Mirror Image,0.6154,13
0,MAGE,Molten Giant,0.0769,13
0,MAGE,Mountain Giant,0.0769,13
0,MAGE,Nerub'ar Weblord,0.0769,13
0,MAGE,Nightblade,0.0769,13
0,MAGE,Novice Engineer,0.2308,13
0,MAGE,Ogre Magi,0.0769,13
0,MAGE,Polymorph,0.6154,13
0,MAGE,Pyroblast,0.3077,13
0,MAGE,Ragnaros the Firelord,0.2308,13
0,MAGE,Ravenholdt Assassin,0.0769,13
0,MAGE,Reckless Rocketeer,0.0769,13
0,MAGE,Shattered Sun Cleric,0.0769,13
0,MAGE,Shieldbearer,0.0769,13
0,MAGE,Sludge Belcher,0.0769,13
0,MAGE,Sorcerer's Apprentice,0.3846,13
0,MAGE,Spellbender,0.0769,13
0,MAGE,Sunfury Protector,0.0769,13
0,MAGE,Sunwalker,0.0769,13
0,MAGE,Sylvanas Windrunner,0.0769,13
0,MAGE,The Black Knight,0.0769,13
0,MAGE,Undertaker,0.0769,13
0,MAGE,Vaporize,0.0769,13
0,MAGE,Water Elemental,0.6154,13
0,MAGE,Wild Pyromancer,0.0769,13
0,MAGE,Wolfrider,0.0769,13
0,MAGE,Ysera,0.0769,13
0,WARRIOR,Acidic Swamp Ooze,0.1538,13
0,WARRIOR,Acolyte of Pain,0.3846,13
0,WARRIOR,Alexstrasza,0.3077,13
0,WARRIOR,Amani Berserker,0.3077,13
0,WARRIOR,Angry Chicken,0.0769,13
0,WARRIOR,Arathi Weaponsmith,0.5385,13
0,WARRIOR,Arcane Golem,0.0769,13
0,WARRIOR,Arcanite Reaper,0.6154,13
0,WARRIOR,Argent Commander,0.3077,13
0,WARRIOR,Argent Squire,0.1538,13
0,WARRIOR,Armorsmith,0.4615,13
0,WARRIOR,Azure Drake,0.1538,13
0,WARRIOR,Baron Geddon,0.2308,13
0,WARRIOR,Battle Rage,0.0769,13
0,WARRIOR,Big Game Hunter,0.1538,13
0,WARRIOR,Bloodsail Raider,0.6154,13
0,WARRIOR,Boulderfist Ogre,0.1538,13
0,WARRIOR,Brawl,0.4615,13
0,WARRIOR,Cairne Bloodhoof,0.2308,13
0,WARRIOR,Chillwind Yeti,0.0769,13
0,WARRIOR,Cleave,0.3077,13
0,WARRIOR,Commanding Shout,0.1538,13
0,WARRIOR,Crazed Alchemist,0.0769,13
0,WARRIOR,Cruel Taskmaster,0.6923,13
0,WARRIOR,Cult Master,0.0769,13
0,WARRIOR,Dark Iron Dwarf,0.1538,13
0,WARRIOR,Death's Bite,0.0769,13
0,WARRIOR,Defender of Argus,0.0769,13
0,WARRIOR,Dire Wolf Alpha,0.1538,13
0,WARRIOR,Echoing Ooze,0.1538,13
0,WARRIOR,Elven Archer,0.1538,13
0,WARRIOR,Execute,0.7692,13
0,WARRIOR,Faceless Manipulator,0.1538,13
0,WARRIOR,Faerie Dragon,0.0769,13
0,WARRIOR,Fiery War Axe,1.0,13
0,WARRIOR,Frothing Berserker,0.6154,13
0,WARRIOR,Gnomish Inventor,0.0769,13
0,WARRIOR,Gorehowl,0.5385,13
0,WARRIOR,Grommash Hellscream,0.5385,13
0,WARRIOR,Harvest Golem,0.2308,13
0,WARRIOR,Heroic Strike,0.3846,13
0,WARRIOR,Inner Rage,0.3846,13
0,WARRIOR,Ironbeak Owl,0.1538,13
0,WARRIOR,Ironfur Grizzly,0.0769,13
0,WARRIOR,Knife Juggler,0.0769,13
0,WARRIOR,Kor'kron Elite,0.5385,13
0,WARRIOR,Leeroy Jenkins,0.0769,13
0,WARRIOR,Leper Gnome,0.3077,13
0,WARRIOR,Lorewalker Cho,0.0769,13
0,WARRIOR,Master Swordsmith,0.0769,13
0,WARRIOR,Mortal Strike,0.3077,13
0,WARRIOR,Murloc Raider,0.0769,13
0,WARRIOR,Nightblade,0.1538,13
0,WARRIOR,Oasis Snapjaw,0.0769,13
0,WARRIOR,Pint-Sized Summoner,0.0769,13
0,WARRIOR,Raging Worgen,0.3077,13
0,WARRIOR,Ragnaros the Firelord,0.3077,13
0,WARRIOR,Rampage,0.0769,13
0,WARRIOR,Razorfen Hunter,0.0769,13
0,WARRIOR,River Crocolisk,0.0769,13
0,WARRIOR,Scarlet Crusader,0.0769,13
0,WARRIOR,Sen'jin Shieldmasta,0.1538,13
0,WARRIOR,Shattered Sun Cleric,0.1538,13
0,WARRIOR,Shield Block,0.3846,13
0,WARRIOR,Shield Slam,0.3846,13
0,WARRIOR,Shieldbearer,0.0769,13
0,WARRIOR,Slam,0.6154,13
0,WARRIOR,Sludge Belcher,0.1538,13
0,WARRIOR,Spellbreaker,0.2308,13
0,WARRIOR,Spiteful Smith,0.0769,13
0,WARRIOR,Sylvanas Windrunner,0.1538,13
0,WARRIOR,The Black Knight,0.1538,13
0,WARRIOR,Undertaker,0.0769,13
0,WARRIOR,Unstable Ghoul,0.0769,13
0,WARRIOR,Upgrade!,0.1538,13
0,WARRIOR,Warsong Commander,0.6154,13
0,WARRIOR,Whirlwind,0.6154,13
0,WARRIOR,Wild Pyromancer,0.0769,13
0,WARRIOR,Ysera,0.2308,13
1,HUNTER,Animal Companion,1.0,10
1,HUNTER,Arcane Shot,0.4,10
1,HUNTER,Azure Drake,0.1,10
1,HUNTER,Bloodfen Raptor,0.1,10
1,HUNTER,Bloodsail Corsair,0.1,10
1,HUNTER,Booty Bay Bodyguard,0.1,10
1,HUNTER,Dark Iron Dwarf,0.1,10
1,HUNTER,Deadly Shot,0.8,10
1,HUNTER,Deathlord,0.1,10
1,HUNTER,Dire Wolf Alpha,0.2,10
1,HUNTER,Eaglehorn Bow,0.7,10
1,HUNTER,Echoing Ooze,0.1,10
1,HUNTER,Emperor Cobra,0.1,10
1,HUNTER,Explosive Shot,0.2,10
1,HUNTER,Explosive Trap,0.7,10
1,HUNTER,Faerie Dragon,0.1,10
1,HUNTER,Feugen,0.2,10
1,HUNTER,Flare,0.9,10
1,HUNTER,Flesheating Ghoul,0.1,10
1,HUNTER,Freezing Trap,0.7,10
1,HUNTER,Houndmaster,0.7,10
1,HUNTER,Hunter's Mark,0.7,10
1,HUNTER,Ironbeak Owl,0.3,10
1,HUNTER,Ironfur Grizzly,0.1,10
1,HUNTER,Kel'Thuzad,0.1,10
1,HUNTER,Kill Command,0.8,10
1,HUNTER,King Krush,0.1,10
1,HUNTER,Knife Juggler,0.1,10
1,HUNTER,Leeroy Jenkins,0.4,10
1,HUNTER,Leper Gnome,0.1,10
1,HUNTER,Loatheb,0.1,10
1,HUNTER,Loot Hoarder,0.1,10
1,HUNTER,Misdirection,0.2,10
1,HUNTER,Multi-Shot,0.1,10
1,HUNTER,Nat Pagle,0.1,10
1,HUNTER,Ragnaros the Firelord,0.1,10
1,HUNTER,River Crocolisk,0.2,10
1,HUNTER,Savannah Highmane,0.9,10
1,HUNTER,Scavenging Hyena,0.6,10
1,HUNTER,Sea Giant,0.1,10
1,HUNTER,Sen'jin Shieldmasta,0.1,10
1,HUNTER,Shieldbearer,0.2,10
1,HUNTER,Sludge Belcher,0.1,10
1,HUNTER,Snake Trap,0.4,10
1,HUNTER,Snipe,0.2,10
1,HUNTER,Spectral Knight,0.1,10
1,HUNTER,Stampeding Kodo,0.3,10
1,HUNTER,Starving Buzzard,0.9,10
1,HUNTER,Stoneskin Gargoyle,0.1,10
1,HUNTER,Stonetusk Boar,0.5,10
1,HUNTER,Stormwind Champion,0.1,10
1,HUNTER,Stranglethorn Tiger,0.1,10
1,HUNTER,Timber Wolf,0.9,10
1,HUNTER,Tracking,0.4,10
1,HUNTER,Tundra Rhino,0.1,10
1,HUNTER,Undertaker,0.2,10
1,HUNTER,Unleash the Hounds,1.0,10
1,HUNTER,Voodoo Doctor,0.1,10
1,MAGE,Abusive Sergeant,0.0714,14
1,MAGE,Acidic Swamp Ooze,0.1429,14
1,MAGE,Acolyte of Pain,0.2857,14
1,MAGE,Alexstrasza,0.1429,14
1,MAGE,Amani Berserker,0.5,14
1,MAGE,Ancient Watcher,0.1429,14
1,MAGE,Arcane Explosion,0.3571,14
1,MAGE,Arcane Golem,0.0714,14
1,MAGE,Arcane Intellect,0.6429,14
1,MAGE,Arcane Missiles,0.5,14
1,MAGE,Archmage,0.0714,14
1,MAGE,Archmage Antonidas,0.4286,14
1,MAGE,Argent Commander,0.2143,14
1,MAGE,Argent Squire,0.2143,14
1,MAGE,Azure Drake,0.6429,14
1,MAGE,Blizzard,0.2143,14
1,MAGE,Bloodmage Thalnos,0.5714,14
1,MAGE,Boulderfist Ogre,0.0714,14
1,MAGE,Cairne Bloodhoof,0.0714,14
1,MAGE,Chillwind Yeti,0.2143,14
1,MAGE,Coldlight Oracle,0.1429,14
1,MAGE,Cone of Cold,0.0714,14
1,MAGE,Counterspell,0.0714,14
1,MAGE,Dalaran Mage,0.0714,14
1,MAGE,Defender of Argus,0.2143,14
1,MAGE,Dire Wolf Alpha,0.1429,14
1,MAGE,Doomsayer,0.2143,14
1,MAGE,Earthen Ring Farseer,0.2857,14
1,MAGE,Ethereal Arcanist,0.0714,14
1,MAGE,Faceless Manipulator,0.3571,14
1,MAGE,Faerie Dragon,0.1429,14
1,MAGE,Fireball,0.9286,14
1,MAGE,Flamestrike,0.4286,14
1,MAGE,Frost Nova,0.2857,14
1,MAGE,Frostbolt,1.0,14
1,MAGE,Frostwolf Grunt,0.0714,14
1,MAGE,Gadgetzan Auctioneer,0.1429,14
1,MAGE,Goldshire Footman,0.0714,14
1,MAGE,Harvest Golem,0.1429,14
1,MAGE,Ice Barrier,0.1429,14
1,MAGE,Ice Block,0.2143,14
1,MAGE,Ice Lance,0.3571,14
1,MAGE,Injured Blademaster,0.0714,14
1,MAGE,Ironfur Grizzly,0.0714,14
1,MAGE,Knife Juggler,0.1429,14
1,MAGE,Kobold Geomancer,0.1429,14
1,MAGE,Leeroy Jenkins,0.2143,14
1,MAGE,Leper Gnome,0.2143,14
1,MAGE,Loatheb,0.0714,14
1,MAGE,Loot Hoarder,0.2857,14
1,MAGE,Mana Wyrm,0.7857,14
1,MAGE,Millhouse Manastorm,0.1429,14
1,MAGE,Mirror Entity,0.0714,14
1,MAGE,Mirror Image,0.5,14
1,MAGE,Molten Giant,0.0714,14
1,MAGE,Mountain Giant,0.0714,14
1,MAGE,Nerub'ar Weblord,0.1429,14
1,MAGE,Nightblade,0.1429,14
1,MAGE,Novice Engineer,0.2143,14
1,MAGE,Ogre Magi,0.0714,14
1,MAGE,Polymorph,0.5714,14
1,MAGE,Pyroblast,0.4286,14
1,MAGE,Ragnaros the Firelord,0.3571,14
1,MAGE,Ravenholdt Assassin,0.1429,14
1,MAGE,Razorfen Hunter,0.0714,14
1,MAGE,Reckless Rocketeer,0.0714,14
1,MAGE,Shattered Sun Cleric,0.1429,14
1,MAGE,Shieldbearer,0.0714,14
1,MAGE,Sludge Belcher,0.1429,14
1,MAGE,Sorcerer's Apprentice,0.3571,14
1,MAGE,Spellbender,0.0714,14
1,MAGE,Sunfury Protector,0.1429,14
1,MAGE,Sunwalker,0.0714,14
1,MAGE,Sylvanas Windrunner,0.1429,14
1,MAGE,The Black Knight,0.1429,14
1,MAGE,Undertaker,0.0714,14
1,MAGE,Vaporize,0.0714,14
1,MAGE,Water Elemental,0.6429,14
1,MAGE,Wild Pyromancer,0.0714,14
1,MAGE,Wolfrider,0.0714,14
1,MAGE,Ysera,0.0714,14
1,WARRIOR,Acidic Swamp Ooze,0.0714,14
1,WARRIOR,Acolyte of Pain,0.4286,14
1,WARRIOR,Alexstrasza,0.3571,14
1,WARRIOR,Amani Berserker,0.2857,14
1,WARRIOR,Angry Chicken,0.0714,14
1,WARRIOR,Arathi Weaponsmith,0.5,14
1,WARRIOR,Arcane Golem,0.1429,14
1,WARRIOR,Arcanite Reaper,0.5714,14
1,WARRIOR,Argent Commander,0.4286,14
1,WARRIOR,Argent Squire,0.1429,14
1,WARRIOR,Armorsmith,0.5,14
1,WARRIOR,Azure Drake,0.0714,14
1,WARRIOR,Baron Geddon,0.2857,14
1,WARRIOR,Battle Rage,0.0714,14
1,WARRIOR,Big Game Hunter,0.2143,14
1,WARRIOR,Bloodsail Raider,0.6429,14
1,WARRIOR,Boulderfist Ogre,0.1429,14
1,WARRIOR,Brawl,0.4286,14
1,WARRIOR,Cairne Bloodhoof,0.2143,14
1,WARRIOR,Cleave,0.2143,14
1,WARRIOR,Commanding Shout,0.0714,14
1,WARRIOR,Cruel Taskmaster,0.8571,14
1,WARRIOR,Cult Master,0.0714,14
1,WARRIOR,Dark Iron Dwarf,0.2143,14
1,WARRIOR,Death's Bite,0.0714,14
1,WARRIOR,Defender of Argus,0.0714,14
1,WARRIOR,Dire Wolf Alpha,0.1429,14
1,WARRIOR,Dragonling Mechanic,0.0714,14
1,WARRIOR,Echoing Ooze,0.2143,14
1,WARRIOR,Elven Archer,0.1429,14
1,WARRIOR,Execute,0.7143,14
1,WARRIOR,Faceless Manipulator,0.2143,14
1,WARRIOR,Faerie Dragon,0.0714,14
1,WARRIOR,Fiery War Axe,1.0,14
1,WARRIOR,Frothing Berserker,0.7857,14
1,WARRIOR,Gorehowl,0.5,14
1,WARRIOR,Grommash Hellscream,0.5,14
1,WARRIOR,Harvest Golem,0.2857,14
1,WARRIOR,Heroic Strike,0.4286,14
1,WARRIOR,Imp Master,0.0714,14
1,WARRIOR,Inner Rage,0.2857,14
1,WARRIOR,Ironbeak Owl,0.2143,14
1,WARRIOR,Knife Juggler,0.0714,14
1,WARRIOR,Kor'kron Elite,0.5,14
1,WARRIOR,Leeroy Jenkins,0.1429,14
1,WARRIOR,Leper Gnome,0.3571,14
1,WARRIOR,Lorewalker Cho,0.0714,14
1,WARRIOR,Master Swordsmith,0.0714,14
1,WARRIOR,Mortal Strike,0.3571,14
1,WARRIOR,Murloc Raider,0.0714,14
1,WARRIOR,Nightblade,0.2143,14
1,WARRIOR,Nozdormu,0.0714,14
1,WARRIOR,Oasis Snapjaw,0.0714,14
1,WARRIOR,Pint-Sized Summoner,0.1429,14
1,WARRIOR,Raging Worgen,0.2857,14
1,WARRIOR,Ragnaros the Firelord,0.4286,14
1,WARRIOR,Rampage,0.1429,14
1,WARRIOR,Scarlet Crusader,0.0714,14
1,WARRIOR,Secretkeeper,0.0714,14
1,WARRIOR,Sen'jin Shieldmasta,0.1429,14
1,WARRIOR,Shade of Naxxramas,0.0714,14
1,WARRIOR,Shattered Sun Cleric,0.1429,14
1,WARRIOR,Shield Block,0.4286,14
1,WARRIOR,Shield Slam,0.4286,14
1,WARRIOR,Shieldbearer,0.0714,14
1,WARRIOR,Slam,0.6429,14
1,WARRIOR,Sludge Belcher,0.2857,14
1,WARRIOR,Spellbreaker,0.1429,14
1,WARRIOR,Spiteful Smith,0.0714,14
1,WARRIOR,Stonetusk Boar,0.0714,14
1,WARRIOR,Sylvanas Windrunner,0.0714,14
1,WARRIOR,The Black Knight,0.1429,14
1,WARRIOR,Undertaker,0.0714,14
1,WARRIOR,Unstable Ghoul,0.1429,14
1,WARRIOR,Upgrade!,0.0714,14
1,WARRIOR,Warsong Commander,0.5714,14
1,WARRIOR,Whirlwind,0.5,14
1,WARRIOR,Windfury Harpy,0.0714,14
1,WARRIOR,Ysera,0.2143,14
2,HUNTER,Animal Companion,1.0,10
2,HUNTER,Arcane Shot,0.4,10
2,HUNTER,Azure Drake,0.1,10
2,HUNTER,Big Game Hunter,0.1,10
2,HUNTER,Bloodfen Raptor,0.1,10
2,HUNTER,Bloodsail Corsair,0.1,10
2,HUNTER,Booty Bay Bodyguard,0.1,10
2,HUNTER,Dark Iron Dwarf,0.1,10
2,HUNTER,Deadly Shot,0.8,10
2,HUNTER,Deathlord,0.1,10
2,HUNTER,Dire Wolf Alpha,0.2,10
2,HUNTER,Eaglehorn Bow,0.7,10
2,HUNTER,Echoing Ooze,0.1,10
2,HUNTER,Emperor Cobra,0.1,10
2,HUNTER,Explosive Shot,0.2,10
2,HUNTER,Explosive Trap,0.7,10
2,HUNTER,Faerie Dragon,0.1,10
2,HUNTER,Feugen,0.2,10
2,HUNTER,Flare,0.9,10
2,HUNTER,Freezing Trap,0.7,10
2,HUNTER,Houndmaster,0.7,10
2,HUNTER,Hunter's Mark,0.7,10
2,HUNTER,Ironbeak Owl,0.3,10
2,HUNTER,Ironfur Grizzly,0.1,10
2,HUNTER,Kel'Thuzad,0.2,10
2,HUNTER,Kill Command,0.8,10
2,HUNTER,King Krush,0.1,10
2,HUNTER,Knife Juggler,0.1,10
2,HUNTER,Leeroy Jenkins,0.4,10
2,HUNTER,Leper Gnome,0.1,10
2,HUNTER,Loatheb,0.1,10
2,HUNTER,Loot Hoarder,0.2,10
2,HUNTER,Misdirection,0.2,10
2,HUNTER,Multi-Shot,0.1,10
2,HUNTER,Nat Pagle,0.1,10
2,HUNTER,Ragnaros the Firelord,0.1,10
2,HUNTER,River Crocolisk,0.2,10
2,HUNTER,Savannah Highmane,0.9,10
2,HUNTER,Scavenging Hyena,0.6,10
2,HUNTER,Sea Giant,0.1,10
2,HUNTER,Sen'jin Shieldmasta,0.1,10
2,HUNTER,Shieldbearer,0.2,10
2,HUNTER,Snake Trap,0.4,10
2,HUNTER,Snipe,0.1,10
2,HUNTER,Spectral Knight,0.1,10
2,HUNTER,Stampeding Kodo,0.3,10
2,HUNTER,Starving Buzzard,0.9,10
2,HUNTER,Stoneskin Gargoyle,0.2,10
2,HUNTER,Stonetusk Boar,0.5,10
2,HUNTER,Stormwind Champion,0.1,10
2,HUNTER,Stranglethorn Tiger,0.1,10
2,HUNTER,Thrallmar Farseer,0.1,10
2,HUNTER,Timber Wolf,0.9,10
2,HUNTER,Tracking,0.4,10
2,HUNTER,Tundra Rhino,0.1,10
2,HUNTER,Undertaker,0.2,10
2,HUNTER,Unleash the Hounds,1.0,10
2,HUNTER,Voodoo Doctor,0.1,10
2,MAGE,Abusive Sergeant,0.0625,16
2,MAGE,Acidic Swamp Ooze,0.0625,16
2,MAGE,Acolyte of Pain,0.375,16
2,MAGE,Alexstrasza,0.1875,16
2,MAGE,Amani Berserker,0.4375,16
2,MAGE,Ancient Watcher,0.125,16
2,MAGE,Arcane Explosion,0.25,16
2,MAGE,Arcane Golem,0.0625,16
2,MAGE,Arcane Intellect,0.625,16
2,MAGE,Arcane Missiles,0.4375,16
2,MAGE,Archmage Antonidas,0.375,16
2,MAGE,Argent Commander,0.1875,16
2,MAGE,Argent Squire,0.25,16
2,MAGE,Azure Drake,0.625,16
2,MAGE,Blizzard,0.25,16
2,MAGE,Bloodmage Thalnos,0.625,16
2,MAGE,Boulderfist Ogre,0.0625,16
2,MAGE,Chillwind Yeti,0.25,16
2,MAGE,Coldlight Oracle,0.1875,16
2,MAGE,Cone of Cold,0.0625,16
2,MAGE,Counterspell,0.0625,16
2,MAGE,Defender of Argus,0.125,16
2,MAGE,Dire Wolf Alpha,0.125,16
2,MAGE,Doomsayer,0.25,16
2,MAGE,Earthen Ring Farseer,0.3125,16
2,MAGE,Ethereal Arcanist,0.0625,16
2,MAGE,Faceless Manipulator,0.3125,16
2,MAGE,Faerie Dragon,0.125,16
2,MAGE,Fireball,0.9375,16
2,MAGE,Flamestrike,0.375,16
2,MAGE,Frost Elemental,0.0625,16
2,MAGE,Frost Nova,0.375,16
2,MAGE,Frostbolt,1.0,16
2,MAGE,Frostwolf Grunt,0.0625,16
2,MAGE,Gadgetzan Auctioneer,0.1875,16
2,MAGE,Goldshire Footman,0.0625,16
2,MAGE,Harvest Golem,0.1875,16
2,MAGE,Ice Barrier,0.1875,16
2,MAGE,Ice Block,0.3125,16
2,MAGE,Ice Lance,0.4375,16
2,MAGE,Injured Blademaster,0.0625,16
2,MAGE,Ironfur Grizzly,0.0625,16
2,MAGE,Knife Juggler,0.1875,16
2,MAGE,Kobold Geomancer,0.125,16
2,MAGE,Leeroy Jenkins,0.1875,16
2,MAGE,Leper Gnome,0.1875,16
2,MAGE,Loatheb,0.0625,16
2,MAGE,Loot Hoarder,0.3125,16
2,MAGE,Mana Wyrm,0.75,16
2,MAGE,Millhouse Manastorm,0.1875,16
2,MAGE,Mirror Entity,0.0625,16
2,MAGE,Mirror Image,0.5625,16
2,MAGE,Molten Giant,0.0625,16
2,MAGE,Mountain Giant,0.125,16
2,MAGE,Nerub'ar Weblord,0.0625,16
2,MAGE,Nightblade,0.125,16
2,MAGE,Novice Engineer,0.25,16
2,MAGE,Polymorph,0.5625,16
2,MAGE,Pyroblast,0.4375,16
2,MAGE,Questing Adventurer,0.0625,16
2,MAGE,Ragnaros the Firelord,0.3125,16
2,MAGE,Ravenholdt Assassin,0.125,16
2,MAGE,Razorfen Hunter,0.125,16
2,MAGE,Reckless Rocketeer,0.125,16
2,MAGE,Shade of Naxxramas,0.0625,16
2,MAGE,Shattered Sun Cleric,0.125,16
2,MAGE,Shieldbearer,0.0625,16
2,MAGE,Sludge Belcher,0.25,16
2,MAGE,Sorcerer's Apprentice,0.5,16
2,MAGE,Spellbender,0.0625,16
2,MAGE,Sunfury Protector,0.1875,16
2,MAGE,Sylvanas Windrunner,0.1875,16
2,MAGE,The Black Knight,0.125,16
2,MAGE,Tinkmaster Overspark,0.0625,16
2,MAGE,Undertaker,0.0625,16
2,MAGE,Vaporize,0.0625,16
2,MAGE,Water Elemental,0.5625,16
2,MAGE,Wolfrider,0.125,16
2,MAGE,Ysera,0.0625,16
2,WARRIOR,Acidic Swamp Ooze,0.1875,16
2,WARRIOR,Acolyte of Pain,0.375,16
2,WARRIOR,Alexstrasza,0.3125,16
2,WARRIOR,Amani Berserker,0.25,16
2,WARRIOR,Angry Chicken,0.125,16
2,WARRIOR,Arathi Weaponsmith,0.4375,16
2,WARRIOR,Arcane Golem,0.0625,16
2,WARRIOR,Arcanite Reaper,0.5,16
2,WARRIOR,Argent Commander,0.4375,16
2,WARRIOR,Argent Squire,0.1875,16
2,WARRIOR,Armorsmith,0.4375,16
2,WARRIOR,Azure Drake,0.0625,16
2,WARRIOR,Baron Geddon,0.1875,16
2,WARRIOR,Battle Rage,0.0625,16
2,WARRIOR,Big Game Hunter,0.25,16
2,WARRIOR,Bloodfen Raptor,0.0625,16
2,WARRIOR,Bloodsail Raider,0.6875,16
2,WARRIOR,Boulderfist Ogre,0.125,16
2,WARRIOR,Brawl,0.375,16
2,WARRIOR,Cairne Bloodhoof,0.1875,16
2,WARRIOR,Chillwind Yeti,0.0625,16
2,WARRIOR,Cleave,0.1875,16
2,WARRIOR,Commanding Shout,0.0625,16
2,WARRIOR,Cruel Taskmaster,0.75,16
2,WARRIOR,Dark Iron Dwarf,0.3125,16
2,WARRIOR,Death's Bite,0.0625,16
2,WARRIOR,Defender of Argus,0.125,16
2,WARRIOR,Dire Wolf Alpha,0.1875,16
2,WARRIOR,Dragonling Mechanic,0.0625,16
2,WARRIOR,Echoing Ooze,0.25,16
2,WARRIOR,Elven Archer,0.3125,16
2,WARRIOR,Execute,0.75,16
2,WARRIOR,Faceless Manipulator,0.25,16
2,WARRIOR,Faerie Dragon,0.0625,16
2,WARRIOR,Fiery War Axe,1.0,16
2,WARRIOR,Frothing Berserker,0.625,16
2,WARRIOR,Gorehowl,0.4375,16
2,WARRIOR,Grommash Hellscream,0.5,16
2,WARRIOR,Harvest Golem,0.4375,16
2,WARRIOR,Heroic Strike,0.4375,16
2,WARRIOR,Hungry Crab,0.0625,16
2,WARRIOR,Imp Master,0.0625,16
2,WARRIOR,Inner Rage,0.25,16
2,WARRIOR,Ironbeak Owl,0.25,16
2,WARRIOR,Knife Juggler,0.1875,16
2,WARRIOR,Kor'kron Elite,0.5625,16
2,WARRIOR,Leeroy Jenkins,0.1875,16
2,WARRIOR,Leper Gnome,0.3125,16
2,WARRIOR,Lorewalker Cho,0.0625,16
2,WARRIOR,Mana Addict,0.0625,16
2,WARRIOR,Master Swordsmith,0.1875,16
2,WARRIOR,Mortal Strike,0.3125,16
2,WARRIOR,Murloc Raider,0.0625,16
2,WARRIOR,Nightblade,0.25,16
2,WARRIOR,Nozdormu,0.0625,16
2,WARRIOR,Oasis Snapjaw,0.0625,16
2,WARRIOR,Pint-Sized Summoner,0.125,16
2,WARRIOR,Raging Worgen,0.25,16
2,WARRIOR,Ragnaros the Firelord,0.375,16
2,WARRIOR,Rampage,0.0625,16
2,WARRIOR,Scarlet Crusader,0.1875,16
2,WARRIOR,Secretkeeper,0.0625,16
2,WARRIOR,Sen'jin Shieldmasta,0.0625,16
2,WARRIOR,Shattered Sun Cleric,0.25,16
2,WARRIOR,Shield Block,0.375,16
2,WARRIOR,Shield Slam,0.375,16
2,WARRIOR,Shieldbearer,0.1875,16
2,WARRIOR,Slam,0.5625,16
2,WARRIOR,Sludge Belcher,0.1875,16
2,WARRIOR,Spellbreaker,0.1875,16
2,WARRIOR,Spiteful Smith,0.125,16
2,WARRIOR,Stonetusk Boar,0.0625,16
2,WARRIOR,Sylvanas Windrunner,0.1875,16
2,WARRIOR,The Black Knight,0.1875,16
2,WARRIOR,Undertaker,0.0625,16
2,WARRIOR,Unstable Ghoul,0.0625,16
2,WARRIOR,Upgrade!,0.0625,16
2,WARRIOR,Warsong Commander,0.625,16
2,WARRIOR,Whirlwind,0.4375,16
2,WARRIOR,Windfury Harpy,0.0625,16
2,WARRIOR,Youthful Brewmaster,0.0625,16
2,WARRIOR,Ysera,0.1875,16
3,HUNTER,Animal Companion,1.0,11
3,HUNTER,Arcane Shot,0.3636,11
3,HUNTER,Azure Drake,0.0909,11
3,HUNTER,Big Game Hunter,0.1818,11
3,HUNTER,Bloodfen Raptor,0.0909,11
3,HUNTER,Bloodsail Corsair,0.0909,11
3,HUNTER,Booty Bay Bodyguard,0.0909,11
3,HUNTER,Dark Iron Dwarf,0.0909,11
3,HUNTER,Deadly Shot,0.8182,11
3,HUNTER,Deathlord,0.0909,11
3,HUNTER,Dire Wolf Alpha,0.1818,11
3,HUNTER,Eaglehorn Bow,0.7273,11
3,HUNTER,Echoing Ooze,0.0909,11
3,HUNTER,Emperor Cobra,0.0909,11
3,HUNTER,Explosive Shot,0.1818,11
3,HUNTER,Explosive Trap,0.7273,11
3,HUNTER,Faerie Dragon,0.1818,11
3,HUNTER,Feugen,0.1818,11
3,HUNTER,Flare,0.8182,11
3,HUNTER,Freezing Trap,0.7273,11
3,HUNTER,Frost Elemental,0.0909,11
3,HUNTER,Houndmaster,0.7273,11
3,HUNTER,Hunter's Mark,0.6364,11
3,HUNTER,Ironbeak Owl,0.3636,11
3,HUNTER,Ironfur Grizzly,0.0909,11
3,HUNTER,Kel'Thuzad,0.1818,11
3,HUNTER,Kill Command,0.7273,11
3,HUNTER,King Krush,0.0909,11
3,HUNTER,Knife Juggler,0.1818,11
3,HUNTER,Leeroy Jenkins,0.4545,11
3,HUNTER,Leper Gnome,0.0909,11
3,HUNTER,Loatheb,0.0909,11
3,HUNTER,Loot Hoarder,0.1818,11
3,HUNTER,Misdirection,0.1818,11
3,HUNTER,Multi-Shot,0.0909,11
3,HUNTER,Nat Pagle,0.0909,11
3,HUNTER,Ragnaros the Firelord,0.0909,11
3,HUNTER,River Crocolisk,0.1818,11
3,HUNTER,Savannah Highmane,0.9091,11
3,HUNTER,Scavenging Hyena,0.5455,11
3,HUNTER,Sea Giant,0.1818,11
3,HUNTER,Sen'jin Shieldmasta,0.0909,11
3,HUNTER,Shieldbearer,0.1818,11
3,HUNTER,Snake Trap,0.3636,11
3,HUNTER,Snipe,0.0909,11
3,HUNTER,Spectral Knight,0.0909,11
3,HUNTER,Stampeding Kodo,0.3636,11
3,HUNTER,Starving Buzzard,0.9091,11
3,HUNTER,Stoneskin Gargoyle,0.1818,11
3,HUNTER,Stonetusk Boar,0.4545,11
3,HUNTER,Stormwind Champion,0.0909,11
3,HUNTER,Stranglethorn Tiger,0.1818,11
3,HUNTER,Thrallmar Farseer,0.1818,11
3,HUNTER,Timber Wolf,0.8182,11
3,HUNTER,Tracking,0.4545,11
3,HUNTER,Tundra Rhino,0.0909,11
3,HUNTER,Undertaker,0.1818,11
3,HUNTER,Unleash the Hounds,1.0,11
3,HUNTER,Voodoo Doctor,0.0909,11
3,MAGE,Abusive Sergeant,0.0588,17
3,MAGE,Acidic Swamp Ooze,0.0588,17
3,MAGE,Acolyte of Pain,0.3529,17
3,MAGE,Alexstrasza,0.1765,17
3,MAGE,Amani Berserker,0.4118,17
3,MAGE,Ancient Watcher,0.1176,17
3,MAGE,Arcane Explosion,0.2941,17
3,MAGE,Arcane Golem,0.0588,17
3,MAGE,Arcane Intellect,0.5882,17
3,MAGE,Arcane Missiles,0.4706,17
3,MAGE,Archmage Antonidas,0.4118,17
3,MAGE,Argent Commander,0.1765,17
3,MAGE,Argent Squire,0.2353,17
3,MAGE,Azure Drake,0.5882,17
3,MAGE,Blizzard,0.2941,17
3,MAGE,Bloodmage Thalnos,0.5882,17
3,MAGE,Bluegill Warrior,0.0588,17
3,MAGE,Boulderfist Ogre,0.0588,17
3,MAGE,Chillwind Yeti,0.2353,17
3,MAGE,Coldlight Oracle,0.1765,17
3,MAGE,Cone of Cold,0.0588,17
3,MAGE,Counterspell,0.1176,17
3,MAGE,Defender of Argus,0.1176,17
3,MAGE,Dire Wolf Alpha,0.1176,17
3,MAGE,Doomsayer,0.2353,17
3,MAGE,Dread Corsair,0.0588,17
3,MAGE,Earthen Ring Farseer,0.2941,17
3,MAGE,Ethereal Arcanist,0.1176,17
3,MAGE,Faceless Manipulator,0.2941,17
3,MAGE,Faerie Dragon,0.1176,17
3,MAGE,Fireball,0.8824,17
3,MAGE,Flamestrike,0.3529,17
3,MAGE,Frost Elemental,0.0588,17
3,MAGE,Frost Nova,0.3529,17
3,MAGE,Frostbolt,1.0,17
3,MAGE,Frostwolf Grunt,0.1176,17
3,MAGE,Gadgetzan Auctioneer,0.1765,17
3,MAGE,Goldshire Footman,0.0588,17
3,MAGE,Harvest Golem,0.1765,17
3,MAGE,Ice Barrier,0.2353,17
3,MAGE,Ice Block,0.2941,17
3,MAGE,Ice Lance,0.4118,17
3,MAGE,Injured Blademaster,0.0588,17
3,MAGE,Ironfur Grizzly,0.1176,17
3,MAGE,Knife Juggler,0.1765,17
3,MAGE,Kobold Geomancer,0.1176,17
3,MAGE,Leeroy Jenkins,0.1765,17
3,MAGE,Leper Gnome,0.1765,17
3,MAGE,Loatheb,0.0588,17
3,MAGE,Loot Hoarder,0.2941,17
3,MAGE,Mana Wyrm,0.7059,17
3,MAGE,Millhouse Manastorm,0.1765,17
3,MAGE,Mirror Entity,0.1176,17
3,MAGE,Mirror Image,0.5882,17
3,MAGE,Molten Giant,0.0588,17
3,MAGE,Mountain Giant,0.1176,17
3,MAGE,Nerub'ar Weblord,0.0588,17
3,MAGE,Nightblade,0.1176,17
3,MAGE,Novice Engineer,0.2353,17
3,MAGE,Polymorph,0.5882,17
3,MAGE,Pyroblast,0.4118,17
3,MAGE,Questing Adventurer,0.0588,17
3,MAGE,Ragnaros the Firelord,0.2941,17
3,MAGE,Ravenholdt Assassin,0.1176,17
3,MAGE,Razorfen Hunter,0.1176,17
3,MAGE,Reckless Rocketeer,0.1176,17
3,MAGE,Shade of Naxxramas,0.0588,17
3,MAGE,Shattered Sun Cleric,0.1176,17
3,MAGE,Shieldbearer,0.1176,17
3,MAGE,Sludge Belcher,0.2941,17
3,MAGE,Sorcerer's Apprentice,0.4706,17
3,MAGE,Spellbender,0.1176,17
3,MAGE,Stoneskin Gargoyle,0.0588,17
3,MAGE,Sunfury Protector,0.1765,17
3,MAGE,Sylvanas Windrunner,0.1765,17
3,MAGE,The Black Knight,0.1176,17
3,MAGE,Tinkmaster Overspark,0.0588,17
3,MAGE,Undertaker,0.0588,17
3,MAGE,Vaporize,0.1176,17
3,MAGE,Water Elemental,0.5294,17
3,MAGE,Wolfrider,0.1176,17
3,MAGE,Ysera,0.1176,17
3,WARRIOR,Acidic Swamp Ooze,0.2,15
3,WARRIOR,Acolyte of Pain,0.2667,15
3,WARRIOR,Alarm-o-Bot,0.0667,15
3,WARRIOR,Alexstrasza,0.2667,15
3,WARRIOR,Amani Berserker,0.2,15
3,WARRIOR,Angry Chicken,0.1333,15
3,WARRIOR,Arathi Weaponsmith,0.4667,15
3,WARRIOR,Arcane Golem,0.0667,15
3,WARRIOR,Arcanite Reaper,0.5333,15
3,WARRIOR,Argent Commander,0.4667,15
3,WARRIOR,Argent Squire,0.2,15
3,WARRIOR,Armorsmith,0.4,15
3,WARRIOR,Azure Drake,0.0667,15
3,WARRIOR,Baron Geddon,0.1333,15
3,WARRIOR,Big Game Hunter,0.2,15
3,WARRIOR,Bloodfen Raptor,0.0667,15
3,WARRIOR,Bloodsail Raider,0.7333,15
3,WARRIOR,Boulderfist Ogre,0.1333,15
3,WARRIOR,Brawl,0.4,15
3,WARRIOR,Cairne Bloodhoof,0.2,15
3,WARRIOR,Chillwind Yeti,0.0667,15
3,WARRIOR,Cleave,0.2,15
3,WARRIOR,Commanding Shout,0.0667,15
3,WARRIOR,Cruel Taskmaster,0.7333,15
3,WARRIOR,Dark Iron Dwarf,0.3333,15
3,WARRIOR,Death's Bite,0.0667,15
3,WARRIOR,Defender of Argus,0.1333,15
3,WARRIOR,Dire Wolf Alpha,0.2,15
3,WARRIOR,Dragonling Mechanic,0.0667,15
3,WARRIOR,Dread Corsair,0.0667,15
3,WARRIOR,Echoing Ooze,0.2,15
3,WARRIOR,Elven Archer,0.3333,15
3,WARRIOR,Execute,0.7333,15
3,WARRIOR,Faceless Manipulator,0.2,15
3,WARRIOR,Faerie Dragon,0.0667,15
3,WARRIOR,Fiery War Axe,1.0,15
3,WARRIOR,Frost Elemental,0.0667,15
3,WARRIOR,Frothing Berserker,0.5333,15
3,WARRIOR,Gorehowl,0.4667,15
3,WARRIOR,Grommash Hellscream,0.5333,15
3,WARRIOR,Harrison Jones,0.0667,15
3,WARRIOR,Harvest Golem,0.4,15
3,WARRIOR,Heroic Strike,0.4667,15
3,WARRIOR,Hungry Crab,0.0667,15
3,WARRIOR,Imp Master,0.0667,15
3,WARRIOR,Inner Rage,0.2,15
3,WARRIOR,Ironbeak Owl,0.2667,15
3,WARRIOR,Knife Juggler,0.2,15
3,WARRIOR,Kor'kron Elite,0.6,15
3,WARRIOR,Leeroy Jenkins,0.2,15
3,WARRIOR,Leper Gnome,0.2667,15
3,WARRIOR,Lorewalker Cho,0.0667,15
3,WARRIOR,Mana Addict,0.0667,15
3,WARRIOR,Master Swordsmith,0.2,15
3,WARRIOR,Mortal Strike,0.2667,15
3,WARRIOR,Nightblade,0.2667,15
3,WARRIOR,Nozdormu,0.0667,15
3,WARRIOR,Pint-Sized Summoner,0.1333,15
3,WARRIOR,Raging Worgen,0.2,15
3,WARRIOR,Ragnaros the Firelord,0.4,15
3,WARRIOR,Rampage,0.0667,15
3,WARRIOR,Scarlet Crusader,0.2,15
3,WARRIOR,Secretkeeper,0.0667,15
3,WARRIOR,Sen'jin Shieldmasta,0.0667,15
3,WARRIOR,Shattered Sun Cleric,0.2,15
3,WARRIOR,Shield Block,0.4,15
3,WARRIOR,Shield Slam,0.4,15
3,WARRIOR,Shieldbearer,0.2,15
3,WARRIOR,Slam,0.5333,15
3,WARRIOR,Sludge Belcher,0.2667,15
3,WARRIOR,Spellbreaker,0.2667,15
3,WARRIOR,Spiteful Smith,0.2,15
3,WARRIOR,Stonetusk Boar,0.0667,15
3,WARRIOR,Sylvanas Windrunner,0.2,15
3,WARRIOR,The Black Knight,0.2667,15
3,WARRIOR,Undertaker,0.1333,15
3,WARRIOR,Unstable Ghoul,0.0667,15
3,WARRIOR,Upgrade!,0.1333,15
3,WARRIOR,Warsong Commander,0.6,15
3,WARRIOR,Whirlwind,0.4,15
3,WARRIOR,Windfury Harpy,0.0667,15
3,WARRIOR,Youthful Brewmaster,0.0667,15
3,WARRIOR,Ysera,0.2,15
4,HUNTER,Animal Companion,1.0,12
4,HUNTER,Arcane Shot,0.3333,12
4,HUNTER,Azure Drake,0.1667,12
4,HUNTER,Big Game Hunter,0.25,12
4,HUNTER,Bloodfen Raptor,0.0833,12
4,HUNTER,Bloodsail Corsair,0.0833,12
4,HUNTER,Booty Bay Bodyguard,0.0833,12
4,HUNTER,Dark Iron Dwarf,0.0833,12
4,HUNTER,Deadly Shot,0.8333,12
4,HUNTER,Deathlord,0.0833,12
4,HUNTER,Dire Wolf Alpha,0.1667,12
4,HUNTER,Eaglehorn Bow,0.75,12
4,HUNTER,Echoing Ooze,0.0833,12
4,HUNTER,Emperor Cobra,0.0833,12
4,HUNTER,Explosive Shot,0.1667,12
4,HUNTER,Explosive Trap,0.75,12
4,HUNTER,Faerie Dragon,0.25,12
4,HUNTER,Feugen,0.1667,12
4,HUNTER,Flare,0.75,12
4,HUNTER,Freezing Trap,0.75,12
4,HUNTER,Frost Elemental,0.1667,12
4,HUNTER,Houndmaster,0.75,12
4,HUNTER,Hunter's Mark,0.5833,12
4,HUNTER,Ironbeak Owl,0.4167,12
4,HUNTER,Ironfur Grizzly,0.0833,12
4,HUNTER,Kel'Thuzad,0.1667,12
4,HUNTER,Kill Command,0.6667,12
4,HUNTER,King Krush,0.0833,12
4,HUNTER,Knife Juggler,0.25,12
4,HUNTER,Leeroy Jenkins,0.5,12
4,HUNTER,Leper Gnome,0.0833,12
4,HUNTER,Loatheb,0.0833,12
4,HUNTER,Loot Hoarder,0.1667,12
4,HUNTER,Misdirection,0.1667,12
4,HUNTER,Multi-Shot,0.0833,12
4,HUNTER,Nat Pagle,0.0833,12
4,HUNTER,Ragnaros the Firelord,0.0833,12
4,HUNTER,River Crocolisk,0.1667,12
4,HUNTER,Savannah Highmane,0.9167,12
4,HUNTER,Scavenging Hyena,0.5,12
4,HUNTER,Sea Giant,0.25,12
4,HUNTER,Sen'jin Shieldmasta,0.0833,12
4,HUNTER,Shieldbearer,0.1667,12
4,HUNTER,Sludge Belcher,0.0833,12
4,HUNTER,Snake Trap,0.3333,12
4,HUNTER,Snipe,0.0833,12
4,HUNTER,Spectral Knight,0.0833,12
4,HUNTER,Stampeding Kodo,0.3333,12
4,HUNTER,Starving Buzzard,0.9167,12
4,HUNTER,Stoneskin Gargoyle,0.1667,12
4,HUNTER,Stonetusk Boar,0.4167,12
4,HUNTER,Stormwind Champion,0.0833,12
4,HUNTER,Stranglethorn Tiger,0.25,12
4,HUNTER,Thrallmar Farseer,0.25,12
4,HUNTER,Timber Wolf,0.75,12
4,HUNTER,Tracking,0.5,12
4,HUNTER,Tundra Rhino,0.0833,12
4,HUNTER,Undertaker,0.1667,12
4,HUNTER,Unleash the Hounds,1.0,12
4,MAGE,Acidic Swamp Ooze,0.0556,18
4,MAGE,Acolyte of Pain,0.3333,18
4,MAGE,Alexstrasza,0.2778,18
4,MAGE,Amani Berserker,0.4444,18
4,MAGE,Ancient Watcher,0.0556,18
4,MAGE,Arcane Explosion,0.2222,18
4,MAGE,Arcane Intellect,0.6111,18
4,MAGE,Arcane Missiles,0.3333,18
4,MAGE,Archmage Antonidas,0.4444,18
4,MAGE,Argent Commander,0.2222,18
4,MAGE,Argent Squire,0.2778,18
4,MAGE,Azure Drake,0.5556,18
4,MAGE,Blizzard,0.3333,18
4,MAGE,Bloodmage Thalnos,0.6111,18
4,MAGE,Bluegill Warrior,0.0556,18
4,MAGE,Boulderfist Ogre,0.0556,18
4,MAGE,Chillwind Yeti,0.2222,18
4,MAGE,Coldlight Oracle,0.2222,18
4,MAGE,Cone of Cold,0.0556,18
4,MAGE,Counterspell,0.0556,18
4,MAGE,Defender of Argus,0.1111,18
4,MAGE,Dire Wolf Alpha,0.1667,18
4,MAGE,Doomsayer,0.3333,18
4,MAGE,Dread Corsair,0.0556,18
4,MAGE,Earthen Ring Farseer,0.2778,18
4,MAGE,Ethereal Arcanist,0.0556,18
4,MAGE,Faceless Manipulator,0.2778,18
4,MAGE,Faerie Dragon,0.1667,18
4,MAGE,Fireball,0.9444,18
4,MAGE,Flamestrike,0.3333,18
4,MAGE,Frost Elemental,0.0556,18
4,MAGE,Frost Nova,0.4444,18
4,MAGE,Frostbolt,0.9444,18
4,MAGE,Frostwolf Grunt,0.0556,18
4,MAGE,Gadgetzan Auctioneer,0.1667,18
4,MAGE,Harvest Golem,0.1667,18
4,MAGE,Ice Barrier,0.2778,18
4,MAGE,Ice Block,0.3889,18
4,MAGE,Ice Lance,0.4444,18
4,MAGE,Injured Blademaster,0.0556,18
4,MAGE,Ironfur Grizzly,0.0556,18
4,MAGE,Knife Juggler,0.1111,18
4,MAGE,Kobold Geomancer,0.2222,18
4,MAGE,Leeroy Jenkins,0.1667,18
4,MAGE,Leper Gnome,0.1667,18
4,MAGE,Loatheb,0.0556,18
4,MAGE,Loot Hoarder,0.3333,18
4,MAGE,Mana Wyrm,0.6667,18
4,MAGE,Millhouse Manastorm,0.2222,18
4,MAGE,Mirror Entity,0.0556,18
4,MAGE,Mirror Image,0.5556,18
4,MAGE,Molten Giant,0.0556,18
4,MAGE,Mountain Giant,0.1111,18
4,MAGE,Nerub'ar Weblord,0.1111,18
4,MAGE,Nightblade,0.1667,18
4,MAGE,Novice Engineer,0.3333,18
4,MAGE,Polymorph,0.5,18
4,MAGE,Pyroblast,0.4444,18
4,MAGE,Questing Adventurer,0.0556,18
4,MAGE,Raging Worgen,0.0556,18
4,MAGE,Ragnaros the Firelord,0.3333,18
4,MAGE,Ravenholdt Assassin,0.1667,18
4,MAGE,Razorfen Hunter,0.1111,18
4,MAGE,Reckless Rocketeer,0.2222,18
4,MAGE,Shade of Naxxramas,0.0556,18
4,MAGE,Shattered Sun Cleric,0.1667,18
4,MAGE,Shieldbearer,0.0556,18
4,MAGE,Sludge Belcher,0.2222,18
4,MAGE,Sorcerer's Apprentice,0.5,18
4,MAGE,Spellbender,0.0556,18
4,MAGE,Sunfury Protector,0.1667,18
4,MAGE,Sunwalker,0.0556,18
4,MAGE,Sylvanas Windrunner,0.1667,18
4,MAGE,The Black Knight,0.1111,18
4,MAGE,Tinkmaster Overspark,0.0556,18
4,MAGE,Undertaker,0.0556,18
4,MAGE,Vaporize,0.0556,18
4,MAGE,Water Elemental,0.5556,18
4,MAGE,Wolfrider,0.1111,18
4,MAGE,Young Dragonhawk,0.0556,18
4,MAGE,Ysera,0.0556,18
4,WARRIOR,Acidic Swamp Ooze,0.2,15
4,WARRIOR,Acolyte of Pain,0.2667,15
4,WARRIOR,Alexstrasza,0.2667,15
4,WARRIOR,Amani Berserker,0.2,15
4,WARRIOR,Angry Chicken,0.1333,15
4,WARRIOR,Arathi Weaponsmith,0.4667,15
4,WARRIOR,Arcane Golem,0.0667,15
4,WARRIOR,Arcanite Reaper,0.5333,15
4,WARRIOR,Argent Commander,0.4667,15
4,WARRIOR,Argent Squire,0.2,15
4,WARRIOR,Armorsmith,0.4,15
4,WARRIOR,Azure Drake,0.0667,15
4,WARRIOR,Baron Geddon,0.1333,15
4,WARRIOR,Big Game Hunter,0.2,15
4,WARRIOR,Bloodfen Raptor,0.0667,15
4,WARRIOR,Bloodsail Raider,0.7333,15
4,WARRIOR,Boulderfist Ogre,0.1333,15
4,WARRIOR,Brawl,0.4,15
4,WARRIOR,Cairne Bloodhoof,0.2,15
4,WARRIOR,Chillwind Yeti,0.0667,15
4,WARRIOR,Cleave,0.2,15
4,WARRIOR,Commanding Shout,0.0667,15
4,WARRIOR,Cruel Taskmaster,0.7333,15
4,WARRIOR,Dark Iron Dwarf,0.3333,15
4,WARRIOR,Death's Bite,0.1333,15
4,WARRIOR,Defender of Argus,0.1333,15
4,WARRIOR,Dire Wolf Alpha,0.2,15
4,WARRIOR,Dragonling Mechanic,0.0667,15
4,WARRIOR,Dread Corsair,0.0667,15
4,WARRIOR,Earthen Ring Farseer,0.0667,15
4,WARRIOR,Echoing Ooze,0.2,15
4,WARRIOR,Elven Archer,0.3333,15
4,WARRIOR,Execute,0.7333,15
4,WARRIOR,Faceless Manipulator,0.2,15
4,WARRIOR,Faerie Dragon,0.0667,15
4,WARRIOR,Fiery War Axe,1.0,15
4,WARRIOR,Frothing Berserker,0.5333,15
4,WARRIOR,Gorehowl,0.4,15
4,WARRIOR,Grommash Hellscream,0.5333,15
4,WARRIOR,Harrison Jones,0.0667,15
4,WARRIOR,Harvest Golem,0.4,15
4,WARRIOR,Heroic Strike,0.4667,15
4,WARRIOR,Hungry Crab,0.0667,15
4,WARRIOR,Imp Master,0.0667,15
4,WARRIOR,Inner Rage,0.2,15
4,WARRIOR,Ironbeak Owl,0.2667,15
4,WARRIOR,Knife Juggler,0.2,15
4,WARRIOR,Kor'kron Elite,0.6,15
4,WARRIOR,Leeroy Jenkins,0.2,15
4,WARRIOR,Leper Gnome,0.2667,15
4,WARRIOR,Lorewalker Cho,0.0667,15
4,WARRIOR,Mana Addict,0.0667,15
4,WARRIOR,Master Swordsmith,0.2,15
4,WARRIOR,Mortal Strike,0.2667,15
4,WARRIOR,Nightblade,0.2667,15
4,WARRIOR,Nozdormu,0.0667,15
4,WARRIOR,Pint-Sized Summoner,0.1333,15
4,WARRIOR,Raging Worgen,0.2,15
4,WARRIOR,Ragnaros the Firelord,0.4,15
4,WARRIOR,Rampage,0.0667,15
4,WARRIOR,Scarlet Crusader,0.2,15
4,WARRIOR,Secretkeeper,0.0667,15
4,WARRIOR,Sen'jin Shieldmasta,0.0667,15
4,WARRIOR,Shattered Sun Cleric,0.2,15
4,WARRIOR,Shield Block,0.4,15
4,WARRIOR,Shield Slam,0.4,15
4,WARRIOR,Shieldbearer,0.2,15
4,WARRIOR,Slam,0.5333,15
4,WARRIOR,Sludge Belcher,0.2667,15
4,WARRIOR,Spellbreaker,0.2667,15
4,WARRIOR,Spiteful Smith,0.2,15
4,WARRIOR,Stonetusk Boar,0.0667,15
4,WARRIOR,Sylvanas Windrunner,0.2,15
4,WARRIOR,The Black Knight,0.2667,15
4,WARRIOR,Undertaker,0.1333,15
4,WARRIOR,Unstable Ghoul,0.0667,15
4,WARRIOR,Upgrade!,0.1333,15
4,WARRIOR,Warsong Commander,0.6,15
4,WARRIOR,Whirlwind,0.4,15
4,WARRIOR,Windfury Harpy,0.0667,15
4,WARRIOR,Youthful Brewmaster,0.0667,15
4,WARRIOR,Ysera,0.2,15
5,HUNTER,Animal Companion,1.0,12
5,HUNTER,Arcane Shot,0.3333,12
5,HUNTER,Azure Drake,0.1667,12
5,HUNTER,Big Game Hunter,0.25,12
5,HUNTER,Bloodfen Raptor,0.0833,12
5,HUNTER,Bloodsail Corsair,0.0833,12
5,HUNTER,Booty Bay Bodyguard,0.0833,12
5,HUNTER,Dark Iron Dwarf,0.0833,12
5,HUNTER,Deadly Shot,0.8333,12
5,HUNTER,Deathlord,0.0833,12
5,HUNTER,Dire Wolf Alpha,0.1667,12
5,HUNTER,Eaglehorn Bow,0.75,12
5,HUNTER,Echoing Ooze,0.0833,12
5,HUNTER,Emperor Cobra,0.0833,12
5,HUNTER,Explosive Shot,0.1667,12
5,HUNTER,Explosive Trap,0.75,12
5,HUNTER,Faerie Dragon,0.25,12
5,HUNTER,Feugen,0.1667,12
5,HUNTER,Flare,0.75,12
5,HUNTER,Freezing Trap,0.75,12
5,HUNTER,Frost Elemental,0.1667,12
5,HUNTER,Houndmaster,0.75,12
5,HUNTER,Hunter's Mark,0.5833,12
5,HUNTER,Ironbeak Owl,0.4167,12
5,HUNTER,Ironfur Grizzly,0.0833,12
5,HUNTER,Kel'Thuzad,0.1667,12
5,HUNTER,Kill Command,0.6667,12
5,HUNTER,King Krush,0.0833,12
5,HUNTER,Knife Juggler,0.25,12
5,HUNTER,Leeroy Jenkins,0.5,12
5,HUNTER,Leper Gnome,0.0833,12
5,HUNTER,Loatheb,0.0833,12
5,HUNTER,Loot Hoarder,0.25,12
5,HUNTER,Mad Scientist,0.0833,12
5,HUNTER,Misdirection,0.1667,12
5,HUNTER,Multi-Shot,0.0833,12
5,HUNTER,Nat Pagle,0.0833,12
5,HUNTER,Ragnaros the Firelord,0.0833,12
5,HUNTER,River Crocolisk,0.1667,12
5,HUNTER,Savannah Highmane,0.9167,12
5,HUNTER,Scavenging Hyena,0.5,12
5,HUNTER,Sea Giant,0.25,12
5,HUNTER,Sen'jin Shieldmasta,0.0833,12
5,HUNTER,Shieldbearer,0.1667,12
5,HUNTER,Sludge Belcher,0.1667,12
5,HUNTER,Snake Trap,0.3333,12
5,HUNTER,Snipe,0.0833,12
5,HUNTER,Spectral Knight,0.0833,12
5,HUNTER,Stampeding Kodo,0.3333,12
5,HUNTER,Starving Buzzard,0.9167,12
5,HUNTER,Stoneskin Gargoyle,0.1667,12
5,HUNTER,Stonetusk Boar,0.4167,12
5,HUNTER,Stormwind Champion,0.0833,12
5,HUNTER,Stranglethorn Tiger,0.25,12
5,HUNTER,Thrallmar Farseer,0.25,12
5,HUNTER,Timber Wolf,0.75,12
5,HUNTER,Tracking,0.5,12
5,HUNTER,Tundra Rhino,0.0833,12
5,HUNTER,Undertaker,0.1667,12
5,HUNTER,Unleash the Hounds,1.0,12
5,MAGE,Acidic Swamp Ooze,0.0476,21
5,MAGE,Acolyte of Pain,0.2857,21
5,MAGE,Alexstrasza,0.2381,21
5,MAGE,Amani Berserker,0.4286,21
5,MAGE,Ancient Watcher,0.0476,21
5,MAGE,Arcane Explosion,0.2857,21
5,MAGE,Arcane Intellect,0.5238,21
5,MAGE,Arcane Missiles,0.381,21
5,MAGE,Archmage Antonidas,0.4762,21
5,MAGE,Argent Commander,0.2381,21
5,MAGE,Argent Squire,0.2857,21
5,MAGE,Azure Drake,0.4762,21
5,MAGE,Blizzard,0.381,21
5,MAGE,Bloodmage Thalnos,0.5238,21
5,MAGE,Bluegill Warrior,0.0476,21
5,MAGE,Boulderfist Ogre,0.0476,21
5,MAGE,Chillwind Yeti,0.1905,21
5,MAGE,Coldlight Oracle,0.1905,21
5,MAGE,Cone of Cold,0.0476,21
5,MAGE,Counterspell,0.0952,21
5,MAGE,Darkscale Healer,0.0476,21
5,MAGE,Defender of Argus,0.0952,21
5,MAGE,Dire Wolf Alpha,0.1905,21
5,MAGE,Doomsayer,0.2857,21
5,MAGE,Dread Corsair,0.0476,21
5,MAGE,Earthen Ring Farseer,0.2381,21
5,MAGE,Echoing Ooze,0.0476,21
5,MAGE,Elven Archer,0.0476,21
5,MAGE,Ethereal Arcanist,0.1429,21
5,MAGE,Faceless Manipulator,0.2381,21
5,MAGE,Faerie Dragon,0.1905,21
5,MAGE,Fireball,0.8095,21
5,MAGE,Flamestrike,0.2857,21
5,MAGE,Frost Elemental,0.0476,21
5,MAGE,Frost Nova,0.381,21
5,MAGE,Frostbolt,0.9524,21
5,MAGE,Frostwolf Grunt,0.1429,21
5,MAGE,Gadgetzan Auctioneer,0.1429,21
5,MAGE,Harvest Golem,0.1429,21
5,MAGE,Ice Barrier,0.3333,21
5,MAGE,Ice Block,0.3333,21
5,MAGE,Ice Lance,0.381,21
5,MAGE,Injured Blademaster,0.0476,21
5,MAGE,Ironfur Grizzly,0.1429,21
5,MAGE,Knife Juggler,0.0952,21
5,MAGE,Kobold Geomancer,0.1905,21
5,MAGE,Leeroy Jenkins,0.1905,21
5,MAGE,Leper Gnome,0.1905,21
5,MAGE,Lightwarden,0.0476,21
5,MAGE,Loatheb,0.0952,21
5,MAGE,Loot Hoarder,0.2857,21
5,MAGE,Mana Wyrm,0.619,21
5,MAGE,Millhouse Manastorm,0.1905,21
5,MAGE,Mirror Entity,0.1429,21
5,MAGE,Mirror Image,0.5714,21
5,MAGE,Molten Giant,0.0476,21
5,MAGE,Mountain Giant,0.0952,21
5,MAGE,Nerub'ar Weblord,0.0952,21
5,MAGE,Nightblade,0.1905,21
5,MAGE,Novice Engineer,0.2857,21
5,MAGE,Polymorph,0.5238,21
5,MAGE,Pyroblast,0.4286,21
5,MAGE,Questing Adventurer,0.0476,21
5,MAGE,Raging Worgen,0.0476,21
5,MAGE,Ragnaros the Firelord,0.3333,21
5,MAGE,Ravenholdt Assassin,0.1905,21
5,MAGE,Razorfen Hunter,0.1429,21
5,MAGE,Reckless Rocketeer,0.1905,21
5,MAGE,Shade of Naxxramas,0.0476,21
5,MAGE,Shattered Sun Cleric,0.1905,21
5,MAGE,Shieldbearer,0.1429,21
5,MAGE,Sludge Belcher,0.2857,21
5,MAGE,Sorcerer's Apprentice,0.4286,21
5,MAGE,Spellbender,0.1429,21
5,MAGE,Stalagg,0.0476,21
5,MAGE,Sunfury Protector,0.1429,21
5,MAGE,Sunwalker,0.0476,21
5,MAGE,Sylvanas Windrunner,0.1429,21
5,MAGE,The Black Knight,0.1429,21
5,MAGE,Tinkmaster Overspark,0.0952,21
5,MAGE,Undertaker,0.1429,21
5,MAGE,Vaporize,0.0952,21
5,MAGE,Water Elemental,0.5238,21
5,MAGE,Wisp,0.0476,21
5,MAGE,Wolfrider,0.0952,21
5,MAGE,Young Dragonhawk,0.0476,21
5,MAGE,Ysera,0.0952,21
5,WARRIOR,Acidic Swamp Ooze,0.2,15
5,WARRIOR,Acolyte of Pain,0.2667,15
5,WARRIOR,Alexstrasza,0.2667,15
5,WARRIOR,Amani Berserker,0.2,15
5,WARRIOR,Angry Chicken,0.1333,15
5,WARRIOR,Arathi Weaponsmith,0.4667,15
5,WARRIOR,Arcane Golem,0.0667,15
5,WARRIOR,Arcanite Reaper,0.5333,15
5,WARRIOR,Argent Commander,0.4667,15
5,WARRIOR,Argent Squire,0.2667,15
5,WARRIOR,Armorsmith,0.4,15
5,WARRIOR,Azure Drake,0.0667,15
5,WARRIOR,Baron Geddon,0.1333,15
5,WARRIOR,Big Game Hunter,0.2,15
5,WARRIOR,Bloodfen Raptor,0.0667,15
5,WARRIOR,Bloodsail Raider,0.7333,15
5,WARRIOR,Boulderfist Ogre,0.1333,15
5,WARRIOR,Brawl,0.4,15
5,WARRIOR,Cairne Bloodhoof,0.2,15
5,WARRIOR,Chillwind Yeti,0.0667,15
5,WARRIOR,Cleave,0.2,15
5,WARRIOR,Commanding Shout,0.0667,15
5,WARRIOR,Cruel Taskmaster,0.7333,15
5,WARRIOR,Dark Iron Dwarf,0.3333,15
5,WARRIOR,Death's Bite,0.0667,15
5,WARRIOR,Defender of Argus,0.1333,15
5,WARRIOR,Dire Wolf Alpha,0.2,15
5,WARRIOR,Dragonling Mechanic,0.0667,15
5,WARRIOR,Dread Corsair,0.0667,15
5,WARRIOR,Earthen Ring Farseer,0.0667,15
5,WARRIOR,Echoing Ooze,0.2,15
5,WARRIOR,Elven Archer,0.3333,15
5,WARRIOR,Execute,0.7333,15
5,WARRIOR,Faceless Manipulator,0.2,15
5,WARRIOR,Faerie Dragon,0.0667,15
5,WARRIOR,Fiery War Axe,1.0,15
5,WARRIOR,Frothing Berserker,0.5333,15
5,WARRIOR,Gorehowl,0.4,15
5,WARRIOR,Grommash Hellscream,0.5333,15
5,WARRIOR,Harrison Jones,0.0667,15
5,WARRIOR,Harvest Golem,0.4,15
5,WARRIOR,Heroic Strike,0.4667,15
5,WARRIOR,Hungry Crab,0.0667,15
5,WARRIOR,Imp Master,0.0667,15
5,WARRIOR,Inner Rage,0.2,15
5,WARRIOR,Ironbeak Owl,0.2667,15
5,WARRIOR,Knife Juggler,0.2,15
5,WARRIOR,Kor'kron Elite,0.6,15
5,WARRIOR,Leeroy Jenkins,0.2,15
5,WARRIOR,Leper Gnome,0.2667,15
5,WARRIOR,Lorewalker Cho,0.0667,15
5,WARRIOR,Mana Addict,0.0667,15
5,WARRIOR,Master Swordsmith,0.2,15
5,WARRIOR,Mortal Strike,0.2667,15
5,WARRIOR,Nightblade,0.2667,15
5,WARRIOR,Nozdormu,0.0667,15
5,WARRIOR,Pint-Sized Summoner,0.1333,15
5,WARRIOR,Raging Worgen,0.2,15
5,WARRIOR,Ragnaros the Firelord,0.4,15
5,WARRIOR,Rampage,0.0667,15
5,WARRIOR,Scarlet Crusader,0.2,15
5,WARRIOR,Secretkeeper,0.0667,15
5,WARRIOR,Sen'jin Shieldmasta,0.0667,15
5,WARRIOR,Shattered Sun Cleric,0.2,15
5,WARRIOR,Shield Block,0.4,15
5,WARRIOR,Shield Slam,0.4,15
5,WARRIOR,Shieldbearer,0.2,15
5,WARRIOR,Slam,0.5333,15
5,WARRIOR,Sludge Belcher,0.2667,15
5,WARRIOR,Spellbreaker,0.2667,15
5,WARRIOR,Spiteful Smith,0.2,15
5,WARRIOR,Stonetusk Boar,0.0667,15
5,WARRIOR,Sylvanas Windrunner,0.2,15
5,WARRIOR,The Black Knight,0.2667,15
5,WARRIOR,Undertaker,0.1333,15
5,WARRIOR,Unstable Ghoul,0.1333,15
5,WARRIOR,Upgrade!,0.1333,15
5,WARRIOR,Warsong Commander,0.6,15
5,WARRIOR,Whirlwind,0.4,15
5,WARRIOR,Windfury Harpy,0.1333,15
5,WARRIOR,Youthful Brewmaster,0.0667,15
5,WARRIOR,Ysera,0.2,15
6,HUNTER,Animal Companion,1.0,12
6,HUNTER,Arcane Shot,0.3333,12
6,HUNTER,Azure Drake,0.1667,12
6,HUNTER,Big Game Hunter,0.25,12
6,HUNTER,Bloodfen Raptor,0.0833,12
6,HUNTER,Bloodsail Corsair,0.0833,12
6,HUNTER,Booty Bay Bodyguard,0.0833,12
6,HUNTER,Dark Iron Dwarf,0.0833,12
6,HUNTER,Deadly Shot,0.8333,12
6,HUNTER,Deathlord,0.0833,12
6,HUNTER,Dire Wolf Alpha,0.1667,12
6,HUNTER,Eaglehorn Bow,0.75,12
6,HUNTER,Echoing Ooze,0.0833,12
6,HUNTER,Emperor Cobra,0.0833,12
6,HUNTER,Explosive Shot,0.1667,12
6,HUNTER,Explosive Trap,0.75,12
6,HUNTER,Faerie Dragon,0.25,12
6,HUNTER,Feugen,0.1667,12
6,HUNTER,Flare,0.75,12
6,HUNTER,Freezing Trap,0.75,12
6,HUNTER,Frost Elemental,0.1667,12
6,HUNTER,Harrison Jones,0.0833,12
6,HUNTER,Houndmaster,0.75,12
6,HUNTER,Hunter's Mark,0.5833,12
6,HUNTER,Ironbeak Owl,0.4167,12
6,HUNTER,Ironfur Grizzly,0.0833,12
6,HUNTER,Kel'Thuzad,0.1667,12
6,HUNTER,Kill Command,0.6667,12
6,HUNTER,King Krush,0.0833,12
6,HUNTER,Knife Juggler,0.25,12
6,HUNTER,Leeroy Jenkins,0.5,12
6,HUNTER,Leper Gnome,0.0833,12
6,HUNTER,Loatheb,0.0833,12
6,HUNTER,Loot Hoarder,0.25,12
6,HUNTER,Mad Scientist,0.0833,12
6,HUNTER,Misdirection,0.1667,12
6,HUNTER,Multi-Shot,0.0833,12
6,HUNTER,Nat Pagle,0.0833,12
6,HUNTER,Ragnaros the Firelord,0.0833,12
6,HUNTER,River Crocolisk,0.1667,12
6,HUNTER,Savannah Highmane,0.9167,12
6,HUNTER,Scavenging Hyena,0.5,12
6,HUNTER,Sea Giant,0.25,12
6,HUNTER,Sen'jin Shieldmasta,0.0833,12
6,HUNTER,Shieldbearer,0.1667,12
6,HUNTER,Sludge Belcher,0.25,12
6,HUNTER,Snake Trap,0.3333,12
6,HUNTER,Snipe,0.0833,12
6,HUNTER,Spectral Knight,0.0833,12
6,HUNTER,Stampeding Kodo,0.3333,12
6,HUNTER,Starving Buzzard,0.9167,12
6,HUNTER,Stoneskin Gargoyle,0.1667,12
6,HUNTER,Stonetusk Boar,0.4167,12
6,HUNTER,Stormwind Champion,0.0833,12
6,HUNTER,Stranglethorn Tiger,0.25,12
6,HUNTER,Thrallmar Farseer,0.25,12
6,HUNTER,Timber Wolf,0.75,12
6,HUNTER,Tracking,0.5,12
6,HUNTER,Tundra Rhino,0.0833,12
6,HUNTER,Undertaker,0.1667,12
6,HUNTER,Unleash the Hounds,1.0,12
6,MAGE,Acidic Swamp Ooze,0.0455,22
6,MAGE,Acolyte of Pain,0.2727,22
6,MAGE,Alexstrasza,0.2273,22
6,MAGE,Amani Berserker,0.4091,22
6,MAGE,Ancient Watcher,0.0455,22
6,MAGE,Arcane Explosion,0.3182,22
6,MAGE,Arcane Intellect,0.5,22
6,MAGE,Arcane Missiles,0.4091,22
6,MAGE,Archmage Antonidas,0.5,22
6,MAGE,Argent Commander,0.2273,22
6,MAGE,Argent Squire,0.2727,22
6,MAGE,Azure Drake,0.4545,22
6,MAGE,Blizzard,0.4545,22
6,MAGE,Bloodmage Thalnos,0.5,22
6,MAGE,Bluegill Warrior,0.0455,22
6,MAGE,Boulderfist Ogre,0.0455,22
6,MAGE,Chillwind Yeti,0.1818,22
6,MAGE,Coldlight Oracle,0.1818,22
6,MAGE,Cone of Cold,0.0455,22
6,MAGE,Counterspell,0.1364,22
6,MAGE,Darkscale Healer,0.0455,22
6,MAGE,Defender of Argus,0.0455,22
6,MAGE,Dire Wolf Alpha,0.1818,22
6,MAGE,Doomsayer,0.2727,22
6,MAGE,Dread Corsair,0.0455,22
6,MAGE,Earthen Ring Farseer,0.2273,22
6,MAGE,Echoing Ooze,0.0455,22
6,MAGE,Elven Archer,0.0455,22
6,MAGE,Ethereal Arcanist,0.1818,22
6,MAGE,Faceless Manipulator,0.2273,22
6,MAGE,Faerie Dragon,0.1818,22
6,MAGE,Fireball,0.7727,22
6,MAGE,Flamestrike,0.2727,22
6,MAGE,Frost Elemental,0.0455,22
6,MAGE,Frost Nova,0.3636,22
6,MAGE,Frostbolt,0.9545,22
6,MAGE,Frostwolf Grunt,0.1818,22
6,MAGE,Gadgetzan Auctioneer,0.1364,22
6,MAGE,Harvest Golem,0.1364,22
6,MAGE,Ice Barrier,0.3636,22
6,MAGE,Ice Block,0.3182,22
6,MAGE,Ice Lance,0.3636,22
6,MAGE,Injured Blademaster,0.0455,22
6,MAGE,Ironfur Grizzly,0.1818,22
6,MAGE,Knife Juggler,0.0909,22
6,MAGE,Kobold Geomancer,0.1818,22
6,MAGE,Leeroy Jenkins,0.1818,22
6,MAGE,Leper Gnome,0.1818,22
6,MAGE,Lightwarden,0.0455,22
6,MAGE,Loatheb,0.0909,22
6,MAGE,Loot Hoarder,0.2727,22
6,MAGE,Mana Wyrm,0.5909,22
6,MAGE,Millhouse Manastorm,0.1818,22
6,MAGE,Mirror Entity,0.1818,22
6,MAGE,Mirror Image,0.5909,22
6,MAGE,Molten Giant,0.0455,22
6,MAGE,Mountain Giant,0.0909,22
6,MAGE,Nerub'ar Weblord,0.0909,22
6,MAGE,Nightblade,0.1818,22
6,MAGE,Novice Engineer,0.2727,22
6,MAGE,Polymorph,0.5455,22
6,MAGE,Priestess of Elune,0.0455,22
6,MAGE,Pyroblast,0.4091,22
6,MAGE,Questing Adventurer,0.0455,22
6,MAGE,Raging Worgen,0.0455,22
6,MAGE,Ragnaros the Firelord,0.3182,22
6,MAGE,Ravenholdt Assassin,0.1818,22
6,MAGE,Razorfen Hunter,0.1364,22
6,MAGE,Reckless Rocketeer,0.1818,22
6,MAGE,Shade of Naxxramas,0.0455,22
6,MAGE,Shattered Sun Cleric,0.1818,22
6,MAGE,Shieldbearer,0.1818,22
6,MAGE,Sludge Belcher,0.3182,22
6,MAGE,Sorcerer's Apprentice,0.4091,22
6,MAGE,Spellbender,0.1818,22
6,MAGE,Stalagg,0.0455,22
6,MAGE,Sunfury Protector,0.1364,22
6,MAGE,Sunwalker,0.0455,22
6,MAGE,Sylvanas Windrunner,0.1364,22
6,MAGE,The Black Knight,0.1364,22
6,MAGE,Tinkmaster Overspark,0.0909,22
6,MAGE,Undertaker,0.1818,22
6,MAGE,Vaporize,0.1364,22
6,MAGE,Water Elemental,0.5,22
6,MAGE,Wisp,0.0455,22
6,MAGE,Wolfrider,0.0909,22
6,MAGE,Young Dragonhawk,0.0455,22
6,MAGE,Ysera,0.1364,22
6,WARRIOR,Acidic Swamp Ooze,0.2143,14
6,WARRIOR,Acolyte of Pain,0.2857,14
6,WARRIOR,Alexstrasza,0.2857,14
6,WARRIOR,Amani Berserker,0.2143,14
6,WARRIOR,Angry Chicken,0.1429,14
6,WARRIOR,Arathi Weaponsmith,0.4286,14
6,WARRIOR,Arcane Golem,0.0714,14
6,WARRIOR,Arcanite Reaper,0.5,14
6,WARRIOR,Argent Commander,0.5,14
6,WARRIOR,Argent Squire,0.2857,14
6,WARRIOR,Armorsmith,0.4286,14
6,WARRIOR,Azure Drake,0.0714,14
6,WARRIOR,Baron Geddon,0.1429,14
6,WARRIOR,Big Game Hunter,0.2143,14
6,WARRIOR,Bloodfen Raptor,0.1429,14
6,WARRIOR,Bloodsail Raider,0.7143,14
6,WARRIOR,Boulderfist Ogre,0.1429,14
6,WARRIOR,Brawl,0.3571,14
6,WARRIOR,Cairne Bloodhoof,0.2143,14
6,WARRIOR,Chillwind Yeti,0.0714,14
6,WARRIOR,Cleave,0.1429,14
6,WARRIOR,Commanding Shout,0.0714,14
6,WARRIOR,Cruel Taskmaster,0.7143,14
6,WARRIOR,Dark Iron Dwarf,0.3571,14
6,WARRIOR,Defender of Argus,0.0714,14
6,WARRIOR,Dire Wolf Alpha,0.2143,14
6,WARRIOR,Dragonling Mechanic,0.0714,14
6,WARRIOR,Dread Corsair,0.0714,14
6,WARRIOR,Earthen Ring Farseer,0.0714,14
6,WARRIOR,Echoing Ooze,0.2143,14
6,WARRIOR,Elven Archer,0.3571,14
6,WARRIOR,Execute,0.7143,14
6,WARRIOR,Faceless Manipulator,0.2143,14
6,WARRIOR,Faerie Dragon,0.0714,14
6,WARRIOR,Fiery War Axe,1.0,14
6,WARRIOR,Frothing Berserker,0.5714,14
6,WARRIOR,Gorehowl,0.3571,14
6,WARRIOR,Grommash Hellscream,0.5,14
6,WARRIOR,Harrison Jones,0.0714,14
6,WARRIOR,Harvest Golem,0.4286,14
6,WARRIOR,Heroic Strike,0.5,14
6,WARRIOR,Hungry Crab,0.0714,14
6,WARRIOR,Imp Master,0.0714,14
6,WARRIOR,Inner Rage,0.2143,14
6,WARRIOR,Ironbeak Owl,0.2857,14
6,WARRIOR,Knife Juggler,0.2143,14
6,WARRIOR,Kor'kron Elite,0.6429,14
6,WARRIOR,Leeroy Jenkins,0.2143,14
6,WARRIOR,Leper Gnome,0.3571,14
6,WARRIOR,Loatheb,0.0714,14
6,WARRIOR,Lorewalker Cho,0.0714,14
6,WARRIOR,Mana Addict,0.0714,14
6,WARRIOR,Master Swordsmith,0.2143,14
6,WARRIOR,Mortal Strike,0.2857,14
6,WARRIOR,Nightblade,0.2143,14
6,WARRIOR,Nozdormu,0.0714,14
6,WARRIOR,Pint-Sized Summoner,0.1429,14
6,WARRIOR,Raging Worgen,0.2143,14
6,WARRIOR,Ragnaros the Firelord,0.4286,14
6,WARRIOR,Rampage,0.0714,14
6,WARRIOR,Scarlet Crusader,0.1429,14
6,WARRIOR,Secretkeeper,0.0714,14
6,WARRIOR,Sen'jin Shieldmasta,0.0714,14
6,WARRIOR,Shattered Sun Cleric,0.2143,14
6,WARRIOR,Shield Block,0.3571,14
6,WARRIOR,Shield Slam,0.3571,14
6,WARRIOR,Shieldbearer,0.2143,14
6,WARRIOR,Slam,0.5,14
6,WARRIOR,Sludge Belcher,0.2857,14
6,WARRIOR,Spellbreaker,0.2143,14
6,WARRIOR,Spiteful Smith,0.1429,14
6,WARRIOR,Stonetusk Boar,0.0714,14
6,WARRIOR,Sylvanas Windrunner,0.2857,14
6,WARRIOR,The Black Knight,0.2143,14
6,WARRIOR,Undertaker,0.0714,14
6,WARRIOR,Unstable Ghoul,0.1429,14
6,WARRIOR,Upgrade!,0.0714,14
6,WARRIOR,Warsong Commander,0.6429,14
6,WARRIOR,Whirlwind,0.3571,14
6,WARRIOR,Windfury Harpy,0.1429,14
6,WARRIOR,Youthful Brewmaster,0.0714,14
6,WARRIOR,Ysera,0.2143,14
7,HUNTER,Animal Companion,1.0,14
7,HUNTER,Arcane Shot,0.3571,14
7,HUNTER,Azure Drake,0.1429,14
7,HUNTER,Big Game Hunter,0.2857,14
7,HUNTER,Bloodfen Raptor,0.0714,14
7,HUNTER,Bloodsail Corsair,0.0714,14
7,HUNTER,Booty Bay Bodyguard,0.0714,14
7,HUNTER,Dark Iron Dwarf,0.1429,14
7,HUNTER,Deadly Shot,0.8571,14
7,HUNTER,Deathlord,0.0714,14
7,HUNTER,Dire Wolf Alpha,0.1429,14
7,HUNTER,Eaglehorn Bow,0.7857,14
7,HUNTER,Echoing Ooze,0.0714,14
7,HUNTER,Emperor Cobra,0.0714,14
7,HUNTER,Explosive Shot,0.2143,14
7,HUNTER,Explosive Trap,0.7857,14
7,HUNTER,Faerie Dragon,0.2857,14
7,HUNTER,Feugen,0.1429,14
7,HUNTER,Flare,0.7143,14
7,HUNTER,Freezing Trap,0.7857,14
7,HUNTER,Frost Elemental,0.2143,14
7,HUNTER,Harrison Jones,0.0714,14
7,HUNTER,Houndmaster,0.7143,14
7,HUNTER,Hunter's Mark,0.5714,14
7,HUNTER,Ironbeak Owl,0.4286,14
7,HUNTER,Ironfur Grizzly,0.1429,14
7,HUNTER,Kel'Thuzad,0.2143,14
7,HUNTER,Kill Command,0.6429,14
7,HUNTER,King Krush,0.0714,14
7,HUNTER,Knife Juggler,0.2857,14
7,HUNTER,Kobold Geomancer,0.0714,14
7,HUNTER,Leeroy Jenkins,0.5,14
7,HUNTER,Leper Gnome,0.0714,14
7,HUNTER,Loatheb,0.0714,14
7,HUNTER,Loot Hoarder,0.2857,14
7,HUNTER,Mad Scientist,0.2143,14
7,HUNTER,Misdirection,0.1429,14
7,HUNTER,Multi-Shot,0.0714,14
7,HUNTER,Nat Pagle,0.0714,14
7,HUNTER,Ragnaros the Firelord,0.0714,14
7,HUNTER,Razorfen Hunter,0.0714,14
7,HUNTER,River Crocolisk,0.1429,14
7,HUNTER,Savannah Highmane,0.9286,14
7,HUNTER,Scavenging Hyena,0.4286,14
7,HUNTER,Sea Giant,0.2857,14
7,HUNTER,Sen'jin Shieldmasta,0.1429,14
7,HUNTER,Shieldbearer,0.0714,14
7,HUNTER,Sludge Belcher,0.1429,14
7,HUNTER,Snake Trap,0.2857,14
7,HUNTER,Snipe,0.0714,14
7,HUNTER,Spectral Knight,0.1429,14
7,HUNTER,Stampeding Kodo,0.3571,14
7,HUNTER,Starving Buzzard,0.9286,14
7,HUNTER,Stoneskin Gargoyle,0.2143,14
7,HUNTER,Stonetusk Boar,0.3571,14
7,HUNTER,Stormwind Champion,0.0714,14
7,HUNTER,Stranglethorn Tiger,0.2857,14
7,HUNTER,Thrallmar Farseer,0.2857,14
7,HUNTER,Timber Wolf,0.7143,14
7,HUNTER,Tracking,0.5,14
7,HUNTER,Tundra Rhino,0.0714,14
7,HUNTER,Undertaker,0.1429,14
7,HUNTER,Unleash the Hounds,1.0,14
7,HUNTER,Webspinner,0.0714,14
7,HUNTER,Zombie Chow,0.0714,14
7,MAGE,Acidic Swamp Ooze,0.04,25
7,MAGE,Acolyte of Pain,0.28,25
7,MAGE,Alexstrasza,0.2,25
7,MAGE,Amani Berserker,0.44,25
7,MAGE,Ancient Watcher,0.08,25
7,MAGE,Arcane Explosion,0.32,25
7,MAGE,Arcane Intellect,0.44,25
7,MAGE,Arcane Missiles,0.4,25
7,MAGE,Archmage Antonidas,0.44,25
7,MAGE,Argent Commander,0.24,25
7,MAGE,Argent Squire,0.28,25
7,MAGE,Azure Drake,0.44,25
7,MAGE,Blizzard,0.48,25
7,MAGE,Bloodmage Thalnos,0.48,25
7,MAGE,Bluegill Warrior,0.04,25
7,MAGE,Boulderfist Ogre,0.04,25
7,MAGE,Chillwind Yeti,0.2,25
7,MAGE,Coldlight Oracle,0.12,25
7,MAGE,Cone of Cold,0.12,25
7,MAGE,Counterspell,0.12,25
7,MAGE,Darkscale Healer,0.08,25
7,MAGE,Defender of Argus,0.04,25
7,MAGE,Dire Wolf Alpha,0.2,25
7,MAGE,Doomsayer,0.24,25
7,MAGE,Dread Corsair,0.04,25
7,MAGE,Earthen Ring Farseer,0.24,25
7,MAGE,Echoing Ooze,0.08,25
7,MAGE,Elven Archer,0.04,25
7,MAGE,Ethereal Arcanist,0.2,25
7,MAGE,Faceless Manipulator,0.28,25
7,MAGE,Faerie Dragon,0.2,25
7,MAGE,Fireball,0.76,25
7,MAGE,Flamestrike,0.32,25
7,MAGE,Frost Elemental,0.04,25
7,MAGE,Frost Nova,0.32,25
7,MAGE,Frostbolt,0.96,25
7,MAGE,Frostwolf Grunt,0.2,25
7,MAGE,Gadgetzan Auctioneer,0.12,25
7,MAGE,Gnomish Inventor,0.04,25
7,MAGE,Goldshire Footman,0.04,25
7,MAGE,Harrison Jones,0.04,25
7,MAGE,Harvest Golem,0.16,25
7,MAGE,Ice Barrier,0.32,25
7,MAGE,Ice Block,0.28,25
7,MAGE,Ice Lance,0.28,25
7,MAGE,Injured Blademaster,0.04,25
7,MAGE,Ironfur Grizzly,0.2,25
7,MAGE,Knife Juggler,0.08,25
7,MAGE,Kobold Geomancer,0.12,25
7,MAGE,Leeroy Jenkins,0.2,25
7,MAGE,Leper Gnome,0.2,25
7,MAGE,Lightwarden,0.04,25
7,MAGE,Loatheb,0.12,25
7,MAGE,Loot Hoarder,0.2,25
7,MAGE,Mad Scientist,0.08,25
7,MAGE,Mana Wyrm,0.6,25
7,MAGE,Millhouse Manastorm,0.2,25
7,MAGE,Mirror Entity,0.24,25
7,MAGE,Mirror Image,0.56,25
7,MAGE,Molten Giant,0.08,25
7,MAGE,Mountain Giant,0.12,25
7,MAGE,Nerub'ar Weblord,0.08,25
7,MAGE,Nightblade,0.2,25
7,MAGE,Novice Engineer,0.2,25
7,MAGE,Polymorph,0.6,25
7,MAGE,Priestess of Elune,0.04,25
7,MAGE,Pyroblast,0.48,25
7,MAGE,Questing Adventurer,0.04,25
7,MAGE,Raging Worgen,0.04,25
7,MAGE,Ragnaros the Firelord,0.36,25
7,MAGE,Ravenholdt Assassin,0.2,25
7,MAGE,Razorfen Hunter,0.16,25
7,MAGE,Reckless Rocketeer,0.12,25
7,MAGE,River Crocolisk,0.04,25
7,MAGE,Shade of Naxxramas,0.04,25
7,MAGE,Shattered Sun Cleric,0.2,25
7,MAGE,Shieldbearer,0.2,25
7,MAGE,Sludge Belcher,0.36,25
7,MAGE,Sorcerer's Apprentice,0.32,25
7,MAGE,Spellbender,0.2,25
7,MAGE,Stalagg,0.04,25
7,MAGE,Stormwind Knight,0.04,25
7,MAGE,Sunfury Protector,0.16,25
7,MAGE,Sunwalker,0.04,25
7,MAGE,Sylvanas Windrunner,0.16,25
7,MAGE,Tauren Warrior,0.04,25
7,MAGE,The Black Knight,0.16,25
7,MAGE,Tinkmaster Overspark,0.12,25
7,MAGE,Undertaker,0.2,25
7,MAGE,Vaporize,0.12,25
7,MAGE,Water Elemental,0.56,25
7,MAGE,Wisp,0.04,25
7,MAGE,Wolfrider,0.08,25
7,MAGE,Ysera,0.12,25
7,WARRIOR,Acidic Swamp Ooze,0.2143,14
7,WARRIOR,Acolyte of Pain,0.2857,14
7,WARRIOR,Alexstrasza,0.2857,14
7,WARRIOR,Amani Berserker,0.2143,14
7,WARRIOR,Angry Chicken,0.1429,14
7,WARRIOR,Arathi Weaponsmith,0.4286,14
7,WARRIOR,Arcane Golem,0.0714,14
7,WARRIOR,Arcanite Reaper,0.5,14
7,WARRIOR,Argent Commander,0.5,14
7,WARRIOR,Argent Squire,0.2857,14
7,WARRIOR,Armorsmith,0.4286,14
7,WARRIOR,Azure Drake,0.0714,14
7,WARRIOR,Baron Geddon,0.1429,14
7,WARRIOR,Big Game Hunter,0.2143,14
7,WARRIOR,Bloodfen Raptor,0.1429,14
7,WARRIOR,Bloodsail Raider,0.7143,14
7,WARRIOR,Boulderfist Ogre,0.1429,14
7,WARRIOR,Brawl,0.3571,14
7,WARRIOR,Cairne Bloodhoof,0.2143,14
7,WARRIOR,Chillwind Yeti,0.0714,14
7,WARRIOR,Cleave,0.1429,14
7,WARRIOR,Commanding Shout,0.0714,14
7,WARRIOR,Cruel Taskmaster,0.7143,14
7,WARRIOR,Dark Iron Dwarf,0.3571,14
7,WARRIOR,Defender of Argus,0.0714,14
7,WARRIOR,Dire Wolf Alpha,0.2143,14
7,WARRIOR,Dragonling Mechanic,0.0714,14
7,WARRIOR,Dread Corsair,0.0714,14
7,WARRIOR,Earthen Ring Farseer,0.0714,14
7,WARRIOR,Echoing Ooze,0.2143,14
7,WARRIOR,Elven Archer,0.3571,14
7,WARRIOR,Execute,0.7143,14
7,WARRIOR,Faceless Manipulator,0.2143,14
7,WARRIOR,Faerie Dragon,0.0714,14
7,WARRIOR,Fiery War Axe,1.0,14
7,WARRIOR,Frothing Berserker,0.5714,14
7,WARRIOR,Gorehowl,0.3571,14
7,WARRIOR,Grommash Hellscream,0.5,14
7,WARRIOR,Harrison Jones,0.0714,14
7,WARRIOR,Harvest Golem,0.4286,14
7,WARRIOR,Heroic Strike,0.5,14
7,WARRIOR,Hungry Crab,0.0714,14
7,WARRIOR,Imp Master,0.0714,14
7,WARRIOR,Inner Rage,0.2143,14
7,WARRIOR,Ironbeak Owl,0.2857,14
7,WARRIOR,Knife Juggler,0.2143,14
7,WARRIOR,Kor'kron Elite,0.6429,14
7,WARRIOR,Leeroy Jenkins,0.2143,14
7,WARRIOR,Leper Gnome,0.3571,14
7,WARRIOR,Loatheb,0.0714,14
7,WARRIOR,Lorewalker Cho,0.0714,14
7,WARRIOR,Mana Addict,0.0714,14
7,WARRIOR,Master Swordsmith,0.2143,14
7,WARRIOR,Mortal Strike,0.2857,14
7,WARRIOR,Nightblade,0.2143,14
7,WARRIOR,Nozdormu,0.0714,14
7,WARRIOR,Pint-Sized Summoner,0.1429,14
7,WARRIOR,Raging Worgen,0.2143,14
7,WARRIOR,Ragnaros the Firelord,0.4286,14
7,WARRIOR,Rampage,0.0714,14
7,WARRIOR,Scarlet Crusader,0.1429,14
7,WARRIOR,Secretkeeper,0.0714,14
7,WARRIOR,Sen'jin Shieldmasta,0.0714,14
7,WARRIOR,Shattered Sun Cleric,0.2143,14
7,WARRIOR,Shield Block,0.3571,14
7,WARRIOR,Shield Slam,0.3571,14
7,WARRIOR,Shieldbearer,0.2143,14
7,WARRIOR,Slam,0.5,14
7,WARRIOR,Sludge Belcher,0.2857,14
7,WARRIOR,Spellbreaker,0.2143,14
7,WARRIOR,Spiteful Smith,0.1429,14
7,WARRIOR,Stonetusk Boar,0.0714,14
7,WARRIOR,Sylvanas Windrunner,0.2857,14
7,WARRIOR,The Black Knight,0.2143,14
7,WARRIOR,Undertaker,0.0714,14
7,WARRIOR,Unstable Ghoul,0.1429,14
7,WARRIOR,Upgrade!,0.0714,14
7,WARRIOR,Warsong Commander,0.6429,14
7,WARRIOR,Whirlwind,0.3571,14
7,WARRIOR,Windfury Harpy,0.1429,14
7,WARRIOR,Youthful Brewmaster,0.0714,14
7,WARRIOR,Ysera,0.2143,14
8,HUNTER,Abusive Sergeant,0.0714,14
8,HUNTER,Animal Companion,1.0,14
8,HUNTER,Arcane Shot,0.3571,14
8,HUNTER,Azure Drake,0.1429,14
8,HUNTER,Big Game Hunter,0.2857,14
8,HUNTER,Bloodfen Raptor,0.0714,14
8,HUNTER,Bloodsail Corsair,0.0714,14
8,HUNTER,Booty Bay Bodyguard,0.0714,14
8,HUNTER,Dark Iron Dwarf,0.1429,14
8,HUNTER,Deadly Shot,0.8571,14
8,HUNTER,Deathlord,0.0714,14
8,HUNTER,Dire Wolf Alpha,0.1429,14
8,HUNTER,Eaglehorn Bow,0.7857,14
8,HUNTER,Echoing Ooze,0.0714,14
8,HUNTER,Emperor Cobra,0.0714,14
8,HUNTER,Explosive Shot,0.2143,14
8,HUNTER,Explosive Trap,0.7857,14
8,HUNTER,Faerie Dragon,0.2857,14
8,HUNTER,Feugen,0.1429,14
8,HUNTER,Flare,0.7143,14
8,HUNTER,Freezing Trap,0.8571,14
8,HUNTER,Frost Elemental,0.2143,14
8,HUNTER,Harrison Jones,0.0714,14
8,HUNTER,Houndmaster,0.7143,14
8,HUNTER,Hunter's Mark,0.5714,14
8,HUNTER,Ironbeak Owl,0.3571,14
8,HUNTER,Ironfur Grizzly,0.1429,14
8,HUNTER,Kel'Thuzad,0.2143,14
8,HUNTER,Kill Command,0.6429,14
8,HUNTER,King Krush,0.0714,14
8,HUNTER,Knife Juggler,0.2857,14
8,HUNTER,Kobold Geomancer,0.0714,14
8,HUNTER,Leeroy Jenkins,0.5,14
8,HUNTER,Leper Gnome,0.0714,14
8,HUNTER,Loatheb,0.0714,14
8,HUNTER,Loot Hoarder,0.2857,14
8,HUNTER,Mad Scientist,0.2143,14
8,HUNTER,Misdirection,0.1429,14
8,HUNTER,Multi-Shot,0.0714,14
8,HUNTER,Nat Pagle,0.0714,14
8,HUNTER,Nozdormu,0.0714,14
8,HUNTER,Ragnaros the Firelord,0.0714,14
8,HUNTER,Razorfen Hunter,0.0714,14
8,HUNTER,River Crocolisk,0.1429,14
8,HUNTER,Savannah Highmane,0.9286,14
8,HUNTER,Scavenging Hyena,0.4286,14
8,HUNTER,Sea Giant,0.2857,14
8,HUNTER,Sen'jin Shieldmasta,0.1429,14
8,HUNTER,Shieldbearer,0.0714,14
8,HUNTER,Sludge Belcher,0.1429,14
8,HUNTER,Snake Trap,0.2857,14
8,HUNTER,Snipe,0.0714,14
8,HUNTER,Spectral Knight,0.1429,14
8,HUNTER,Stampeding Kodo,0.3571,14
8,HUNTER,Starving Buzzard,0.9286,14
8,HUNTER,Stoneskin Gargoyle,0.2143,14
8,HUNTER,Stonetusk Boar,0.3571,14
8,HUNTER,Stormwind Champion,0.0714,14
8,HUNTER,Stranglethorn Tiger,0.2857,14
8,HUNTER,Thrallmar Farseer,0.2857,14
8,HUNTER,Timber Wolf,0.7143,14
8,HUNTER,Tracking,0.5,14
8,HUNTER,Tundra Rhino,0.0714,14
8,HUNTER,Undertaker,0.1429,14
8,HUNTER,Unleash the Hounds,1.0,14
8,HUNTER,Zombie Chow,0.0714,14
8,MAGE,Acidic Swamp Ooze,0.0741,27
8,MAGE,Acolyte of Pain,0.2963,27
8,MAGE,Alexstrasza,0.1852,27
8,MAGE,Amani Berserker,0.4074,27
8,MAGE,Ancient Watcher,0.0741,27
8,MAGE,Arcane Explosion,0.3333,27
8,MAGE,Arcane Intellect,0.4074,27
8,MAGE,Arcane Missiles,0.4444,27
8,MAGE,Archmage Antonidas,0.4444,27
8,MAGE,Argent Commander,0.2222,27
8,MAGE,Argent Squire,0.2963,27
8,MAGE,Azure Drake,0.4074,27
8,MAGE,Blizzard,0.5185,27
8,MAGE,Bloodmage Thalnos,0.4074,27
8,MAGE,Bluegill Warrior,0.037,27
8,MAGE,Boulderfist Ogre,0.037,27
8,MAGE,Chillwind Yeti,0.1852,27
8,MAGE,Coldlight Oracle,0.1111,27
8,MAGE,Cone of Cold,0.1111,27
8,MAGE,Counterspell,0.1481,27
8,MAGE,Darkscale Healer,0.1111,27
8,MAGE,Defender of Argus,0.037,27
8,MAGE,Dire Wolf Alpha,0.1852,27
8,MAGE,Doomsayer,0.2222,27
8,MAGE,Dread Corsair,0.037,27
8,MAGE,Earthen Ring Farseer,0.1852,27
8,MAGE,Echoing Ooze,0.1111,27
8,MAGE,Elven Archer,0.037,27
8,MAGE,Ethereal Arcanist,0.2963,27
8,MAGE,Faceless Manipulator,0.2593,27
8,MAGE,Faerie Dragon,0.1852,27
8,MAGE,Fireball,0.7037,27
8,MAGE,Flamestrike,0.2963,27
8,MAGE,Frost Elemental,0.037,27
8,MAGE,Frost Nova,0.2593,27
8,MAGE,Frostbolt,0.9259,27
8,MAGE,Frostwolf Grunt,0.2593,27
8,MAGE,Gadgetzan Auctioneer,0.0741,27
8,MAGE,Gnomish Inventor,0.037,27
8,MAGE,Goldshire Footman,0.037,27
8,MAGE,Harrison Jones,0.037,27
8,MAGE,Harvest Golem,0.1481,27
8,MAGE,Ice Barrier,0.3704,27
8,MAGE,Ice Block,0.2222,27
8,MAGE,Ice Lance,0.2593,27
8,MAGE,Injured Blademaster,0.037,27
8,MAGE,Ironfur Grizzly,0.2593,27
8,MAGE,Knife Juggler,0.1111,27
8,MAGE,Kobold Geomancer,0.1111,27
8,MAGE,Leeroy Jenkins,0.1852,27
8,MAGE,Leper Gnome,0.1852,27
8,MAGE,Lightwarden,0.0741,27
8,MAGE,Loatheb,0.1111,27
8,MAGE,Loot Hoarder,0.2222,27
8,MAGE,Mad Scientist,0.0741,27
8,MAGE,Mana Wyrm,0.5556,27
8,MAGE,Millhouse Manastorm,0.2222,27
8,MAGE,Mirror Entity,0.2963,27
8,MAGE,Mirror Image,0.5926,27
8,MAGE,Molten Giant,0.0741,27
8,MAGE,Mountain Giant,0.1111,27
8,MAGE,Nerub'ar Weblord,0.0741,27
8,MAGE,Nightblade,0.1852,27
8,MAGE,Novice Engineer,0.2593,27
8,MAGE,Polymorph,0.5926,27
8,MAGE,Priestess of Elune,0.037,27
8,MAGE,Pyroblast,0.4444,27
8,MAGE,Questing Adventurer,0.037,27
8,MAGE,Raging Worgen,0.0741,27
8,MAGE,Ragnaros the Firelord,0.3333,27
8,MAGE,Ravenholdt Assassin,0.1852,27
8,MAGE,Razorfen Hunter,0.1481,27
8,MAGE,Reckless Rocketeer,0.1111,27
8,MAGE,River Crocolisk,0.037,27
8,MAGE,Shade of Naxxramas,0.037,27
8,MAGE,Shattered Sun Cleric,0.1852,27
8,MAGE,Shieldbearer,0.2593,27
8,MAGE,Sludge Belcher,0.4815,27
8,MAGE,Sorcerer's Apprentice,0.2963,27
8,MAGE,Spellbender,0.2593,27
8,MAGE,Stalagg,0.037,27
8,MAGE,Stormwind Knight,0.037,27
8,MAGE,Sunfury Protector,0.1481,27
8,MAGE,Sunwalker,0.0741,27
8,MAGE,Sylvanas Windrunner,0.1481,27
8,MAGE,Tauren Warrior,0.037,27
8,MAGE,The Black Knight,0.1481,27
8,MAGE,Tinkmaster Overspark,0.1111,27
8,MAGE,Undertaker,0.2222,27
8,MAGE,Vaporize,0.1481,27
8,MAGE,Water Elemental,0.5556,27
8,MAGE,Wisp,0.037,27
8,MAGE,Wolfrider,0.1111,27
8,MAGE,Ysera,0.1481,27
8,WARRIOR,Acidic Swamp Ooze,0.2667,15
8,WARRIOR,Acolyte of Pain,0.3333,15
8,WARRIOR,Alexstrasza,0.2667,15
8,WARRIOR,Amani Berserker,0.1333,15
8,WARRIOR,Angry Chicken,0.0667,15
8,WARRIOR,Arathi Weaponsmith,0.4,15
8,WARRIOR,Arcane Golem,0.0667,15
8,WARRIOR,Arcanite Reaper,0.4667,15
8,WARRIOR,Argent Commander,0.5333,15
8,WARRIOR,Argent Squire,0.2667,15
8,WARRIOR,Armorsmith,0.4667,15
8,WARRIOR,Azure Drake,0.0667,15
8,WARRIOR,Baron Geddon,0.1333,15
8,WARRIOR,Big Game Hunter,0.2,15
8,WARRIOR,Bloodfen Raptor,0.1333,15
8,WARRIOR,Bloodsail Raider,0.7333,15
8,WARRIOR,Boulderfist Ogre,0.1333,15
8,WARRIOR,Brawl,0.4,15
8,WARRIOR,Cairne Bloodhoof,0.2,15
8,WARRIOR,Chillwind Yeti,0.0667,15
8,WARRIOR,Cleave,0.2,15
8,WARRIOR,Commanding Shout,0.0667,15
8,WARRIOR,Cruel Taskmaster,0.6667,15
8,WARRIOR,Dark Iron Dwarf,0.3333,15
8,WARRIOR,Defender of Argus,0.1333,15
8,WARRIOR,Dire Wolf Alpha,0.2667,15
8,WARRIOR,Dragonling Mechanic,0.0667,15
8,WARRIOR,Dread Corsair,0.0667,15
8,WARRIOR,Earthen Ring Farseer,0.1333,15
8,WARRIOR,Echoing Ooze,0.2,15
8,WARRIOR,Elven Archer,0.3333,15
8,WARRIOR,Emperor Cobra,0.0667,15
8,WARRIOR,Execute,0.8,15
8,WARRIOR,Faceless Manipulator,0.2,15
8,WARRIOR,Faerie Dragon,0.0667,15
8,WARRIOR,Fiery War Axe,0.9333,15
8,WARRIOR,Frothing Berserker,0.4667,15
8,WARRIOR,Gorehowl,0.3333,15
8,WARRIOR,Grommash Hellscream,0.4667,15
8,WARRIOR,Harrison Jones,0.0667,15
8,WARRIOR,Harvest Golem,0.4,15
8,WARRIOR,Heroic Strike,0.5333,15
8,WARRIOR,Imp Master,0.0667,15
8,WARRIOR,Inner Rage,0.1333,15
8,WARRIOR,Ironbeak Owl,0.3333,15
8,WARRIOR,Knife Juggler,0.2667,15
8,WARRIOR,Kor'kron Elite,0.6,15
8,WARRIOR,Leeroy Jenkins,0.1333,15
8,WARRIOR,Leper Gnome,0.4,15
8,WARRIOR,Loatheb,0.0667,15
8,WARRIOR,Lorewalker Cho,0.0667,15
8,WARRIOR,Mana Addict,0.0667,15
8,WARRIOR,Master Swordsmith,0.2667,15
8,WARRIOR,Mortal Strike,0.2,15
8,WARRIOR,Nightblade,0.2,15
8,WARRIOR,Nozdormu,0.0667,15
8,WARRIOR,Pint-Sized Summoner,0.1333,15
8,WARRIOR,Raging Worgen,0.2,15
8,WARRIOR,Ragnaros the Firelord,0.4667,15
8,WARRIOR,Rampage,0.0667,15
8,WARRIOR,Scarlet Crusader,0.2,15
8,WARRIOR,Secretkeeper,0.0667,15
8,WARRIOR,Sen'jin Shieldmasta,0.0667,15
8,WARRIOR,Shattered Sun Cleric,0.2667,15
8,WARRIOR,Shield Block,0.4,15
8,WARRIOR,Shield Slam,0.4,15
8,WARRIOR,Shieldbearer,0.2667,15
8,WARRIOR,Slam,0.5333,15
8,WARRIOR,Sludge Belcher,0.3333,15
8,WARRIOR,Spectral Knight,0.0667,15
8,WARRIOR,Spellbreaker,0.2667,15
8,WARRIOR,Spiteful Smith,0.2,15
8,WARRIOR,Stonetusk Boar,0.0667,15
8,WARRIOR,Sylvanas Windrunner,0.2667,15
8,WARRIOR,The Black Knight,0.2667,15
8,WARRIOR,Undertaker,0.2,15
8,WARRIOR,Unstable Ghoul,0.2,15
8,WARRIOR,Upgrade!,0.1333,15
8,WARRIOR,Warsong Commander,0.6,15
8,WARRIOR,Whirlwind,0.4,15
8,WARRIOR,Windfury Harpy,0.2,15
8,WARRIOR,Youthful Brewmaster,0.0667,15
8,WARRIOR,Ysera,0.2,15
9,HUNTER,Abomination,0.0667,15
9,HUNTER,Abusive Sergeant,0.0667,15
9,HUNTER,Animal Companion,1.0,15
9,HUNTER,Arcane Shot,0.3333,15
9,HUNTER,Azure Drake,0.1333,15
9,HUNTER,Big Game Hunter,0.3333,15
9,HUNTER,Bloodfen Raptor,0.0667,15
9,HUNTER,Booty Bay Bodyguard,0.0667,15
9,HUNTER,Dark Iron Dwarf,0.2,15
9,HUNTER,Deadly Shot,0.8667,15
9,HUNTER,Deathlord,0.0667,15
9,HUNTER,Dire Wolf Alpha,0.2,15
9,HUNTER,Eaglehorn Bow,0.7333,15
9,HUNTER,Echoing Ooze,0.0667,15
9,HUNTER,Emperor Cobra,0.0667,15
9,HUNTER,Explosive Shot,0.2667,15
9,HUNTER,Explosive Trap,0.8,15
9,HUNTER,Faerie Dragon,0.3333,15
9,HUNTER,Feugen,0.2,15
9,HUNTER,Flare,0.6,15
9,HUNTER,Freezing Trap,0.8,15
9,HUNTER,Frost Elemental,0.2667,15
9,HUNTER,Harrison Jones,0.0667,15
9,HUNTER,Harvest Golem,0.0667,15
9,HUNTER,Houndmaster,0.7333,15
9,HUNTER,Hunter's Mark,0.6,15
9,HUNTER,Ironbeak Owl,0.4667,15
9,HUNTER,Ironfur Grizzly,0.2,15
9,HUNTER,Kel'Thuzad,0.2667,15
9,HUNTER,Kill Command,0.6,15
9,HUNTER,King Krush,0.0667,15
9,HUNTER,Knife Juggler,0.3333,15
9,HUNTER,Kobold Geomancer,0.1333,15
9,HUNTER,Leeroy Jenkins,0.4667,15
9,HUNTER,Loot Hoarder,0.2667,15
9,HUNTER,Mad Scientist,0.3333,15
9,HUNTER,Misdirection,0.1333,15
9,HUNTER,Mountain Giant,0.0667,15
9,HUNTER,Murloc Raider,0.0667,15
9,HUNTER,Nat Pagle,0.0667,15
9,HUNTER,Nozdormu,0.1333,15
9,HUNTER,Razorfen Hunter,0.1333,15
9,HUNTER,River Crocolisk,0.2,15
9,HUNTER,Savannah Highmane,1.0,15
9,HUNTER,Scavenging Hyena,0.4,15
9,HUNTER,Sea Giant,0.3333,15
9,HUNTER,Sen'jin Shieldmasta,0.1333,15
9,HUNTER,Sludge Belcher,0.2667,15
9,HUNTER,Snake Trap,0.2,15
9,HUNTER,Spectral Knight,0.1333,15
9,HUNTER,Stampeding Kodo,0.4,15
9,HUNTER,Starving Buzzard,0.9333,15
9,HUNTER,Stoneskin Gargoyle,0.2,15
9,HUNTER,Stonetusk Boar,0.3333,15
9,HUNTER,Stormwind Champion,0.0667,15
9,HUNTER,Stranglethorn Tiger,0.3333,15
9,HUNTER,Thrallmar Farseer,0.3333,15
9,HUNTER,Timber Wolf,0.6667,15
9,HUNTER,Tracking,0.5333,15
9,HUNTER,Tundra Rhino,0.0667,15
9,HUNTER,Undertaker,0.2,15
9,HUNTER,Unleash the Hounds,1.0,15
9,HUNTER,Zombie Chow,0.1333,15
9,MAGE,Abomination,0.037,27
9,MAGE,Acidic Swamp Ooze,0.0741,27
9,MAGE,Acolyte of Pain,0.2593,27
9,MAGE,Alexstrasza,0.2222,27
9,MAGE,Amani Berserker,0.3704,27
9,MAGE,Ancient Mage,0.037,27
9,MAGE,Ancient Watcher,0.0741,27
9,MAGE,Arcane Explosion,0.3333,27
9,MAGE,Arcane Intellect,0.4444,27
9,MAGE,Arcane Missiles,0.4444,27
9,MAGE,Archmage Antonidas,0.4444,27
9,MAGE,Argent Commander,0.2222,27
9,MAGE,Argent Squire,0.2963,27
9,MAGE,Azure Drake,0.3704,27
9,MAGE,Blizzard,0.5556,27
9,MAGE,Bloodmage Thalnos,0.4074,27
9,MAGE,Bluegill Warrior,0.037,27
9,MAGE,Boulderfist Ogre,0.037,27
9,MAGE,Chillwind Yeti,0.1481,27
9,MAGE,Coldlight Oracle,0.1481,27
9,MAGE,Cone of Cold,0.1111,27
9,MAGE,Counterspell,0.1481,27
9,MAGE,Darkscale Healer,0.1111,27
9,MAGE,Defender of Argus,0.037,27
9,MAGE,Dire Wolf Alpha,0.1852,27
9,MAGE,Doomsayer,0.2593,27
9,MAGE,Dread Corsair,0.037,27
9,MAGE,Earthen Ring Farseer,0.1481,27
9,MAGE,Echoing Ooze,0.1111,27
9,MAGE,Elven Archer,0.037,27
9,MAGE,Ethereal Arcanist,0.2963,27
9,MAGE,Faceless Manipulator,0.2222,27
9,MAGE,Faerie Dragon,0.1852,27
9,MAGE,Fireball,0.7037,27
9,MAGE,Flamestrike,0.2593,27
9,MAGE,Frost Elemental,0.037,27
9,MAGE,Frost Nova,0.2963,27
9,MAGE,Frostbolt,0.9259,27
9,MAGE,Frostwolf Grunt,0.2593,27
9,MAGE,Gadgetzan Auctioneer,0.0741,27
9,MAGE,Gnomish Inventor,0.0741,27
9,MAGE,Goldshire Footman,0.037,27
9,MAGE,Harrison Jones,0.037,27
9,MAGE,Harvest Golem,0.1111,27
9,MAGE,Ice Barrier,0.3704,27
9,MAGE,Ice Block,0.2593,27
9,MAGE,Ice Lance,0.2963,27
9,MAGE,Injured Blademaster,0.037,27
9,MAGE,Ironfur Grizzly,0.2593,27
9,MAGE,Knife Juggler,0.1111,27
9,MAGE,Kobold Geomancer,0.1481,27
9,MAGE,Leeroy Jenkins,0.1852,27
9,MAGE,Leper Gnome,0.1852,27
9,MAGE,Lightwarden,0.0741,27
9,MAGE,Loatheb,0.1111,27
9,MAGE,Loot Hoarder,0.2593,27
9,MAGE,Mad Scientist,0.0741,27
9,MAGE,Mana Wraith,0.037,27
9,MAGE,Mana Wyrm,0.5556,27
9,MAGE,Millhouse Manastorm,0.2222,27
9,MAGE,Mirror Entity,0.2963,27
9,MAGE,Mirror Image,0.6296,27
9,MAGE,Molten Giant,0.0741,27
9,MAGE,Mountain Giant,0.1111,27
9,MAGE,Nerub'ar Weblord,0.0741,27
9,MAGE,Nightblade,0.1852,27
9,MAGE,Novice Engineer,0.2593,27
9,MAGE,Nozdormu,0.037,27
9,MAGE,Polymorph,0.5556,27
9,MAGE,Priestess of Elune,0.0741,27
9,MAGE,Pyroblast,0.4074,27
9,MAGE,Questing Adventurer,0.037,27
9,MAGE,Raging Worgen,0.0741,27
9,MAGE,Ragnaros the Firelord,0.2963,27
9,MAGE,Ravenholdt Assassin,0.1852,27
9,MAGE,Razorfen Hunter,0.1481,27
9,MAGE,Reckless Rocketeer,0.1481,27
9,MAGE,River Crocolisk,0.037,27
9,MAGE,Sen'jin Shieldmasta,0.037,27
9,MAGE,Shade of Naxxramas,0.037,27
9,MAGE,Shattered Sun Cleric,0.1852,27
9,MAGE,Shieldbearer,0.2593,27
9,MAGE,Sludge Belcher,0.4815,27
9,MAGE,Sorcerer's Apprentice,0.3333,27
9,MAGE,Spellbender,0.2593,27
9,MAGE,Stalagg,0.0741,27
9,MAGE,Stormwind Knight,0.037,27
9,MAGE,Sunfury Protector,0.1111,27
9,MAGE,Sunwalker,0.0741,27
9,MAGE,Sylvanas Windrunner,0.1111,27
9,MAGE,Tauren Warrior,0.037,27
9,MAGE,The Black Knight,0.1852,27
9,MAGE,Tinkmaster Overspark,0.1111,27
9,MAGE,Undertaker,0.2222,27
9,MAGE,Vaporize,0.1481,27
9,MAGE,Water Elemental,0.5185,27
9,MAGE,Wisp,0.037,27
9,MAGE,Wolfrider,0.1111,27
9,MAGE,Ysera,0.1111,27
9,WARRIOR,Acidic Swamp Ooze,0.2941,17
9,WARRIOR,Acolyte of Pain,0.3529,17
9,WARRIOR,Alexstrasza,0.2353,17
9,WARRIOR,Amani Berserker,0.1176,17
9,WARRIOR,Angry Chicken,0.0588,17
9,WARRIOR,Arathi Weaponsmith,0.4118,17
9,WARRIOR,Arcane Golem,0.0588,17
9,WARRIOR,Arcanite Reaper,0.4706,17
9,WARRIOR,Argent Commander,0.5294,17
9,WARRIOR,Argent Squire,0.2941,17
9,WARRIOR,Armorsmith,0.5294,17
9,WARRIOR,Azure Drake,0.0588,17
9,WARRIOR,Baron Geddon,0.1765,17
9,WARRIOR,Big Game Hunter,0.1765,17
9,WARRIOR,Bloodfen Raptor,0.1176,17
9,WARRIOR,Bloodsail Raider,0.7647,17
9,WARRIOR,Boulderfist Ogre,0.1176,17
9,WARRIOR,Brawl,0.4118,17
9,WARRIOR,Cairne Bloodhoof,0.1765,17
9,WARRIOR,Chillwind Yeti,0.0588,17
9,WARRIOR,Cleave,0.1765,17
9,WARRIOR,Commanding Shout,0.0588,17
9,WARRIOR,Cruel Taskmaster,0.6471,17
9,WARRIOR,Dark Iron Dwarf,0.2941,17
9,WARRIOR,Defender of Argus,0.1765,17
9,WARRIOR,Dire Wolf Alpha,0.2941,17
9,WARRIOR,Dragonling Mechanic,0.0588,17
9,WARRIOR,Dread Corsair,0.0588,17
9,WARRIOR,Earthen Ring Farseer,0.1765,17
9,WARRIOR,Echoing Ooze,0.1765,17
9,WARRIOR,Elven Archer,0.3529,17
9,WARRIOR,Emperor Cobra,0.0588,17
9,WARRIOR,Execute,0.8235,17
9,WARRIOR,Faceless Manipulator,0.1765,17
9,WARRIOR,Faerie Dragon,0.0588,17
9,WARRIOR,Fiery War Axe,0.8824,17
9,WARRIOR,Frothing Berserker,0.4118,17
9,WARRIOR,Gorehowl,0.2941,17
9,WARRIOR,Grommash Hellscream,0.4706,17
9,WARRIOR,Harrison Jones,0.0588,17
9,WARRIOR,Harvest Golem,0.4118,17
9,WARRIOR,Heroic Strike,0.5294,17
9,WARRIOR,Imp Master,0.0588,17
9,WARRIOR,Inner Rage,0.1176,17
9,WARRIOR,Ironbeak Owl,0.3529,17
9,WARRIOR,Knife Juggler,0.2941,17
9,WARRIOR,Kor'kron Elite,0.5882,17
9,WARRIOR,Leeroy Jenkins,0.1176,17
9,WARRIOR,Leper Gnome,0.3529,17
9,WARRIOR,Loatheb,0.1176,17
9,WARRIOR,Lorewalker Cho,0.0588,17
9,WARRIOR,Mad Bomber,0.0588,17
9,WARRIOR,Master Swordsmith,0.2941,17
9,WARRIOR,Mortal Strike,0.2353,17
9,WARRIOR,Nightblade,0.1765,17
9,WARRIOR,Nozdormu,0.0588,17
9,WARRIOR,Pint-Sized Summoner,0.1176,17
9,WARRIOR,Raging Worgen,0.1765,17
9,WARRIOR,Ragnaros the Firelord,0.4706,17
9,WARRIOR,Rampage,0.0588,17
9,WARRIOR,Scarlet Crusader,0.1765,17
9,WARRIOR,Secretkeeper,0.0588,17
9,WARRIOR,Sen'jin Shieldmasta,0.1176,17
9,WARRIOR,Shattered Sun Cleric,0.2941,17
9,WARRIOR,Shield Block,0.4118,17
9,WARRIOR,Shield Slam,0.4118,17
9,WARRIOR,Shieldbearer,0.2941,17
9,WARRIOR,Slam,0.5294,17
9,WARRIOR,Sludge Belcher,0.4118,17
9,WARRIOR,Spectral Knight,0.1176,17
9,WARRIOR,Spellbreaker,0.2941,17
9,WARRIOR,Spiteful Smith,0.2353,17
9,WARRIOR,Stonetusk Boar,0.0588,17
9,WARRIOR,Sylvanas Windrunner,0.2353,17
9,WARRIOR,The Black Knight,0.2941,17
9,WARRIOR,Twilight Drake,0.0588,17
9,WARRIOR,Undertaker,0.2941,17
9,WARRIOR,Unstable Ghoul,0.2353,17
9,WARRIOR,Upgrade!,0.2353,17
9,WARRIOR,Warsong Commander,0.5882,17
9,WARRIOR,Whirlwind,0.4118,17
9,WARRIOR,Windfury Harpy,0.1765,17
9,WARRIOR,Young Priestess,0.0588,17
9,WARRIOR,Ysera,0.1765,17
10,HUNTER,Abomination,0.0625,16
10,HUNTER,Abusive Sergeant,0.125,16
10,HUNTER,Animal Companion,1.0,16
10,HUNTER,Arcane Shot,0.375,16
10,HUNTER,Azure Drake,0.125,16
10,HUNTER,Big Game Hunter,0.375,16
10,HUNTER,Bloodfen Raptor,0.0625,16
10,HUNTER,Booty Bay Bodyguard,0.0625,16
10,HUNTER,Dark Iron Dwarf,0.1875,16
10,HUNTER,Deadly Shot,0.9375,16
10,HUNTER,Deathlord,0.0625,16
10,HUNTER,Dire Wolf Alpha,0.1875,16
10,HUNTER,Eaglehorn Bow,0.75,16
10,HUNTER,Echoing Ooze,0.0625,16
10,HUNTER,Emperor Cobra,0.0625,16
10,HUNTER,Explosive Shot,0.3125,16
10,HUNTER,Explosive Trap,0.8125,16
10,HUNTER,Faerie Dragon,0.375,16
10,HUNTER,Feugen,0.1875,16
10,HUNTER,Flare,0.5625,16
10,HUNTER,Freezing Trap,0.8125,16
10,HUNTER,Frost Elemental,0.3125,16
10,HUNTER,Harrison Jones,0.0625,16
10,HUNTER,Harvest Golem,0.0625,16
10,HUNTER,Houndmaster,0.6875,16
10,HUNTER,Hunter's Mark,0.5625,16
10,HUNTER,Ironbeak Owl,0.5,16
10,HUNTER,Ironfur Grizzly,0.25,16
10,HUNTER,Kel'Thuzad,0.3125,16
10,HUNTER,Kill Command,0.5625,16
10,HUNTER,King Krush,0.0625,16
10,HUNTER,Knife Juggler,0.375,16
10,HUNTER,Kobold Geomancer,0.125,16
10,HUNTER,Leeroy Jenkins,0.4375,16
10,HUNTER,Loot Hoarder,0.3125,16
10,HUNTER,Mad Scientist,0.4375,16
10,HUNTER,Misdirection,0.0625,16
10,HUNTER,Mountain Giant,0.125,16
10,HUNTER,Murloc Raider,0.0625,16
10,HUNTER,Nat Pagle,0.0625,16
10,HUNTER,Nerub'ar Weblord,0.0625,16
10,HUNTER,Nozdormu,0.1875,16
10,HUNTER,Razorfen Hunter,0.125,16
10,HUNTER,River Crocolisk,0.1875,16
10,HUNTER,Savannah Highmane,1.0,16
10,HUNTER,Scavenging Hyena,0.3125,16
10,HUNTER,Sea Giant,0.375,16
10,HUNTER,Sen'jin Shieldmasta,0.125,16
10,HUNTER,Sludge Belcher,0.25,16
10,HUNTER,Snake Trap,0.125,16
10,HUNTER,Spectral Knight,0.125,16
10,HUNTER,Stampeding Kodo,0.375,16
10,HUNTER,Starving Buzzard,0.9375,16
10,HUNTER,Stoneskin Gargoyle,0.25,16
10,HUNTER,Stonetusk Boar,0.25,16
10,HUNTER,Stormwind Champion,0.0625,16
10,HUNTER,Stranglethorn Tiger,0.375,16
10,HUNTER,Thrallmar Farseer,0.375,16
10,HUNTER,Timber Wolf,0.625,16
10,HUNTER,Tracking,0.5625,16
10,HUNTER,Tundra Rhino,0.0625,16
10,HUNTER,Undertaker,0.1875,16
10,HUNTER,Unleash the Hounds,1.0,16
10,HUNTER,Wild Pyromancer,0.0625,16
10,HUNTER,Zombie Chow,0.125,16
10,MAGE,Abomination,0.0357,28
10,MAGE,Acidic Swamp Ooze,0.0714,28
10,MAGE,Acolyte of Pain,0.25,28
10,MAGE,Alexstrasza,0.1786,28
10,MAGE,Amani Berserker,0.3571,28
10,MAGE,Ancient Mage,0.0357,28
10,MAGE,Ancient Watcher,0.0357,28
10,MAGE,Arcane Explosion,0.3214,28
10,MAGE,Arcane Intellect,0.4286,28
10,MAGE,Arcane Missiles,0.4643,28
10,MAGE,Archmage,0.0357,28
10,MAGE,Archmage Antonidas,0.4643,28
10,MAGE,Argent Commander,0.2143,28
10,MAGE,Argent Squire,0.2857,28
10,MAGE,Azure Drake,0.3214,28
10,MAGE,Blizzard,0.5714,28
10,MAGE,Bloodmage Thalnos,0.3571,28
10,MAGE,Bloodsail Raider,0.0357,28
10,MAGE,Bluegill Warrior,0.0357,28
10,MAGE,Boulderfist Ogre,0.0357,28
10,MAGE,Chillwind Yeti,0.1429,28
10,MAGE,Coldlight Oracle,0.1786,28
10,MAGE,Cone of Cold,0.0714,28
10,MAGE,Counterspell,0.1429,28
10,MAGE,Darkscale Healer,0.1429,28
10,MAGE,Defender of Argus,0.0357,28
10,MAGE,Dire Wolf Alpha,0.1786,28
10,MAGE,Doomsayer,0.25,28
10,MAGE,Dread Corsair,0.0357,28
10,MAGE,Earthen Ring Farseer,0.1429,28
10,MAGE,Echoing Ooze,0.1429,28
10,MAGE,Elven Archer,0.0357,28
10,MAGE,Ethereal Arcanist,0.3214,28
10,MAGE,Faceless Manipulator,0.1786,28
10,MAGE,Faerie Dragon,0.1786,28
10,MAGE,Fireball,0.6786,28
10,MAGE,Flamestrike,0.2143,28
10,MAGE,Frost Elemental,0.0357,28
10,MAGE,Frost Nova,0.2857,28
10,MAGE,Frostbolt,0.8571,28
10,MAGE,Frostwolf Grunt,0.2857,28
10,MAGE,Gadgetzan Auctioneer,0.0714,28
10,MAGE,Gnomish Inventor,0.0714,28
10,MAGE,Harrison Jones,0.0357,28
10,MAGE,Harvest Golem,0.1071,28
10,MAGE,Ice Barrier,0.4286,28
10,MAGE,Ice Block,0.25,28
10,MAGE,Ice Lance,0.3214,28
10,MAGE,Injured Blademaster,0.0357,28
10,MAGE,Ironfur Grizzly,0.2857,28
10,MAGE,Knife Juggler,0.1071,28
10,MAGE,Kobold Geomancer,0.1786,28
10,MAGE,Leeroy Jenkins,0.1786,28
10,MAGE,Leper Gnome,0.1786,28
10,MAGE,Lightwarden,0.1429,28
10,MAGE,Loatheb,0.1071,28
10,MAGE,Loot Hoarder,0.2857,28
10,MAGE,Mad Scientist,0.0714,28
10,MAGE,Mana Wraith,0.0357,28
10,MAGE,Mana Wyrm,0.5357,28
10,MAGE,Millhouse Manastorm,0.25,28
10,MAGE,Mirror Entity,0.3214,28
10,MAGE,Mirror Image,0.6429,28
10,MAGE,Molten Giant,0.0357,28
10,MAGE,Mountain Giant,0.0714,28
10,MAGE,Nerub'ar Weblord,0.1071,28
10,MAGE,Nightblade,0.1786,28
10,MAGE,Novice Engineer,0.2857,28
10,MAGE,Nozdormu,0.0357,28
10,MAGE,Polymorph,0.5357,28
10,MAGE,Priestess of Elune,0.0714,28
10,MAGE,Pyroblast,0.3571,28
10,MAGE,Questing Adventurer,0.0357,28
10,MAGE,Raging Worgen,0.0714,28
10,MAGE,Ragnaros the Firelord,0.2857,28
10,MAGE,Ravenholdt Assassin,0.1786,28
10,MAGE,Razorfen Hunter,0.1429,28
10,MAGE,Reckless Rocketeer,0.1786,28
10,MAGE,River Crocolisk,0.0357,28
10,MAGE,Sen'jin Shieldmasta,0.0357,28
10,MAGE,Shade of Naxxramas,0.0357,28
10,MAGE,Shattered Sun Cleric,0.1786,28
10,MAGE,Shieldbearer,0.2857,28
10,MAGE,Sludge Belcher,0.5,28
10,MAGE,Sorcerer's Apprentice,0.3571,28
10,MAGE,Spellbender,0.2857,28
10,MAGE,Stalagg,0.0714,28
10,MAGE,Stormwind Knight,0.0357,28
10,MAGE,Sunfury Protector,0.1071,28
10,MAGE,Sunwalker,0.1071,28
10,MAGE,Sylvanas Windrunner,0.1071,28
10,MAGE,Tauren Warrior,0.0357,28
10,MAGE,The Black Knight,0.1786,28
10,MAGE,Tinkmaster Overspark,0.1071,28
10,MAGE,Undertaker,0.2143,28
10,MAGE,Vaporize,0.1429,28
10,MAGE,Voodoo Doctor,0.0357,28
10,MAGE,Water Elemental,0.4643,28
10,MAGE,Wisp,0.0357,28
10,MAGE,Wolfrider,0.1071,28
10,MAGE,Ysera,0.1071,28
10,WARRIOR,Acidic Swamp Ooze,0.2941,17
10,WARRIOR,Acolyte of Pain,0.3529,17
10,WARRIOR,Alexstrasza,0.2353,17
10,WARRIOR,Amani Berserker,0.1176,17
10,WARRIOR,Angry Chicken,0.0588,17
10,WARRIOR,Arathi Weaponsmith,0.4118,17
10,WARRIOR,Arcane Golem,0.0588,17
10,WARRIOR,Arcanite Reaper,0.4706,17
10,WARRIOR,Argent Commander,0.5294,17
10,WARRIOR,Argent Squire,0.2941,17
10,WARRIOR,Armorsmith,0.5294,17
10,WARRIOR,Azure Drake,0.0588,17
10,WARRIOR,Baron Geddon,0.1765,17
10,WARRIOR,Big Game Hunter,0.1765,17
10,WARRIOR,Bloodfen Raptor,0.1176,17
10,WARRIOR,Bloodsail Raider,0.7647,17
10,WARRIOR,Boulderfist Ogre,0.1176,17
10,WARRIOR,Brawl,0.4118,17
10,WARRIOR,Cairne Bloodhoof,0.1765,17
10,WARRIOR,Chillwind Yeti,0.0588,17
10,WARRIOR,Cleave,0.1765,17
10,WARRIOR,Commanding Shout,0.0588,17
10,WARRIOR,Cruel Taskmaster,0.6471,17
10,WARRIOR,Dark Iron Dwarf,0.2941,17
10,WARRIOR,Defender of Argus,0.1765,17
10,WARRIOR,Dire Wolf Alpha,0.2941,17
10,WARRIOR,Dragonling Mechanic,0.0588,17
10,WARRIOR,Dread Corsair,0.0588,17
10,WARRIOR,Earthen Ring Farseer,0.1765,17
10,WARRIOR,Echoing Ooze,0.1765,17
10,WARRIOR,Elven Archer,0.3529,17
10,WARRIOR,Emperor Cobra,0.0588,17
10,WARRIOR,Execute,0.8235,17
10,WARRIOR,Faceless Manipulator,0.1765,17
10,WARRIOR,Faerie Dragon,0.0588,17
10,WARRIOR,Fiery War Axe,0.8824,17
10,WARRIOR,Frothing Berserker,0.4118,17
10,WARRIOR,Gorehowl,0.2941,17
10,WARRIOR,Grommash Hellscream,0.4706,17
10,WARRIOR,Harrison Jones,0.0588,17
10,WARRIOR,Harvest Golem,0.4118,17
10,WARRIOR,Heroic Strike,0.5294,17
10,WARRIOR,Imp Master,0.0588,17
10,WARRIOR,Inner Rage,0.1176,17
10,WARRIOR,Ironbeak Owl,0.3529,17
10,WARRIOR,Knife Juggler,0.2941,17
10,WARRIOR,Kor'kron Elite,0.5882,17
10,WARRIOR,Leeroy Jenkins,0.1176,17
10,WARRIOR,Leper Gnome,0.3529,17
10,WARRIOR,Loatheb,0.1176,17
10,WARRIOR,Lorewalker Cho,0.0588,17
10,WARRIOR,Mad Bomber,0.0588,17
10,WARRIOR,Master Swordsmith,0.2941,17
10,WARRIOR,Mortal Strike,0.2353,17
10,WARRIOR,Nightblade,0.1765,17
10,WARRIOR,Nozdormu,0.0588,17
10,WARRIOR,Pint-Sized Summoner,0.1176,17
10,WARRIOR,Raging Worgen,0.1765,17
10,WARRIOR,Ragnaros the Firelord,0.4706,17
10,WARRIOR,Rampage,0.0588,17
10,WARRIOR,Scarlet Crusader,0.1765,17
10,WARRIOR,Secretkeeper,0.0588,17
10,WARRIOR,Sen'jin Shieldmasta,0.1176,17
10,WARRIOR,Shattered Sun Cleric,0.2941,17
10,WARRIOR,Shield Block,0.4118,17
10,WARRIOR,Shield Slam,0.4118,17
10,WARRIOR,Shieldbearer,0.2941,17
10,WARRIOR,Slam,0.5294,17
10,WARRIOR,Sludge Belcher,0.4118,17
10,WARRIOR,Spectral Knight,0.1176,17
10,WARRIOR,Spellbreaker,0.2941,17
10,WARRIOR,Spiteful Smith,0.2353,17
10,WARRIOR,Stonetusk Boar,0.0588,17
10,WARRIOR,Sylvanas Windrunner,0.2353,17
10,WARRIOR,The Black Knight,0.2941,17
10,WARRIOR,Twilight Drake,0.0588,17
10,WARRIOR,Undertaker,0.2941,17
10,WARRIOR,Unstable Ghoul,0.2353,17
10,WARRIOR,Upgrade!,0.2353,17
10,WARRIOR,Warsong Commander,0.5882,17
10,WARRIOR,Whirlwind,0.4118,17
10,WARRIOR,Windfury Harpy,0.1765,17
10,WARRIOR,Young Priestess,0.0588,17
10,WARRIOR,Ysera,0.1765,17
11,HUNTER,Abomination,0.0625,16
11,HUNTER,Abusive Sergeant,0.125,16
11,HUNTER,Animal Companion,1.0,16
11,HUNTER,Arcane Shot,0.375,16
11,HUNTER,Azure Drake,0.125,16
11,HUNTER,Big Game Hunter,0.375,16
11,HUNTER,Bloodfen Raptor,0.0625,16
11,HUNTER,Booty Bay Bodyguard,0.0625,16
11,HUNTER,Dark Iron Dwarf,0.1875,16
11,HUNTER,Deadly Shot,0.9375,16
11,HUNTER,Deathlord,0.0625,16
11,HUNTER,Dire Wolf Alpha,0.1875,16
11,HUNTER,Eaglehorn Bow,0.6875,16
11,HUNTER,Echoing Ooze,0.0625,16
11,HUNTER,Emperor Cobra,0.0625,16
11,HUNTER,Explosive Shot,0.3125,16
11,HUNTER,Explosive Trap,0.8125,16
11,HUNTER,Faerie Dragon,0.375,16
11,HUNTER,Feugen,0.1875,16
11,HUNTER,Flare,0.5,16
11,HUNTER,Freezing Trap,0.8125,16
11,HUNTER,Frost Elemental,0.3125,16
11,HUNTER,Harrison Jones,0.0625,16
11,HUNTER,Harvest Golem,0.0625,16
11,HUNTER,Houndmaster,0.6875,16
11,HUNTER,Hunter's Mark,0.5625,16
11,HUNTER,Ironbeak Owl,0.5,16
11,HUNTER,Ironfur Grizzly,0.25,16
11,HUNTER,Kel'Thuzad,0.3125,16
11,HUNTER,Kill Command,0.5625,16
11,HUNTER,King Krush,0.0625,16
11,HUNTER,Knife Juggler,0.375,16
11,HUNTER,Kobold Geomancer,0.125,16
11,HUNTER,Leeroy Jenkins,0.4375,16
11,HUNTER,Loot Hoarder,0.375,16
11,HUNTER,Mad Scientist,0.4375,16
11,HUNTER,Misdirection,0.0625,16
11,HUNTER,Mountain Giant,0.125,16
11,HUNTER,Murloc Raider,0.0625,16
11,HUNTER,Nat Pagle,0.0625,16
11,HUNTER,Nerub'ar Weblord,0.0625,16
11,HUNTER,Nozdormu,0.1875,16
11,HUNTER,Razorfen Hunter,0.125,16
11,HUNTER,River Crocolisk,0.1875,16
11,HUNTER,Savannah Highmane,1.0,16
11,HUNTER,Scavenging Hyena,0.3125,16
11,HUNTER,Sea Giant,0.375,16
11,HUNTER,Sen'jin Shieldmasta,0.125,16
11,HUNTER,Sludge Belcher,0.25,16
11,HUNTER,Snake Trap,0.125,16
11,HUNTER,Spectral Knight,0.125,16
11,HUNTER,Stampeding Kodo,0.375,16
11,HUNTER,Starving Buzzard,0.9375,16
11,HUNTER,Stoneskin Gargoyle,0.25,16
11,HUNTER,Stonetusk Boar,0.25,16
11,HUNTER,Stormwind Champion,0.0625,16
11,HUNTER,Stranglethorn Tiger,0.375,16
11,HUNTER,Thrallmar Farseer,0.375,16
11,HUNTER,Timber Wolf,0.625,16
11,HUNTER,Tracking,0.5625,16
11,HUNTER,Tundra Rhino,0.0625,16
11,HUNTER,Undertaker,0.1875,16
11,HUNTER,Unleash the Hounds,1.0,16
11,HUNTER,Webspinner,0.0625,16
11,HUNTER,Wild Pyromancer,0.0625,16
11,HUNTER,Zombie Chow,0.125,16
11,MAGE,Abomination,0.0333,30
11,MAGE,Acidic Swamp Ooze,0.0667,30
11,MAGE,Acolyte of Pain,0.3,30
11,MAGE,Alexstrasza,0.2,30
11,MAGE,Amani Berserker,0.3333,30
11,MAGE,Ancient Mage,0.0333,30
11,MAGE,Ancient Watcher,0.0333,30
11,MAGE,Arcane Explosion,0.2667,30
11,MAGE,Arcane Intellect,0.4333,30
11,MAGE,Arcane Missiles,0.4333,30
11,MAGE,Archmage,0.0333,30
11,MAGE,Archmage Antonidas,0.4333,30
11,MAGE,Argent Commander,0.2,30
11,MAGE,Argent Squire,0.3,30
11,MAGE,Azure Drake,0.3333,30
11,MAGE,Blizzard,0.6,30
11,MAGE,Bloodmage Thalnos,0.3667,30
11,MAGE,Bloodsail Raider,0.0333,30
11,MAGE,Boulderfist Ogre,0.0333,30
11,MAGE,Chillwind Yeti,0.1667,30
11,MAGE,Coldlight Oracle,0.2,30
11,MAGE,Cone of Cold,0.0667,30
11,MAGE,Counterspell,0.1333,30
11,MAGE,Darkscale Healer,0.1333,30
11,MAGE,Defender of Argus,0.0333,30
11,MAGE,Demolisher,0.0333,30
11,MAGE,Dire Wolf Alpha,0.1667,30
11,MAGE,Doomsayer,0.2333,30
11,MAGE,Earthen Ring Farseer,0.1667,30
11,MAGE,Echoing Ooze,0.1333,30
11,MAGE,Elven Archer,0.0333,30
11,MAGE,Ethereal Arcanist,0.3,30
11,MAGE,Faceless Manipulator,0.2,30
11,MAGE,Faerie Dragon,0.1667,30
11,MAGE,Fireball,0.7,30
11,MAGE,Flamestrike,0.2333,30
11,MAGE,Frost Elemental,0.0333,30
11,MAGE,Frost Nova,0.2667,30
11,MAGE,Frostbolt,0.8667,30
11,MAGE,Frostwolf Grunt,0.2667,30
11,MAGE,Gadgetzan Auctioneer,0.0333,30
11,MAGE,Gnomish Inventor,0.0667,30
11,MAGE,Harrison Jones,0.1,30
11,MAGE,Harvest Golem,0.1333,30
11,MAGE,Ice Barrier,0.4333,30
11,MAGE,Ice Block,0.2667,30
11,MAGE,Ice Lance,0.3667,30
11,MAGE,Injured Blademaster,0.0333,30
11,MAGE,Ironfur Grizzly,0.2667,30
11,MAGE,Knife Juggler,0.1333,30
11,MAGE,Kobold Geomancer,0.2,30
11,MAGE,Leeroy Jenkins,0.1667,30
11,MAGE,Leper Gnome,0.1667,30
11,MAGE,Lightwarden,0.1333,30
11,MAGE,Loatheb,0.1,30
11,MAGE,Loot Hoarder,0.3333,30
11,MAGE,Mad Scientist,0.0667,30
11,MAGE,Mana Wraith,0.0333,30
11,MAGE,Mana Wyrm,0.5333,30
11,MAGE,Millhouse Manastorm,0.2333,30
11,MAGE,Mirror Entity,0.3,30
11,MAGE,Mirror Image,0.6667,30
11,MAGE,Molten Giant,0.0333,30
11,MAGE,Mountain Giant,0.1,30
11,MAGE,Murloc Tidehunter,0.0333,30
11,MAGE,Nat Pagle,0.0333,30
11,MAGE,Nerub'ar Weblord,0.0667,30
11,MAGE,Nightblade,0.1667,30
11,MAGE,Novice Engineer,0.3333,30
11,MAGE,Nozdormu,0.0333,30
11,MAGE,Polymorph,0.4667,30
11,MAGE,Priestess of Elune,0.0667,30
11,MAGE,Pyroblast,0.3333,30
11,MAGE,Questing Adventurer,0.0333,30
11,MAGE,Raging Worgen,0.1,30
11,MAGE,Ragnaros the Firelord,0.2667,30
11,MAGE,Ravenholdt Assassin,0.1667,30
11,MAGE,Razorfen Hunter,0.1333,30
11,MAGE,Reckless Rocketeer,0.2,30
11,MAGE,River Crocolisk,0.0333,30
11,MAGE,Secretkeeper,0.0333,30
11,MAGE,Sen'jin Shieldmasta,0.0333,30
11,MAGE,Shade of Naxxramas,0.0333,30
11,MAGE,Shattered Sun Cleric,0.1667,30
11,MAGE,Shieldbearer,0.3,30
11,MAGE,Sludge Belcher,0.5,30
11,MAGE,Sorcerer's Apprentice,0.3667,30
11,MAGE,Spellbender,0.2667,30
11,MAGE,Stalagg,0.0667,30
11,MAGE,Stormwind Knight,0.0333,30
11,MAGE,Sunfury Protector,0.1333,30
11,MAGE,Sunwalker,0.1333,30
11,MAGE,Sylvanas Windrunner,0.1333,30
11,MAGE,Tauren Warrior,0.0667,30
11,MAGE,The Black Knight,0.1667,30
11,MAGE,Tinkmaster Overspark,0.1,30
11,MAGE,Undertaker,0.2,30
11,MAGE,Vaporize,0.1333,30
11,MAGE,Water Elemental,0.5,30
11,MAGE,Wisp,0.0333,30
11,MAGE,Wolfrider,0.1333,30
11,MAGE,Young Dragonhawk,0.0333,30
11,MAGE,Ysera,0.1,30
11,WARRIOR,Acidic Swamp Ooze,0.2632,19
11,WARRIOR,Acolyte of Pain,0.3158,19
11,WARRIOR,Alexstrasza,0.2632,19
11,WARRIOR,Amani Berserker,0.1579,19
11,WARRIOR,Angry Chicken,0.0526,19
11,WARRIOR,Arathi Weaponsmith,0.4211,19
11,WARRIOR,Arcane Golem,0.0526,19
11,WARRIOR,Arcanite Reaper,0.4737,19
11,WARRIOR,Argent Commander,0.4737,19
11,WARRIOR,Argent Squire,0.2632,19
11,WARRIOR,Armorsmith,0.6316,19
11,WARRIOR,Azure Drake,0.0526,19
11,WARRIOR,Baron Geddon,0.2105,19
11,WARRIOR,Big Game Hunter,0.1579,19
11,WARRIOR,Bloodfen Raptor,0.1579,19
11,WARRIOR,Bloodsail Raider,0.7368,19
11,WARRIOR,Boulderfist Ogre,0.1053,19
11,WARRIOR,Brawl,0.4737,19
11,WARRIOR,Cairne Bloodhoof,0.1579,19
11,WARRIOR,Chillwind Yeti,0.1053,19
11,WARRIOR,Cleave,0.2105,19
11,WARRIOR,Commanding Shout,0.0526,19
11,WARRIOR,Cruel Taskmaster,0.6842,19
11,WARRIOR,Dancing Swords,0.0526,19
11,WARRIOR,Dark Iron Dwarf,0.2105,19
11,WARRIOR,Defender of Argus,0.1053,19
11,WARRIOR,Dire Wolf Alpha,0.2632,19
11,WARRIOR,Dragonling Mechanic,0.0526,19
11,WARRIOR,Dread Corsair,0.0526,19
11,WARRIOR,Earthen Ring Farseer,0.2105,19
11,WARRIOR,Echoing Ooze,0.1579,19
11,WARRIOR,Elven Archer,0.3158,19
11,WARRIOR,Emperor Cobra,0.0526,19
11,WARRIOR,Execute,0.8421,19
11,WARRIOR,Faceless Manipulator,0.1579,19
11,WARRIOR,Faerie Dragon,0.0526,19
11,WARRIOR,Fiery War Axe,0.7895,19
11,WARRIOR,Frothing Berserker,0.4737,19
11,WARRIOR,Gorehowl,0.3158,19
11,WARRIOR,Grommash Hellscream,0.5263,19
11,WARRIOR,Harrison Jones,0.0526,19
11,WARRIOR,Harvest Golem,0.3684,19
11,WARRIOR,Heroic Strike,0.4737,19
11,WARRIOR,Imp Master,0.1053,19
11,WARRIOR,Inner Rage,0.1579,19
11,WARRIOR,Ironbeak Owl,0.3158,19
11,WARRIOR,Knife Juggler,0.2632,19
11,WARRIOR,Kor'kron Elite,0.5263,19
11,WARRIOR,Leeroy Jenkins,0.1053,19
11,WARRIOR,Leper Gnome,0.3684,19
11,WARRIOR,Loatheb,0.1579,19
11,WARRIOR,Lorewalker Cho,0.0526,19
11,WARRIOR,Mad Bomber,0.1053,19
11,WARRIOR,Master Swordsmith,0.2632,19
11,WARRIOR,Mortal Strike,0.2632,19
11,WARRIOR,Nightblade,0.1579,19
11,WARRIOR,Nozdormu,0.0526,19
11,WARRIOR,Pint-Sized Summoner,0.1053,19
11,WARRIOR,Raging Worgen,0.1579,19
11,WARRIOR,Ragnaros the Firelord,0.5789,19
11,WARRIOR,Rampage,0.0526,19
11,WARRIOR,Scarlet Crusader,0.1053,19
11,WARRIOR,Secretkeeper,0.0526,19
11,WARRIOR,Sen'jin Shieldmasta,0.2105,19
11,WARRIOR,Shattered Sun Cleric,0.2632,19
11,WARRIOR,Shield Block,0.4737,19
11,WARRIOR,Shield Slam,0.4737,19
11,WARRIOR,Shieldbearer,0.2632,19
11,WARRIOR,Slam,0.5789,19
11,WARRIOR,Sludge Belcher,0.4211,19
11,WARRIOR,Spectral Knight,0.1579,19
11,WARRIOR,Spellbreaker,0.2632,19
11,WARRIOR,Spiteful Smith,0.3158,19
11,WARRIOR,Stonetusk Boar,0.1053,19
11,WARRIOR,Sylvanas Windrunner,0.2632,19
11,WARRIOR,The Black Knight,0.2632,19
11,WARRIOR,Undertaker,0.2632,19
11,WARRIOR,Unstable Ghoul,0.3158,19
11,WARRIOR,Upgrade!,0.2105,19
11,WARRIOR,Warsong Commander,0.5263,19
11,WARRIOR,Whirlwind,0.4737,19
11,WARRIOR,Windfury Harpy,0.1579,19
11,WARRIOR,Young Priestess,0.0526,19
11,WARRIOR,Ysera,0.1579,19
12,HUNTER,Abomination,0.125,16
12,HUNTER,Abusive Sergeant,0.125,16
12,HUNTER,Angry Chicken,0.0625,16
12,HUNTER,Animal Companion,1.0,16
12,HUNTER,Arcane Shot,0.375,16
12,HUNTER,Azure Drake,0.125,16
12,HUNTER,Big Game Hunter,0.3125,16
12,HUNTER,Bloodfen Raptor,0.0625,16
12,HUNTER,Booty Bay Bodyguard,0.0625,16
12,HUNTER,Dark Iron Dwarf,0.25,16
12,HUNTER,Deadly Shot,0.9375,16
12,HUNTER,Deathlord,0.0625,16
12,HUNTER,Dire Wolf Alpha,0.25,16
12,HUNTER,Eaglehorn Bow,0.625,16
12,HUNTER,Echoing Ooze,0.0625,16
12,HUNTER,Emperor Cobra,0.0625,16
12,HUNTER,Explosive Shot,0.3125,16
12,HUNTER,Explosive Trap,0.75,16
12,HUNTER,Faerie Dragon,0.3125,16
12,HUNTER,Feugen,0.25,16
12,HUNTER,Flare,0.5625,16
12,HUNTER,Freezing Trap,0.8125,16
12,HUNTER,Frost Elemental,0.25,16
12,HUNTER,Harrison Jones,0.0625,16
12,HUNTER,Harvest Golem,0.125,16
12,HUNTER,Houndmaster,0.6875,16
12,HUNTER,Hunter's Mark,0.5625,16
12,HUNTER,Ironbeak Owl,0.4375,16
12,HUNTER,Ironfur Grizzly,0.1875,16
12,HUNTER,Kel'Thuzad,0.3125,16
12,HUNTER,Kill Command,0.625,16
12,HUNTER,King Krush,0.0625,16
12,HUNTER,Knife Juggler,0.3125,16
12,HUNTER,Kobold Geomancer,0.125,16
12,HUNTER,Leeroy Jenkins,0.375,16
12,HUNTER,Loot Hoarder,0.375,16
12,HUNTER,Mad Scientist,0.375,16
12,HUNTER,Misdirection,0.0625,16
12,HUNTER,Mountain Giant,0.0625,16
12,HUNTER,Murloc Raider,0.0625,16
12,HUNTER,Nat Pagle,0.0625,16
12,HUNTER,Nozdormu,0.125,16
12,HUNTER,Priestess of Elune,0.0625,16
12,HUNTER,Razorfen Hunter,0.125,16
12,HUNTER,River Crocolisk,0.25,16
12,HUNTER,Savannah Highmane,1.0,16
12,HUNTER,Scavenging Hyena,0.375,16
12,HUNTER,Sea Giant,0.3125,16
12,HUNTER,Secretkeeper,0.0625,16
12,HUNTER,Sen'jin Shieldmasta,0.1875,16
12,HUNTER,Sludge Belcher,0.25,16
12,HUNTER,Snake Trap,0.125,16
12,HUNTER,Spectral Knight,0.1875,16
12,HUNTER,Stampeding Kodo,0.3125,16
12,HUNTER,Starving Buzzard,0.9375,16
12,HUNTER,Stoneskin Gargoyle,0.1875,16
12,HUNTER,Stonetusk Boar,0.3125,16
12,HUNTER,Stormwind Champion,0.0625,16
12,HUNTER,Stranglethorn Tiger,0.3125,16
12,HUNTER,Thrallmar Farseer,0.3125,16
12,HUNTER,Timber Wolf,0.6875,16
12,HUNTER,Tracking,0.5625,16
12,HUNTER,Tundra Rhino,0.0625,16
12,HUNTER,Undertaker,0.25,16
12,HUNTER,Unleash the Hounds,1.0,16
12,HUNTER,Webspinner,0.0625,16
12,HUNTER,Ysera,0.0625,16
12,HUNTER,Zombie Chow,0.125,16
12,MAGE,Abomination,0.0333,30
12,MAGE,Acidic Swamp Ooze,0.0667,30
12,MAGE,Acolyte of Pain,0.3,30
12,MAGE,Alexstrasza,0.2,30
12,MAGE,Amani Berserker,0.3333,30
12,MAGE,Ancient Mage,0.0333,30
12,MAGE,Ancient Watcher,0.0333,30
12,MAGE,Arcane Explosion,0.2667,30
12,MAGE,Arcane Intellect,0.4333,30
12,MAGE,Arcane Missiles,0.4333,30
12,MAGE,Archmage,0.0333,30
12,MAGE,Archmage Antonidas,0.4333,30
12,MAGE,Argent Commander,0.2,30
12,MAGE,Argent Squire,0.3,30
12,MAGE,Azure Drake,0.3333,30
12,MAGE,Blizzard,0.6,30
12,MAGE,Bloodmage Thalnos,0.3667,30
12,MAGE,Bloodsail Raider,0.0333,30
12,MAGE,Boulderfist Ogre,0.0333,30
12,MAGE,Chillwind Yeti,0.1667,30
12,MAGE,Coldlight Oracle,0.2,30
12,MAGE,Cone of Cold,0.0667,30
12,MAGE,Counterspell,0.1333,30
12,MAGE,Darkscale Healer,0.1333,30
12,MAGE,Defender of Argus,0.0333,30
12,MAGE,Demolisher,0.0333,30
12,MAGE,Dire Wolf Alpha,0.1667,30
12,MAGE,Doomsayer,0.2333,30
12,MAGE,Earthen Ring Farseer,0.1667,30
12,MAGE,Echoing Ooze,0.1333,30
12,MAGE,Elven Archer,0.0333,30
12,MAGE,Ethereal Arcanist,0.3,30
12,MAGE,Faceless Manipulator,0.2,30
12,MAGE,Faerie Dragon,0.1667,30
12,MAGE,Fireball,0.7,30
12,MAGE,Flamestrike,0.2333,30
12,MAGE,Frost Elemental,0.0333,30
12,MAGE,Frost Nova,0.2667,30
12,MAGE,Frostbolt,0.8667,30
12,MAGE,Frostwolf Grunt,0.2667,30
12,MAGE,Gadgetzan Auctioneer,0.0333,30
12,MAGE,Gnomish Inventor,0.0667,30
12,MAGE,Harrison Jones,0.1,30
12,MAGE,Harvest Golem,0.1333,30
12,MAGE,Ice Barrier,0.4333,30
12,MAGE,Ice Block,0.2667,30
12,MAGE,Ice Lance,0.3667,30
12,MAGE,Injured Blademaster,0.0333,30
12,MAGE,Ironfur Grizzly,0.2667,30
12,MAGE,Kirin Tor Mage,0.0333,30
12,MAGE,Knife Juggler,0.1333,30
12,MAGE,Kobold Geomancer,0.2,30
12,MAGE,Leeroy Jenkins,0.1667,30
12,MAGE,Leper Gnome,0.1667,30
12,MAGE,Lightwarden,0.1333,30
12,MAGE,Loatheb,0.1,30
12,MAGE,Loot Hoarder,0.3333,30
12,MAGE,Mad Scientist,0.0667,30
12,MAGE,Mana Wraith,0.0333,30
12,MAGE,Mana Wyrm,0.5333,30
12,MAGE,Millhouse Manastorm,0.2667,30
12,MAGE,Mirror Entity,0.3,30
12,MAGE,Mirror Image,0.6667,30
12,MAGE,Molten Giant,0.0333,30
12,MAGE,Mountain Giant,0.1,30
12,MAGE,Murloc Tidehunter,0.0333,30
12,MAGE,Nat Pagle,0.0333,30
12,MAGE,Nerub'ar Weblord,0.0667,30
12,MAGE,Nightblade,0.1667,30
12,MAGE,Novice Engineer,0.3333,30
12,MAGE,Polymorph,0.4333,30
12,MAGE,Priestess of Elune,0.0667,30
12,MAGE,Pyroblast,0.3333,30
12,MAGE,Questing Adventurer,0.0333,30
12,MAGE,Raging Worgen,0.1333,30
12,MAGE,Ragnaros the Firelord,0.2667,30
12,MAGE,Ravenholdt Assassin,0.1667,30
12,MAGE,Razorfen Hunter,0.1333,30
12,MAGE,Reckless Rocketeer,0.2,30
12,MAGE,River Crocolisk,0.0333,30
12,MAGE,Secretkeeper,0.0333,30
12,MAGE,Sen'jin Shieldmasta,0.0333,30
12,MAGE,Shade of Naxxramas,0.0333,30
12,MAGE,Shattered Sun Cleric,0.1667,30
12,MAGE,Shieldbearer,0.3,30
12,MAGE,Sludge Belcher,0.5,30
12,MAGE,Sorcerer's Apprentice,0.3667,30
12,MAGE,Southsea Captain,0.0333,30
12,MAGE,Spellbender,0.2667,30
12,MAGE,Stalagg,0.0667,30
12,MAGE,Stormwind Knight,0.0333,30
12,MAGE,Sunfury Protector,0.1333,30
12,MAGE,Sunwalker,0.1333,30
12,MAGE,Sylvanas Windrunner,0.1333,30
12,MAGE,Tauren Warrior,0.0667,30
12,MAGE,The Black Knight,0.1667,30
12,MAGE,Tinkmaster Overspark,0.1,30
12,MAGE,Undertaker,0.1667,30
12,MAGE,Vaporize,0.1333,30
12,MAGE,Water Elemental,0.5333,30
12,MAGE,Wisp,0.0333,30
12,MAGE,Wolfrider,0.1333,30
12,MAGE,Young Dragonhawk,0.0333,30
12,MAGE,Ysera,0.1,30
12,WARRIOR,Acidic Swamp Ooze,0.2632,19
12,WARRIOR,Acolyte of Pain,0.3158,19
12,WARRIOR,Alexstrasza,0.2632,19
12,WARRIOR,Amani Berserker,0.1579,19
12,WARRIOR,Angry Chicken,0.0526,19
12,WARRIOR,Arathi Weaponsmith,0.4211,19
12,WARRIOR,Arcane Golem,0.0526,19
12,WARRIOR,Arcanite Reaper,0.4737,19
12,WARRIOR,Argent Commander,0.4737,19
12,WARRIOR,Argent Squire,0.2632,19
12,WARRIOR,Armorsmith,0.6316,19
12,WARRIOR,Azure Drake,0.0526,19
12,WARRIOR,Baron Geddon,0.2105,19
12,WARRIOR,Big Game Hunter,0.1579,19
12,WARRIOR,Bloodfen Raptor,0.1579,19
12,WARRIOR,Bloodsail Raider,0.7368,19
12,WARRIOR,Boulderfist Ogre,0.1053,19
12,WARRIOR,Brawl,0.4737,19
12,WARRIOR,Cairne Bloodhoof,0.1579,19
12,WARRIOR,Chillwind Yeti,0.1053,19
12,WARRIOR,Cleave,0.1579,19
12,WARRIOR,Commanding Shout,0.0526,19
12,WARRIOR,Cruel Taskmaster,0.6842,19
12,WARRIOR,Dancing Swords,0.0526,19
12,WARRIOR,Dark Iron Dwarf,0.2105,19
12,WARRIOR,Defender of Argus,0.1053,19
12,WARRIOR,Dire Wolf Alpha,0.2632,19
12,WARRIOR,Dragonling Mechanic,0.0526,19
12,WARRIOR,Dread Corsair,0.0526,19
12,WARRIOR,Earthen Ring Farseer,0.2105,19
12,WARRIOR,Echoing Ooze,0.1579,19
12,WARRIOR,Elven Archer,0.3158,19
12,WARRIOR,Emperor Cobra,0.0526,19
12,WARRIOR,Execute,0.8421,19
12,WARRIOR,Faceless Manipulator,0.1579,19
12,WARRIOR,Faerie Dragon,0.0526,19
12,WARRIOR,Fiery War Axe,0.7368,19
12,WARRIOR,Frothing Berserker,0.4737,19
12,WARRIOR,Gorehowl,0.3158,19
12,WARRIOR,Grommash Hellscream,0.5263,19
12,WARRIOR,Harrison Jones,0.0526,19
12,WARRIOR,Harvest Golem,0.3684,19
12,WARRIOR,Heroic Strike,0.4737,19
12,WARRIOR,Imp Master,0.1053,19
12,WARRIOR,Inner Rage,0.1579,19
12,WARRIOR,Ironbeak Owl,0.3158,19
12,WARRIOR,Knife Juggler,0.2632,19
12,WARRIOR,Kor'kron Elite,0.5263,19
12,WARRIOR,Leeroy Jenkins,0.1053,19
12,WARRIOR,Leper Gnome,0.3684,19
12,WARRIOR,Loatheb,0.1579,19
12,WARRIOR,Lorewalker Cho,0.0526,19
12,WARRIOR,Mad Bomber,0.1579,19
12,WARRIOR,Master Swordsmith,0.2632,19
12,WARRIOR,Mortal Strike,0.2632,19
12,WARRIOR,Nightblade,0.1579,19
12,WARRIOR,Nozdormu,0.0526,19
12,WARRIOR,Pint-Sized Summoner,0.1053,19
12,WARRIOR,Raging Worgen,0.1579,19
12,WARRIOR,Ragnaros the Firelord,0.5789,19
12,WARRIOR,Rampage,0.0526,19
12,WARRIOR,Scarlet Crusader,0.1053,19
12,WARRIOR,Secretkeeper,0.0526,19
12,WARRIOR,Sen'jin Shieldmasta,0.2632,19
12,WARRIOR,Shattered Sun Cleric,0.2632,19
12,WARRIOR,Shield Block,0.4737,19
12,WARRIOR,Shield Slam,0.4737,19
12,WARRIOR,Shieldbearer,0.2632,19
12,WARRIOR,Silver Hand Knight,0.0526,19
12,WARRIOR,Slam,0.5789,19
12,WARRIOR,Sludge Belcher,0.4737,19
12,WARRIOR,Spectral Knight,0.1579,19
12,WARRIOR,Spellbreaker,0.2632,19
12,WARRIOR,Spiteful Smith,0.3158,19
12,WARRIOR,Stonetusk Boar,0.1053,19
12,WARRIOR,Sylvanas Windrunner,0.2632,19
12,WARRIOR,The Black Knight,0.2632,19
12,WARRIOR,Undertaker,0.2632,19
12,WARRIOR,Unstable Ghoul,0.2632,19
12,WARRIOR,Upgrade!,0.2105,19
12,WARRIOR,Warsong Commander,0.5263,19
12,WARRIOR,Whirlwind,0.4737,19
12,WARRIOR,Windfury Harpy,0.1053,19
12,WARRIOR,Young Priestess,0.0526,19
12,WARRIOR,Ysera,0.1579,19
13,HUNTER,Abomination,0.1765,17
13,HUNTER,Abusive Sergeant,0.1176,17
13,HUNTER,Ancient Brewmaster,0.0588,17
13,HUNTER,Angry Chicken,0.0588,17
13,HUNTER,Animal Companion,1.0,17
13,HUNTER,Arcane Shot,0.3529,17
13,HUNTER,Azure Drake,0.1765,17
13,HUNTER,Big Game Hunter,0.3529,17
13,HUNTER,Bloodfen Raptor,0.0588,17
13,HUNTER,Booty Bay Bodyguard,0.0588,17
13,HUNTER,Dark Iron Dwarf,0.2353,17
13,HUNTER,Deadly Shot,0.9412,17
13,HUNTER,Deathlord,0.0588,17
13,HUNTER,Dire Wolf Alpha,0.2353,17
13,HUNTER,Eaglehorn Bow,0.6471,17
13,HUNTER,Echoing Ooze,0.0588,17
13,HUNTER,Emperor Cobra,0.0588,17
13,HUNTER,Explosive Shot,0.2941,17
13,HUNTER,Explosive Trap,0.7647,17
13,HUNTER,Faerie Dragon,0.3529,17
13,HUNTER,Feugen,0.2353,17
13,HUNTER,Flare,0.4706,17
13,HUNTER,Freezing Trap,0.8235,17
13,HUNTER,Frost Elemental,0.2941,17
13,HUNTER,Harrison Jones,0.1176,17
13,HUNTER,Harvest Golem,0.1176,17
13,HUNTER,Haunted Creeper,0.0588,17
13,HUNTER,Houndmaster,0.7059,17
13,HUNTER,Hunter's Mark,0.5294,17
13,HUNTER,Ironbeak Owl,0.4706,17
13,HUNTER,Ironfur Grizzly,0.1765,17
13,HUNTER,Kel'Thuzad,0.2941,17
13,HUNTER,Kill Command,0.5882,17
13,HUNTER,King Krush,0.0588,17
13,HUNTER,Knife Juggler,0.3529,17
13,HUNTER,Kobold Geomancer,0.1176,17
13,HUNTER,Leeroy Jenkins,0.4118,17
13,HUNTER,Loot Hoarder,0.3529,17
13,HUNTER,Mad Scientist,0.3529,17
13,HUNTER,Misdirection,0.0588,17
13,HUNTER,Mountain Giant,0.0588,17
13,HUNTER,Murloc Raider,0.0588,17
13,HUNTER,Nat Pagle,0.0588,17
13,HUNTER,Nozdormu,0.1176,17
13,HUNTER,Priestess of Elune,0.0588,17
13,HUNTER,Razorfen Hunter,0.1176,17
13,HUNTER,River Crocolisk,0.2353,17
13,HUNTER,Savannah Highmane,1.0,17
13,HUNTER,Scavenging Hyena,0.3529,17
13,HUNTER,Sea Giant,0.3529,17
13,HUNTER,Secretkeeper,0.0588,17
13,HUNTER,Sen'jin Shieldmasta,0.1176,17
13,HUNTER,Sludge Belcher,0.3529,17
13,HUNTER,Snake Trap,0.1176,17
13,HUNTER,Spectral Knight,0.1176,17
13,HUNTER,Stampeding Kodo,0.2941,17
13,HUNTER,Starving Buzzard,0.9412,17
13,HUNTER,Stoneskin Gargoyle,0.1765,17
13,HUNTER,Stonetusk Boar,0.2941,17
13,HUNTER,Stormwind Champion,0.0588,17
13,HUNTER,Stranglethorn Tiger,0.3529,17
13,HUNTER,Thrallmar Farseer,0.3529,17
13,HUNTER,Timber Wolf,0.6471,17
13,HUNTER,Tracking,0.5882,17
13,HUNTER,Tundra Rhino,0.0588,17
13,HUNTER,Undertaker,0.2353,17
13,HUNTER,Unleash the Hounds,1.0,17
13,HUNTER,Webspinner,0.0588,17
13,HUNTER,Ysera,0.0588,17
13,HUNTER,Zombie Chow,0.1176,17
13,MAGE,Acidic Swamp Ooze,0.0667,30
13,MAGE,Acolyte of Pain,0.3333,30
13,MAGE,Alexstrasza,0.2333,30
13,MAGE,Amani Berserker,0.3667,30
13,MAGE,Ancient Mage,0.0333,30
13,MAGE,Ancient Watcher,0.0333,30
13,MAGE,Arcane Explosion,0.2,30
13,MAGE,Arcane Intellect,0.4667,30
13,MAGE,Arcane Missiles,0.3667,30
13,MAGE,Archmage,0.0333,30
13,MAGE,Archmage Antonidas,0.3667,30
13,MAGE,Argent Commander,0.2,30
13,MAGE,Argent Squire,0.3,30
13,MAGE,Azure Drake,0.3667,30
13,MAGE,Blizzard,0.6,30
13,MAGE,Bloodfen Raptor,0.0333,30
13,MAGE,Bloodmage Thalnos,0.4333,30
13,MAGE,Bloodsail Raider,0.0333,30
13,MAGE,Boulderfist Ogre,0.0333,30
13,MAGE,Chillwind Yeti,0.2,30
13,MAGE,Coldlight Oracle,0.2333,30
13,MAGE,Cone of Cold,0.0667,30
13,MAGE,Counterspell,0.1,30
13,MAGE,Dalaran Mage,0.0333,30
13,MAGE,Darkscale Healer,0.1,30
13,MAGE,Defender of Argus,0.0333,30
13,MAGE,Demolisher,0.0333,30
13,MAGE,Dire Wolf Alpha,0.1667,30
13,MAGE,Doomsayer,0.2667,30
13,MAGE,Duplicate,0.0333,30
13,MAGE,Earthen Ring Farseer,0.2,30
13,MAGE,Echoing Ooze,0.1,30
13,MAGE,Elven Archer,0.0333,30
13,MAGE,Ethereal Arcanist,0.2333,30
13,MAGE,Faceless Manipulator,0.2333,30
13,MAGE,Faerie Dragon,0.1667,30
13,MAGE,Fireball,0.7667,30
13,MAGE,Flamestrike,0.2333,30
13,MAGE,Flesheating Ghoul,0.0333,30
13,MAGE,Frost Elemental,0.0333,30
13,MAGE,Frost Nova,0.3,30
13,MAGE,Frostbolt,0.8667,30
13,MAGE,Frostwolf Grunt,0.2,30
13,MAGE,Gadgetzan Auctioneer,0.0333,30
13,MAGE,Gnomish Inventor,0.0667,30
13,MAGE,Harrison Jones,0.1333,30
13,MAGE,Harvest Golem,0.1667,30
13,MAGE,Ice Barrier,0.4333,30
13,MAGE,Ice Block,0.3,30
13,MAGE,Ice Lance,0.4,30
13,MAGE,Injured Blademaster,0.0333,30
13,MAGE,Ironfur Grizzly,0.2333,30
13,MAGE,Kirin Tor Mage,0.0333,30
13,MAGE,Knife Juggler,0.1333,30
13,MAGE,Kobold Geomancer,0.2333,30
13,MAGE,Leeroy Jenkins,0.1667,30
13,MAGE,Leper Gnome,0.1667,30
13,MAGE,Lightwarden,0.1,30
13,MAGE,Loatheb,0.1,30
13,MAGE,Loot Hoarder,0.3667,30
13,MAGE,Mad Bomber,0.0333,30
13,MAGE,Mad Scientist,0.0667,30
13,MAGE,Mana Wraith,0.0667,30
13,MAGE,Mana Wyrm,0.5667,30
13,MAGE,Millhouse Manastorm,0.2333,30
13,MAGE,Mirror Entity,0.2333,30
13,MAGE,Mirror Image,0.6333,30
13,MAGE,Molten Giant,0.0333,30
13,MAGE,Mountain Giant,0.1,30
13,MAGE,Nerub'ar Weblord,0.0667,30
13,MAGE,Nightblade,0.1667,30
13,MAGE,Novice Engineer,0.3667,30
13,MAGE,Polymorph,0.4333,30
13,MAGE,Priestess of Elune,0.0333,30
13,MAGE,Pyroblast,0.3667,30
13,MAGE,Questing Adventurer,0.0333,30
13,MAGE,Raging Worgen,0.1,30
13,MAGE,Ragnaros the Firelord,0.2667,30
13,MAGE,Ravenholdt Assassin,0.1667,30
13,MAGE,Razorfen Hunter,0.1333,30
13,MAGE,Reckless Rocketeer,0.2333,30
13,MAGE,River Crocolisk,0.0333,30
13,MAGE,Secretkeeper,0.0333,30
13,MAGE,Sen'jin Shieldmasta,0.0333,30
13,MAGE,Shade of Naxxramas,0.0333,30
13,MAGE,Shattered Sun Cleric,0.1667,30
13,MAGE,Shieldbearer,0.2333,30
13,MAGE,Sludge Belcher,0.5667,30
13,MAGE,Sorcerer's Apprentice,0.4,30
13,MAGE,Southsea Captain,0.0333,30
13,MAGE,Spellbender,0.2,30
13,MAGE,Stalagg,0.0333,30
13,MAGE,Stormwind Knight,0.0333,30
13,MAGE,Sunfury Protector,0.1667,30
13,MAGE,Sunwalker,0.1333,30
13,MAGE,Sylvanas Windrunner,0.1667,30
13,MAGE,Tauren Warrior,0.1,30
13,MAGE,The Black Knight,0.1333,30
13,MAGE,Tinkmaster Overspark,0.1,30
13,MAGE,Undertaker,0.1333,30
13,MAGE,Vaporize,0.1,30
13,MAGE,Water Elemental,0.5333,30
13,MAGE,Wisp,0.0333,30
13,MAGE,Wolfrider,0.1333,30
13,MAGE,Young Dragonhawk,0.0667,30
13,MAGE,Ysera,0.1,30
13,WARRIOR,Acidic Swamp Ooze,0.25,20
13,WARRIOR,Acolyte of Pain,0.3,20
13,WARRIOR,Alexstrasza,0.25,20
13,WARRIOR,Amani Berserker,0.15,20
13,WARRIOR,Angry Chicken,0.05,20
13,WARRIOR,Arathi Weaponsmith,0.45,20
13,WARRIOR,Arcane Golem,0.05,20
13,WARRIOR,Arcanite Reaper,0.5,20
13,WARRIOR,Argent Commander,0.45,20
13,WARRIOR,Argent Squire,0.3,20
13,WARRIOR,Armorsmith,0.7,20
13,WARRIOR,Azure Drake,0.05,20
13,WARRIOR,Baron Geddon,0.2,20
13,WARRIOR,Big Game Hunter,0.1,20
13,WARRIOR,Bloodfen Raptor,0.2,20
13,WARRIOR,Bloodsail Raider,0.75,20
13,WARRIOR,Boulderfist Ogre,0.1,20
13,WARRIOR,Brawl,0.5,20
13,WARRIOR,Cairne Bloodhoof,0.2,20
13,WARRIOR,Chillwind Yeti,0.05,20
13,WARRIOR,Cleave,0.1,20
13,WARRIOR,Commanding Shout,0.05,20
13,WARRIOR,Cruel Taskmaster,0.7,20
13,WARRIOR,Dancing Swords,0.05,20
13,WARRIOR,Dark Iron Dwarf,0.15,20
13,WARRIOR,Defender of Argus,0.05,20
13,WARRIOR,Dire Wolf Alpha,0.25,20
13,WARRIOR,Dragonling Mechanic,0.05,20
13,WARRIOR,Dread Corsair,0.05,20
13,WARRIOR,Earthen Ring Farseer,0.25,20
13,WARRIOR,Echoing Ooze,0.1,20
13,WARRIOR,Elite Tauren Chieftain,0.05,20
13,WARRIOR,Elven Archer,0.3,20
13,WARRIOR,Emperor Cobra,0.05,20
13,WARRIOR,Execute,0.85,20
13,WARRIOR,Faceless Manipulator,0.1,20
13,WARRIOR,Faerie Dragon,0.05,20
13,WARRIOR,Fiery War Axe,0.65,20
13,WARRIOR,Frothing Berserker,0.45,20
13,WARRIOR,Gorehowl,0.35,20
13,WARRIOR,Grommash Hellscream,0.55,20
13,WARRIOR,Harrison Jones,0.05,20
13,WARRIOR,Harvest Golem,0.35,20
13,WARRIOR,Heroic Strike,0.45,20
13,WARRIOR,Imp Master,0.15,20
13,WARRIOR,Inner Rage,0.15,20
13,WARRIOR,Ironbeak Owl,0.3,20
13,WARRIOR,Knife Juggler,0.25,20
13,WARRIOR,Kor'kron Elite,0.5,20
13,WARRIOR,Leeroy Jenkins,0.1,20
13,WARRIOR,Leper Gnome,0.35,20
13,WARRIOR,Loatheb,0.2,20
13,WARRIOR,Lorewalker Cho,0.05,20
13,WARRIOR,Mad Bomber,0.2,20
13,WARRIOR,Master Swordsmith,0.25,20
13,WARRIOR,Mortal Strike,0.3,20
13,WARRIOR,Nightblade,0.15,20
13,WARRIOR,Nozdormu,0.05,20
13,WARRIOR,Pint-Sized Summoner,0.1,20
13,WARRIOR,Raging Worgen,0.15,20
13,WARRIOR,Ragnaros the Firelord,0.65,20
13,WARRIOR,Rampage,0.05,20
13,WARRIOR,Scarlet Crusader,0.05,20
13,WARRIOR,Secretkeeper,0.05,20
13,WARRIOR,Sen'jin Shieldmasta,0.35,20
13,WARRIOR,Shattered Sun Cleric,0.3,20
13,WARRIOR,Shield Block,0.5,20
13,WARRIOR,Shield Slam,0.5,20
13,WARRIOR,Shieldbearer,0.25,20
13,WARRIOR,Silver Hand Knight,0.05,20
13,WARRIOR,Slam,0.6,20
13,WARRIOR,Sludge Belcher,0.55,20
13,WARRIOR,Spectral Knight,0.2,20
13,WARRIOR,Spellbreaker,0.3,20
13,WARRIOR,Spiteful Smith,0.3,20
13,WARRIOR,Stampeding Kodo,0.05,20
13,WARRIOR,Stonetusk Boar,0.15,20
13,WARRIOR,Sylvanas Windrunner,0.35,20
13,WARRIOR,The Black Knight,0.3,20
13,WARRIOR,Undertaker,0.3,20
13,WARRIOR,Unstable Ghoul,0.35,20
13,WARRIOR,Upgrade!,0.25,20
13,WARRIOR,Warsong Commander,0.5,20
13,WARRIOR,Whirlwind,0.5,20
13,WARRIOR,Windfury Harpy,0.1,20
13,WARRIOR,Young Priestess,0.1,20
13,WARRIOR,Ysera,0.2,20
14,HUNTER,Abomination,0.1765,17
14,HUNTER,Abusive Sergeant,0.0588,17
14,HUNTER,Ancient Brewmaster,0.0588,17
14,HUNTER,Angry Chicken,0.0588,17
14,HUNTER,Animal Companion,1.0,17
14,HUNTER,Arcane Shot,0.3529,17
14,HUNTER,Azure Drake,0.1765,17
14,HUNTER,Big Game Hunter,0.3529,17
14,HUNTER,Bloodfen Raptor,0.0588,17
14,HUNTER,Booty Bay Bodyguard,0.0588,17
14,HUNTER,Dark Iron Dwarf,0.2353,17
14,HUNTER,Deadly Shot,0.9412,17
14,HUNTER,Deathlord,0.0588,17
14,HUNTER,Dire Wolf Alpha,0.2353,17
14,HUNTER,Eaglehorn Bow,0.6471,17
14,HUNTER,Echoing Ooze,0.0588,17
14,HUNTER,Emperor Cobra,0.0588,17
14,HUNTER,Explosive Shot,0.2941,17
14,HUNTER,Explosive Trap,0.7059,17
14,HUNTER,Faerie Dragon,0.3529,17
14,HUNTER,Feugen,0.2353,17
14,HUNTER,Flare,0.4706,17
14,HUNTER,Freezing Trap,0.8235,17
14,HUNTER,Frost Elemental,0.2941,17
14,HUNTER,Harrison Jones,0.1176,17
14,HUNTER,Harvest Golem,0.1765,17
14,HUNTER,Haunted Creeper,0.1176,17
14,HUNTER,Houndmaster,0.7059,17
14,HUNTER,Hunter's Mark,0.5294,17
14,HUNTER,Ironbeak Owl,0.4706,17
14,HUNTER,Ironfur Grizzly,0.1765,17
14,HUNTER,Kel'Thuzad,0.2941,17
14,HUNTER,Kill Command,0.5882,17
14,HUNTER,King Krush,0.0588,17
14,HUNTER,Knife Juggler,0.3529,17
14,HUNTER,Kobold Geomancer,0.1176,17
14,HUNTER,Leeroy Jenkins,0.4118,17
14,HUNTER,Loatheb,0.0588,17
14,HUNTER,Loot Hoarder,0.3529,17
14,HUNTER,Mad Scientist,0.3529,17
14,HUNTER,Misdirection,0.0588,17
14,HUNTER,Mountain Giant,0.0588,17
14,HUNTER,Murloc Raider,0.0588,17
14,HUNTER,Nat Pagle,0.0588,17
14,HUNTER,Nozdormu,0.1176,17
14,HUNTER,Priestess of Elune,0.1176,17
14,HUNTER,Razorfen Hunter,0.1176,17
14,HUNTER,River Crocolisk,0.2353,17
14,HUNTER,Savannah Highmane,1.0,17
14,HUNTER,Scavenging Hyena,0.3529,17
14,HUNTER,Sea Giant,0.3529,17
14,HUNTER,Secretkeeper,0.0588,17
14,HUNTER,Sen'jin Shieldmasta,0.1176,17
14,HUNTER,Sludge Belcher,0.4118,17
14,HUNTER,Snake Trap,0.1176,17
14,HUNTER,Spectral Knight,0.1176,17
14,HUNTER,Stampeding Kodo,0.2941,17
14,HUNTER,Starving Buzzard,0.9412,17
14,HUNTER,Stoneskin Gargoyle,0.1176,17
14,HUNTER,Stonetusk Boar,0.2941,17
14,HUNTER,Stormwind Champion,0.0588,17
14,HUNTER,Stranglethorn Tiger,0.3529,17
14,HUNTER,Thrallmar Farseer,0.3529,17
14,HUNTER,Timber Wolf,0.6471,17
14,HUNTER,Tracking,0.5882,17
14,HUNTER,Tundra Rhino,0.0588,17
14,HUNTER,Undertaker,0.2941,17
14,HUNTER,Unleash the Hounds,1.0,17
14,HUNTER,Webspinner,0.0588,17
14,HUNTER,Ysera,0.0588,17
14,HUNTER,Zombie Chow,0.1765,17
14,MAGE,Acidic Swamp Ooze,0.0667,30
14,MAGE,Acolyte of Pain,0.3333,30
14,MAGE,Alexstrasza,0.1667,30
14,MAGE,Amani Berserker,0.3667,30
14,MAGE,Ancient Mage,0.0667,30
14,MAGE,Ancient Watcher,0.0333,30
14,MAGE,Arcane Explosion,0.2,30
14,MAGE,Arcane Intellect,0.4333,30
14,MAGE,Arcane Missiles,0.4,30
14,MAGE,Archmage,0.0667,30
14,MAGE,Archmage Antonidas,0.4,30
14,MAGE,Argent Commander,0.2,30
14,MAGE,Argent Squire,0.3,30
14,MAGE,Azure Drake,0.3667,30
14,MAGE,Blizzard,0.6,30
14,MAGE,Bloodfen Raptor,0.0333,30
14,MAGE,Bloodmage Thalnos,0.4,30
14,MAGE,Bloodsail Raider,0.0667,30
14,MAGE,Boulderfist Ogre,0.0333,30
14,MAGE,Chillwind Yeti,0.2,30
14,MAGE,Coldlight Oracle,0.2,30
14,MAGE,Cone of Cold,0.0667,30
14,MAGE,Counterspell,0.1333,30
14,MAGE,Dalaran Mage,0.0333,30
14,MAGE,Darkscale Healer,0.1,30
14,MAGE,Defender of Argus,0.0333,30
14,MAGE,Demolisher,0.0333,30
14,MAGE,Dire Wolf Alpha,0.1667,30
14,MAGE,Doomsayer,0.2333,30
14,MAGE,Duplicate,0.0333,30
14,MAGE,Earthen Ring Farseer,0.2,30
14,MAGE,Echoing Ooze,0.1,30
14,MAGE,Elven Archer,0.0333,30
14,MAGE,Ethereal Arcanist,0.2333,30
14,MAGE,Faceless Manipulator,0.2333,30
14,MAGE,Faerie Dragon,0.1667,30
14,MAGE,Fen Creeper,0.0333,30
14,MAGE,Fireball,0.7333,30
14,MAGE,Flamestrike,0.2333,30
14,MAGE,Frost Elemental,0.0333,30
14,MAGE,Frost Nova,0.2667,30
14,MAGE,Frostbolt,0.8667,30
14,MAGE,Frostwolf Grunt,0.2333,30
14,MAGE,Gadgetzan Auctioneer,0.0333,30
14,MAGE,Gnomish Inventor,0.1,30
14,MAGE,Harrison Jones,0.1333,30
14,MAGE,Harvest Golem,0.1667,30
14,MAGE,Ice Barrier,0.4333,30
14,MAGE,Ice Block,0.2667,30
14,MAGE,Ice Lance,0.3667,30
14,MAGE,Injured Blademaster,0.0333,30
14,MAGE,Ironfur Grizzly,0.2333,30
14,MAGE,Kirin Tor Mage,0.0333,30
14,MAGE,Knife Juggler,0.1333,30
14,MAGE,Kobold Geomancer,0.1667,30
14,MAGE,Leeroy Jenkins,0.1667,30
14,MAGE,Leper Gnome,0.1667,30
14,MAGE,Lightwarden,0.1333,30
14,MAGE,Loatheb,0.1,30
14,MAGE,Loot Hoarder,0.3333,30
14,MAGE,Mad Scientist,0.0667,30
14,MAGE,Mana Wraith,0.1,30
14,MAGE,Mana Wyrm,0.6,30
14,MAGE,Millhouse Manastorm,0.2333,30
14,MAGE,Mirror Entity,0.2667,30
14,MAGE,Mirror Image,0.6,30
14,MAGE,Molten Giant,0.0333,30
14,MAGE,Mountain Giant,0.1,30
14,MAGE,Nerub'ar Weblord,0.0667,30
14,MAGE,Nightblade,0.1667,30
14,MAGE,Novice Engineer,0.3667,30
14,MAGE,Polymorph,0.4667,30
14,MAGE,Priestess of Elune,0.0333,30
14,MAGE,Pyroblast,0.3667,30
14,MAGE,Questing Adventurer,0.0333,30
14,MAGE,Raging Worgen,0.1,30
14,MAGE,Ragnaros the Firelord,0.2667,30
14,MAGE,Ravenholdt Assassin,0.1667,30
14,MAGE,Razorfen Hunter,0.1333,30
14,MAGE,Reckless Rocketeer,0.2,30
14,MAGE,River Crocolisk,0.0333,30
14,MAGE,Secretkeeper,0.0333,30
14,MAGE,Sen'jin Shieldmasta,0.0333,30
14,MAGE,Shade of Naxxramas,0.0333,30
14,MAGE,Shattered Sun Cleric,0.1667,30
14,MAGE,Shieldbearer,0.2667,30
14,MAGE,Sludge Belcher,0.5667,30
14,MAGE,Sorcerer's Apprentice,0.3667,30
14,MAGE,Southsea Captain,0.0333,30
14,MAGE,Spellbender,0.2333,30
14,MAGE,Stalagg,0.0333,30
14,MAGE,Stormpike Commando,0.0333,30
14,MAGE,Stormwind Knight,0.0333,30
14,MAGE,Sunfury Protector,0.1667,30
14,MAGE,Sunwalker,0.1333,30
14,MAGE,Sylvanas Windrunner,0.1667,30
14,MAGE,Tauren Warrior,0.1,30
14,MAGE,The Black Knight,0.1333,30
14,MAGE,Tinkmaster Overspark,0.1,30
14,MAGE,Undertaker,0.1667,30
14,MAGE,Vaporize,0.1333,30
14,MAGE,Water Elemental,0.5333,30
14,MAGE,Wisp,0.0333,30
14,MAGE,Wolfrider,0.1333,30
14,MAGE,Young Dragonhawk,0.0667,30
14,MAGE,Ysera,0.1333,30
14,WARRIOR,Acidic Swamp Ooze,0.2857,21
14,WARRIOR,Acolyte of Pain,0.2857,21
14,WARRIOR,Alexstrasza,0.2381,21
14,WARRIOR,Amani Berserker,0.1429,21
14,WARRIOR,Angry Chicken,0.0476,21
14,WARRIOR,Arathi Weaponsmith,0.4286,21
14,WARRIOR,Arcane Golem,0.0476,21
14,WARRIOR,Arcanite Reaper,0.4762,21
14,WARRIOR,Argent Commander,0.4762,21
14,WARRIOR,Argent Squire,0.2381,21
14,WARRIOR,Armorsmith,0.7143,21
14,WARRIOR,Azure Drake,0.0476,21
14,WARRIOR,Baron Geddon,0.1905,21
14,WARRIOR,Big Game Hunter,0.0952,21
14,WARRIOR,Bloodfen Raptor,0.2381,21
14,WARRIOR,Bloodsail Raider,0.7619,21
14,WARRIOR,Boulderfist Ogre,0.0952,21
14,WARRIOR,Brawl,0.4762,21
14,WARRIOR,Cairne Bloodhoof,0.1905,21
14,WARRIOR,Chillwind Yeti,0.0476,21
14,WARRIOR,Cleave,0.0476,21
14,WARRIOR,Commanding Shout,0.0476,21
14,WARRIOR,Cruel Taskmaster,0.6667,21
14,WARRIOR,Cult Master,0.0476,21
14,WARRIOR,Dancing Swords,0.0476,21
14,WARRIOR,Dark Iron Dwarf,0.1429,21
14,WARRIOR,Defender of Argus,0.0476,21
14,WARRIOR,Dire Wolf Alpha,0.2857,21
14,WARRIOR,Dragonling Mechanic,0.0476,21
14,WARRIOR,Dread Corsair,0.0476,21
14,WARRIOR,Earthen Ring Farseer,0.2857,21
14,WARRIOR,Echoing Ooze,0.0952,21
14,WARRIOR,Elite Tauren Chieftain,0.0476,21
14,WARRIOR,Elven Archer,0.3333,21
14,WARRIOR,Emperor Cobra,0.0476,21
14,WARRIOR,Execute,0.8571,21
14,WARRIOR,Faceless Manipulator,0.0952,21
14,WARRIOR,Faerie Dragon,0.0476,21
14,WARRIOR,Fiery War Axe,0.6667,21
14,WARRIOR,Frothing Berserker,0.4286,21
14,WARRIOR,Gorehowl,0.3333,21
14,WARRIOR,Grommash Hellscream,0.5238,21
14,WARRIOR,Harrison Jones,0.0476,21
14,WARRIOR,Harvest Golem,0.381,21
14,WARRIOR,Heroic Strike,0.4286,21
14,WARRIOR,Imp Master,0.1429,21
14,WARRIOR,Inner Rage,0.1905,21
14,WARRIOR,Ironbeak Owl,0.3333,21
14,WARRIOR,Knife Juggler,0.2857,21
14,WARRIOR,Kor'kron Elite,0.5238,21
14,WARRIOR,Leeroy Jenkins,0.0952,21
14,WARRIOR,Leper Gnome,0.381,21
14,WARRIOR,Loatheb,0.2381,21
14,WARRIOR,Lorewalker Cho,0.0476,21
14,WARRIOR,Mad Bomber,0.2381,21
14,WARRIOR,Master Swordsmith,0.2857,21
14,WARRIOR,Mortal Strike,0.2857,21
14,WARRIOR,Nightblade,0.1429,21
14,WARRIOR,Nozdormu,0.0476,21
14,WARRIOR,Pint-Sized Summoner,0.0952,21
14,WARRIOR,Raging Worgen,0.1429,21
14,WARRIOR,Ragnaros the Firelord,0.6667,21
14,WARRIOR,Rampage,0.0476,21
14,WARRIOR,Scarlet Crusader,0.0476,21
14,WARRIOR,Secretkeeper,0.0476,21
14,WARRIOR,Sen'jin Shieldmasta,0.381,21
14,WARRIOR,Shattered Sun Cleric,0.2857,21
14,WARRIOR,Shield Block,0.4762,21
14,WARRIOR,Shield Slam,0.4762,21
14,WARRIOR,Shieldbearer,0.2857,21
14,WARRIOR,Silvermoon Guardian,0.0476,21
14,WARRIOR,Slam,0.5714,21
14,WARRIOR,Sludge Belcher,0.5238,21
14,WARRIOR,Spectral Knight,0.2381,21
14,WARRIOR,Spellbreaker,0.2857,21
14,WARRIOR,Spiteful Smith,0.2857,21
14,WARRIOR,Stampeding Kodo,0.0476,21
14,WARRIOR,Stonetusk Boar,0.1429,21
14,WARRIOR,Sylvanas Windrunner,0.381,21
14,WARRIOR,The Black Knight,0.2857,21
14,WARRIOR,Undertaker,0.2857,21
14,WARRIOR,Unstable Ghoul,0.381,21
14,WARRIOR,Upgrade!,0.2381,21
14,WARRIOR,Warsong Commander,0.5238,21
14,WARRIOR,Whirlwind,0.4762,21
14,WARRIOR,Windfury Harpy,0.0476,21
14,WARRIOR,Young Priestess,0.1429,21
14,WARRIOR,Ysera,0.1905,21
15,HUNTER,Abomination,0.1053,19
15,HUNTER,Abusive Sergeant,0.0526,19
15,HUNTER,Ancient Brewmaster,0.0526,19
15,HUNTER,Angry Chicken,0.1579,19
15,HUNTER,Animal Companion,1.0,19
15,HUNTER,Arcane Shot,0.4211,19
15,HUNTER,Azure Drake,0.1579,19
15,HUNTER,Big Game Hunter,0.3158,19
15,HUNTER,Bloodfen Raptor,0.0526,19
15,HUNTER,Booty Bay Bodyguard,0.0526,19
15,HUNTER,Captain's Parrot,0.0526,19
15,HUNTER,Dark Iron Dwarf,0.2632,19
15,HUNTER,Deadly Shot,1.0,19
15,HUNTER,Dire Wolf Alpha,0.1579,19
15,HUNTER,Dread Corsair,0.0526,19
15,HUNTER,Eaglehorn Bow,0.6842,19
15,HUNTER,Echoing Ooze,0.0526,19
15,HUNTER,Emperor Cobra,0.0526,19
15,HUNTER,Explosive Shot,0.3684,19
15,HUNTER,Explosive Trap,0.6842,19
15,HUNTER,Faerie Dragon,0.3158,19
15,HUNTER,Feugen,0.2632,19
15,HUNTER,Flare,0.5789,19
15,HUNTER,Freezing Trap,0.8947,19
15,HUNTER,Frost Elemental,0.2632,19
15,HUNTER,Harrison Jones,0.1053,19
15,HUNTER,Harvest Golem,0.2632,19
15,HUNTER,Haunted Creeper,0.1053,19
15,HUNTER,Houndmaster,0.6316,19
15,HUNTER,Hunter's Mark,0.5789,19
15,HUNTER,Ironbeak Owl,0.3684,19
15,HUNTER,Ironfur Grizzly,0.1579,19
15,HUNTER,Kel'Thuzad,0.3684,19
15,HUNTER,Kill Command,0.5789,19
15,HUNTER,King Krush,0.0526,19
15,HUNTER,Knife Juggler,0.3158,19
15,HUNTER,Kobold Geomancer,0.0526,19
15,HUNTER,Leeroy Jenkins,0.3158,19
15,HUNTER,Loatheb,0.0526,19
15,HUNTER,Loot Hoarder,0.3684,19
15,HUNTER,Mad Bomber,0.0526,19
15,HUNTER,Mad Scientist,0.4211,19
15,HUNTER,Mountain Giant,0.0526,19
15,HUNTER,Nat Pagle,0.0526,19
15,HUNTER,Nozdormu,0.1053,19
15,HUNTER,Priestess of Elune,0.1053,19
15,HUNTER,Razorfen Hunter,0.0526,19
15,HUNTER,River Crocolisk,0.2632,19
15,HUNTER,Savannah Highmane,0.9474,19
15,HUNTER,Scavenging Hyena,0.3158,19
15,HUNTER,Sea Giant,0.3158,19
15,HUNTER,Secretkeeper,0.0526,19
15,HUNTER,Sen'jin Shieldmasta,0.2105,19
15,HUNTER,Sludge Belcher,0.4211,19
15,HUNTER,Snake Trap,0.0526,19
15,HUNTER,Spectral Knight,0.2105,19
15,HUNTER,Stampeding Kodo,0.2105,19
15,HUNTER,Starving Buzzard,0.9474,19
15,HUNTER,Stoneskin Gargoyle,0.1053,19
15,HUNTER,Stonetusk Boar,0.2632,19
15,HUNTER,Stormwind Champion,0.0526,19
15,HUNTER,Stranglethorn Tiger,0.3158,19
15,HUNTER,Thrallmar Farseer,0.3158,19
15,HUNTER,Timber Wolf,0.6842,19
15,HUNTER,Tracking,0.5789,19
15,HUNTER,Tundra Rhino,0.0526,19
15,HUNTER,Undertaker,0.3158,19
15,HUNTER,Unleash the Hounds,1.0,19
15,HUNTER,Webspinner,0.0526,19
15,HUNTER,Wild Pyromancer,0.0526,19
15,HUNTER,Wisp,0.0526,19
15,HUNTER,Ysera,0.0526,19
15,HUNTER,Zombie Chow,0.3158,19
15,MAGE,Acidic Swamp Ooze,0.0323,31
15,MAGE,Acolyte of Pain,0.3226,31
15,MAGE,Alexstrasza,0.129,31
15,MAGE,Amani Berserker,0.3226,31
15,MAGE,Ancient Mage,0.0323,31
15,MAGE,Ancient Watcher,0.0323,31
15,MAGE,Arcane Explosion,0.1935,31
15,MAGE,Arcane Intellect,0.4194,31
15,MAGE,Arcane Missiles,0.4839,31
15,MAGE,Archmage,0.129,31
15,MAGE,Archmage Antonidas,0.3548,31
15,MAGE,Argent Commander,0.1935,31
15,MAGE,Argent Squire,0.3226,31
15,MAGE,Azure Drake,0.3548,31
15,MAGE,Blizzard,0.5806,31
15,MAGE,Bloodfen Raptor,0.0323,31
15,MAGE,Bloodmage Thalnos,0.3548,31
15,MAGE,Bloodsail Raider,0.0323,31
15,MAGE,Boulderfist Ogre,0.0323,31
15,MAGE,Chillwind Yeti,0.1613,31
15,MAGE,Coldlight Oracle,0.1613,31
15,MAGE,Cone of Cold,0.0968,31
15,MAGE,Counterspell,0.1613,31
15,MAGE,Dalaran Mage,0.0968,31
15,MAGE,Darkscale Healer,0.129,31
15,MAGE,Defender of Argus,0.0323,31
15,MAGE,Demolisher,0.0323,31
15,MAGE,Dire Wolf Alpha,0.1613,31
15,MAGE,Doomsayer,0.1935,31
15,MAGE,Duplicate,0.0323,31
15,MAGE,Earthen Ring Farseer,0.1613,31
15,MAGE,Echoing Ooze,0.129,31
15,MAGE,Elite Tauren Chieftain,0.0323,31
15,MAGE,Elven Archer,0.0323,31
15,MAGE,Ethereal Arcanist,0.2581,31
15,MAGE,Faceless Manipulator,0.1935,31
15,MAGE,Faerie Dragon,0.1613,31
15,MAGE,Fen Creeper,0.0645,31
15,MAGE,Feugen,0.0323,31
15,MAGE,Fireball,0.6774,31
15,MAGE,Flamestrike,0.1935,31
15,MAGE,Frost Elemental,0.0323,31
15,MAGE,Frost Nova,0.2258,31
15,MAGE,Frostbolt,0.9032,31
15,MAGE,Frostwolf Grunt,0.2903,31
15,MAGE,Gadgetzan Auctioneer,0.0323,31
15,MAGE,Gnomish Inventor,0.1613,31
15,MAGE,Harrison Jones,0.0968,31
15,MAGE,Harvest Golem,0.129,31
15,MAGE,Ice Barrier,0.4516,31
15,MAGE,Ice Block,0.2258,31
15,MAGE,Ice Lance,0.3548,31
15,MAGE,Injured Blademaster,0.0323,31
15,MAGE,Ironforge Rifleman,0.0323,31
15,MAGE,Ironfur Grizzly,0.2581,31
15,MAGE,Kirin Tor Mage,0.0323,31
15,MAGE,Knife Juggler,0.1935,31
15,MAGE,Kobold Geomancer,0.129,31
15,MAGE,Leeroy Jenkins,0.1613,31
15,MAGE,Leper Gnome,0.1613,31
15,MAGE,Lightwarden,0.129,31
15,MAGE,Loatheb,0.129,31
15,MAGE,Loot Hoarder,0.3548,31
15,MAGE,Mad Scientist,0.0968,31
15,MAGE,Mana Wraith,0.1613,31
15,MAGE,Mana Wyrm,0.6452,31
15,MAGE,Millhouse Manastorm,0.2258,31
15,MAGE,Mirror Entity,0.3226,31
15,MAGE,Mirror Image,0.6452,31
15,MAGE,Molten Giant,0.0323,31
15,MAGE,Mountain Giant,0.129,31
15,MAGE,Nerub'ar Weblord,0.0645,31
15,MAGE,Nightblade,0.1613,31
15,MAGE,Novice Engineer,0.3871,31
15,MAGE,Polymorph,0.4839,31
15,MAGE,Priestess of Elune,0.0323,31
15,MAGE,Pyroblast,0.3226,31
15,MAGE,Questing Adventurer,0.0323,31
15,MAGE,Raging Worgen,0.0645,31
15,MAGE,Ragnaros the Firelord,0.2258,31
15,MAGE,Ravenholdt Assassin,0.1613,31
15,MAGE,Razorfen Hunter,0.0968,31
15,MAGE,Reckless Rocketeer,0.1613,31
15,MAGE,River Crocolisk,0.0323,31
15,MAGE,Secretkeeper,0.0645,31
15,MAGE,Shade of Naxxramas,0.0323,31
15,MAGE,Shattered Sun Cleric,0.1613,31
15,MAGE,Shieldbearer,0.3548,31
15,MAGE,Sludge Belcher,0.5161,31
15,MAGE,Sorcerer's Apprentice,0.3548,31
15,MAGE,Southsea Captain,0.0323,31
15,MAGE,Spellbender,0.2581,31
15,MAGE,Stormpike Commando,0.0645,31
15,MAGE,Stormwind Knight,0.0323,31
15,MAGE,Sunfury Protector,0.129,31
15,MAGE,Sunwalker,0.0968,31
15,MAGE,Sylvanas Windrunner,0.129,31
15,MAGE,Tauren Warrior,0.0645,31
15,MAGE,The Black Knight,0.129,31
15,MAGE,Tinkmaster Overspark,0.0968,31
15,MAGE,Undertaker,0.1935,31
15,MAGE,Vaporize,0.1613,31
15,MAGE,Water Elemental,0.5161,31
15,MAGE,Wisp,0.0323,31
15,MAGE,Wolfrider,0.1613,31
15,MAGE,Young Dragonhawk,0.0645,31
15,MAGE,Ysera,0.1613,31
15,WARRIOR,Acidic Swamp Ooze,0.2632,19
15,WARRIOR,Acolyte of Pain,0.2632,19
15,WARRIOR,Alexstrasza,0.2105,19
15,WARRIOR,Amani Berserker,0.1053,19
15,WARRIOR,Angry Chicken,0.0526,19
15,WARRIOR,Arathi Weaponsmith,0.4737,19
15,WARRIOR,Arcane Golem,0.0526,19
15,WARRIOR,Arcanite Reaper,0.4737,19
15,WARRIOR,Archmage,0.0526,19
15,WARRIOR,Argent Commander,0.4211,19
15,WARRIOR,Argent Squire,0.2105,19
15,WARRIOR,Armorsmith,0.6842,19
15,WARRIOR,Azure Drake,0.0526,19
15,WARRIOR,Baron Geddon,0.2105,19
15,WARRIOR,Big Game Hunter,0.0526,19
15,WARRIOR,Bloodfen Raptor,0.2105,19
15,WARRIOR,Bloodsail Raider,0.7895,19
15,WARRIOR,Boulderfist Ogre,0.1053,19
15,WARRIOR,Brawl,0.4737,19
15,WARRIOR,Cairne Bloodhoof,0.1579,19
15,WARRIOR,Chillwind Yeti,0.0526,19
15,WARRIOR,Cleave,0.0526,19
15,WARRIOR,Commanding Shout,0.0526,19
15,WARRIOR,Cruel Taskmaster,0.6316,19
15,WARRIOR,Cult Master,0.1579,19
15,WARRIOR,Dancing Swords,0.0526,19
15,WARRIOR,Dark Iron Dwarf,0.1579,19
15,WARRIOR,Defender of Argus,0.0526,19
15,WARRIOR,Dire Wolf Alpha,0.2632,19
15,WARRIOR,Dragonling Mechanic,0.0526,19
15,WARRIOR,Dread Corsair,0.0526,19
15,WARRIOR,Earthen Ring Farseer,0.3684,19
15,WARRIOR,Elite Tauren Chieftain,0.0526,19
15,WARRIOR,Elven Archer,0.3158,19
15,WARRIOR,Emperor Cobra,0.1053,19
15,WARRIOR,Execute,0.7895,19
15,WARRIOR,Faceless Manipulator,0.0526,19
15,WARRIOR,Faerie Dragon,0.0526,19
15,WARRIOR,Fiery War Axe,0.6316,19
15,WARRIOR,Frothing Berserker,0.4737,19
15,WARRIOR,Gorehowl,0.3158,19
15,WARRIOR,Grommash Hellscream,0.5789,19
15,WARRIOR,Harrison Jones,0.1053,19
15,WARRIOR,Harvest Golem,0.3684,19
15,WARRIOR,Heroic Strike,0.3684,19
15,WARRIOR,Imp Master,0.1579,19
15,WARRIOR,Inner Rage,0.2105,19
15,WARRIOR,Ironbeak Owl,0.3158,19
15,WARRIOR,Knife Juggler,0.3158,19
15,WARRIOR,Kor'kron Elite,0.5263,19
15,WARRIOR,Leeroy Jenkins,0.1579,19
15,WARRIOR,Leper Gnome,0.3684,19
15,WARRIOR,Loatheb,0.2105,19
15,WARRIOR,Lorewalker Cho,0.0526,19
15,WARRIOR,Mad Bomber,0.2632,19
15,WARRIOR,Master Swordsmith,0.2632,19
15,WARRIOR,Mortal Strike,0.3158,19
15,WARRIOR,Nightblade,0.1579,19
15,WARRIOR,Nozdormu,0.0526,19
15,WARRIOR,Pint-Sized Summoner,0.1053,19
15,WARRIOR,Raging Worgen,0.1579,19
15,WARRIOR,Ragnaros the Firelord,0.6842,19
15,WARRIOR,Rampage,0.0526,19
15,WARRIOR,Scarlet Crusader,0.0526,19
15,WARRIOR,Secretkeeper,0.0526,19
15,WARRIOR,Sen'jin Shieldmasta,0.4211,19
15,WARRIOR,Shattered Sun Cleric,0.2632,19
15,WARRIOR,Shield Block,0.4737,19
15,WARRIOR,Shield Slam,0.4737,19
15,WARRIOR,Shieldbearer,0.2632,19
15,WARRIOR,Silver Hand Knight,0.0526,19
15,WARRIOR,Slam,0.5789,19
15,WARRIOR,Sludge Belcher,0.5789,19
15,WARRIOR,Spectral Knight,0.2632,19
15,WARRIOR,Spellbreaker,0.2105,19
15,WARRIOR,Spiteful Smith,0.3158,19
15,WARRIOR,Stampeding Kodo,0.1053,19
15,WARRIOR,Stonetusk Boar,0.1579,19
15,WARRIOR,Sylvanas Windrunner,0.3158,19
15,WARRIOR,The Black Knight,0.2632,19
15,WARRIOR,Undertaker,0.3158,19
15,WARRIOR,Unstable Ghoul,0.3684,19
15,WARRIOR,Upgrade!,0.2632,19
15,WARRIOR,Warsong Commander,0.5789,19
15,WARRIOR,Whirlwind,0.4737,19
15,WARRIOR,Windfury Harpy,0.0526,19
15,WARRIOR,Young Priestess,0.2105,19
15,WARRIOR,Ysera,0.1053,19
15,WARRIOR,Zombie Chow,0.0526,19
16,HUNTER,Abomination,0.1,20
16,HUNTER,Abusive Sergeant,0.1,20
16,HUNTER,Ancient Brewmaster,0.05,20
16,HUNTER,Angry Chicken,0.1,20
16,HUNTER,Animal Companion,1.0,20
16,HUNTER,Arcane Shot,0.35,20
16,HUNTER,Azure Drake,0.15,20
16,HUNTER,Big Game Hunter,0.4,20
16,HUNTER,Bloodfen Raptor,0.05,20
16,HUNTER,Booty Bay Bodyguard,0.05,20
16,HUNTER,Captain's Parrot,0.05,20
16,HUNTER,Dark Iron Dwarf,0.25,20
16,HUNTER,Deadly Shot,0.95,20
16,HUNTER,Dire Wolf Alpha,0.15,20
16,HUNTER,Dread Corsair,0.05,20
16,HUNTER,Eaglehorn Bow,0.7,20
16,HUNTER,Echoing Ooze,0.1,20
16,HUNTER,Emperor Cobra,0.05,20
16,HUNTER,Explosive Shot,0.3,20
16,HUNTER,Explosive Trap,0.65,20
16,HUNTER,Faerie Dragon,0.4,20
16,HUNTER,Feugen,0.3,20
16,HUNTER,Flare,0.45,20
16,HUNTER,Freezing Trap,0.9,20
16,HUNTER,Frost Elemental,0.35,20
16,HUNTER,Harrison Jones,0.1,20
16,HUNTER,Harvest Golem,0.2,20
16,HUNTER,Haunted Creeper,0.15,20
16,HUNTER,Houndmaster,0.7,20
16,HUNTER,Hunter's Mark,0.5,20
16,HUNTER,Ironbeak Owl,0.45,20
16,HUNTER,Ironfur Grizzly,0.25,20
16,HUNTER,Kel'Thuzad,0.25,20
16,HUNTER,Kill Command,0.5,20
16,HUNTER,King Krush,0.05,20
16,HUNTER,Knife Juggler,0.4,20
16,HUNTER,Kobold Geomancer,0.05,20
16,HUNTER,Leeroy Jenkins,0.35,20
16,HUNTER,Loatheb,0.1,20
16,HUNTER,Loot Hoarder,0.3,20
16,HUNTER,Lorewalker Cho,0.1,20
16,HUNTER,Mad Bomber,0.05,20
16,HUNTER,Mad Scientist,0.5,20
16,HUNTER,Mana Wraith,0.05,20
16,HUNTER,Mountain Giant,0.15,20
16,HUNTER,Nat Pagle,0.05,20
16,HUNTER,Nerub'ar Weblord,0.1,20
16,HUNTER,Nozdormu,0.2,20
16,HUNTER,Priestess of Elune,0.1,20
16,HUNTER,Razorfen Hunter,0.05,20
16,HUNTER,River Crocolisk,0.25,20
16,HUNTER,Savannah Highmane,0.9,20
16,HUNTER,Scavenging Hyena,0.3,20
16,HUNTER,Sea Giant,0.4,20
16,HUNTER,Secretkeeper,0.1,20
16,HUNTER,Sen'jin Shieldmasta,0.2,20
16,HUNTER,Sludge Belcher,0.35,20
16,HUNTER,Snake Trap,0.05,20
16,HUNTER,Spectral Knight,0.2,20
16,HUNTER,Stampeding Kodo,0.3,20
16,HUNTER,Starving Buzzard,0.95,20
16,HUNTER,Stoneskin Gargoyle,0.1,20
16,HUNTER,Stonetusk Boar,0.25,20
16,HUNTER,Stormwind Champion,0.05,20
16,HUNTER,Stranglethorn Tiger,0.4,20
16,HUNTER,Thrallmar Farseer,0.4,20
16,HUNTER,Timber Wolf,0.6,20
16,HUNTER,Tracking,0.65,20
16,HUNTER,Tundra Rhino,0.05,20
16,HUNTER,Undertaker,0.35,20
16,HUNTER,Unleash the Hounds,1.0,20
16,HUNTER,Unstable Ghoul,0.05,20
16,HUNTER,Webspinner,0.15,20
16,HUNTER,Wild Pyromancer,0.05,20
16,HUNTER,Wisp,0.05,20
16,HUNTER,Youthful Brewmaster,0.05,20
16,HUNTER,Ysera,0.05,20
16,HUNTER,Zombie Chow,0.25,20
16,MAGE,Acidic Swamp Ooze,0.0312,32
16,MAGE,Acolyte of Pain,0.3125,32
16,MAGE,Alexstrasza,0.0938,32
16,MAGE,Amani Berserker,0.4062,32
16,MAGE,Ancient Mage,0.0625,32
16,MAGE,Ancient Watcher,0.0312,32
16,MAGE,Angry Chicken,0.0312,32
16,MAGE,Arcane Explosion,0.1562,32
16,MAGE,Arcane Intellect,0.375,32
16,MAGE,Arcane Missiles,0.4375,32
16,MAGE,Archmage,0.1562,32
16,MAGE,Archmage Antonidas,0.4062,32
16,MAGE,Argent Commander,0.2188,32
16,MAGE,Argent Squire,0.3125,32
16,MAGE,Azure Drake,0.3438,32
16,MAGE,Blizzard,0.5625,32
16,MAGE,Bloodfen Raptor,0.0625,32
16,MAGE,Bloodmage Thalnos,0.375,32
16,MAGE,Bloodsail Raider,0.0625,32
16,MAGE,Boulderfist Ogre,0.0625,32
16,MAGE,Chillwind Yeti,0.1875,32
16,MAGE,Coldlight Oracle,0.1562,32
16,MAGE,Cone of Cold,0.0625,32
16,MAGE,Counterspell,0.1875,32
16,MAGE,Dalaran Mage,0.125,32
16,MAGE,Darkscale Healer,0.0938,32
16,MAGE,Deathlord,0.0312,32
16,MAGE,Defender of Argus,0.0625,32
16,MAGE,Demolisher,0.0312,32
16,MAGE,Dire Wolf Alpha,0.1875,32
16,MAGE,Doomsayer,0.1875,32
16,MAGE,Duplicate,0.0312,32
16,MAGE,Earthen Ring Farseer,0.1875,32
16,MAGE,Echoing Ooze,0.0938,32
16,MAGE,Elite Tauren Chieftain,0.0312,32
16,MAGE,Elven Archer,0.0312,32
16,MAGE,Ethereal Arcanist,0.2188,32
16,MAGE,Faceless Manipulator,0.2188,32
16,MAGE,Faerie Dragon,0.1875,32
16,MAGE,Fen Creeper,0.0625,32
16,MAGE,Feugen,0.0312,32
16,MAGE,Fireball,0.6875,32
16,MAGE,Flamestrike,0.2188,32
16,MAGE,Flesheating Ghoul,0.0312,32
16,MAGE,Frost Nova,0.2188,32
16,MAGE,Frostbolt,0.8438,32
16,MAGE,Frostwolf Grunt,0.2812,32
16,MAGE,Gadgetzan Auctioneer,0.0312,32
16,MAGE,Gnomish Inventor,0.1875,32
16,MAGE,Goldshire Footman,0.0625,32
16,MAGE,Harrison Jones,0.0938,32
16,MAGE,Harvest Golem,0.1562,32
16,MAGE,Ice Barrier,0.4062,32
16,MAGE,Ice Block,0.2188,32
16,MAGE,Ice Lance,0.3125,32
16,MAGE,Injured Blademaster,0.0312,32
16,MAGE,Ironforge Rifleman,0.0625,32
16,MAGE,Ironfur Grizzly,0.2188,32
16,MAGE,Kirin Tor Mage,0.0312,32
16,MAGE,Knife Juggler,0.1875,32
16,MAGE,Kobold Geomancer,0.0938,32
16,MAGE,Leeroy Jenkins,0.1875,32
16,MAGE,Leper Gnome,0.1875,32
16,MAGE,Lightwarden,0.1562,32
16,MAGE,Loatheb,0.1562,32
16,MAGE,Loot Hoarder,0.3125,32
16,MAGE,Mad Scientist,0.0625,32
16,MAGE,Mana Wraith,0.1875,32
16,MAGE,Mana Wyrm,0.6875,32
16,MAGE,Millhouse Manastorm,0.25,32
16,MAGE,Mirror Entity,0.3125,32
16,MAGE,Mirror Image,0.5625,32
16,MAGE,Molten Giant,0.0312,32
16,MAGE,Mountain Giant,0.0938,32
16,MAGE,Nerub'ar Weblord,0.0625,32
16,MAGE,Nightblade,0.1875,32
16,MAGE,Novice Engineer,0.3438,32
16,MAGE,Oasis Snapjaw,0.0312,32
16,MAGE,Polymorph,0.4688,32
16,MAGE,Priestess of Elune,0.0312,32
16,MAGE,Pyroblast,0.375,32
16,MAGE,Questing Adventurer,0.0312,32
16,MAGE,Raging Worgen,0.0625,32
16,MAGE,Ragnaros the Firelord,0.2812,32
16,MAGE,Ravenholdt Assassin,0.1875,32
16,MAGE,Razorfen Hunter,0.125,32
16,MAGE,Reckless Rocketeer,0.1562,32
16,MAGE,Secretkeeper,0.0625,32
16,MAGE,Shade of Naxxramas,0.0625,32
16,MAGE,Shattered Sun Cleric,0.1875,32
16,MAGE,Shieldbearer,0.3438,32
16,MAGE,Sludge Belcher,0.5312,32
16,MAGE,Sorcerer's Apprentice,0.3125,32
16,MAGE,Southsea Captain,0.0312,32
16,MAGE,Spellbender,0.2188,32
16,MAGE,Stonetusk Boar,0.0312,32
16,MAGE,Stormpike Commando,0.0625,32
16,MAGE,Stormwind Knight,0.0625,32
16,MAGE,Sunfury Protector,0.1562,32
16,MAGE,Sunwalker,0.125,32
16,MAGE,Sylvanas Windrunner,0.1562,32
16,MAGE,Tauren Warrior,0.0625,32
16,MAGE,The Black Knight,0.1562,32
16,MAGE,Tinkmaster Overspark,0.125,32
16,MAGE,Undertaker,0.1562,32
16,MAGE,Vaporize,0.1875,32
16,MAGE,Violet Teacher,0.0312,32
16,MAGE,Water Elemental,0.5312,32
16,MAGE,Wisp,0.0312,32
16,MAGE,Wolfrider,0.125,32
16,MAGE,Young Dragonhawk,0.0625,32
16,MAGE,Ysera,0.1875,32
16,WARRIOR,Acidic Swamp Ooze,0.2174,23
16,WARRIOR,Acolyte of Pain,0.2609,23
16,WARRIOR,Alexstrasza,0.2174,23
16,WARRIOR,Amani Berserker,0.087,23
16,WARRIOR,Ancient Watcher,0.0435,23
16,WARRIOR,Angry Chicken,0.0435,23
16,WARRIOR,Arathi Weaponsmith,0.5217,23
16,WARRIOR,Arcane Golem,0.0435,23
16,WARRIOR,Arcanite Reaper,0.4348,23
16,WARRIOR,Archmage,0.0435,23
16,WARRIOR,Argent Commander,0.3043,23
16,WARRIOR,Argent Squire,0.2174,23
16,WARRIOR,Armorsmith,0.7391,23
16,WARRIOR,Azure Drake,0.0435,23
16,WARRIOR,Baron Geddon,0.2174,23
16,WARRIOR,Big Game Hunter,0.0435,23
16,WARRIOR,Bloodfen Raptor,0.1739,23
16,WARRIOR,Bloodsail Raider,0.7826,23
16,WARRIOR,Boulderfist Ogre,0.087,23
16,WARRIOR,Brawl,0.5652,23
16,WARRIOR,Cairne Bloodhoof,0.1739,23
16,WARRIOR,Chillwind Yeti,0.0435,23
16,WARRIOR,Cleave,0.0435,23
16,WARRIOR,Commanding Shout,0.0435,23
16,WARRIOR,Cruel Taskmaster,0.6957,23
16,WARRIOR,Cult Master,0.1739,23
16,WARRIOR,Dancing Swords,0.0435,23
16,WARRIOR,Dark Iron Dwarf,0.1304,23
16,WARRIOR,Defender of Argus,0.0435,23
16,WARRIOR,Dire Wolf Alpha,0.2174,23
16,WARRIOR,Dragonling Mechanic,0.0435,23
16,WARRIOR,Dread Corsair,0.0435,23
16,WARRIOR,Earthen Ring Farseer,0.3913,23
16,WARRIOR,Elite Tauren Chieftain,0.0435,23
16,WARRIOR,Elven Archer,0.2609,23
16,WARRIOR,Emperor Cobra,0.087,23
16,WARRIOR,Execute,0.7391,23
16,WARRIOR,Faceless Manipulator,0.0435,23
16,WARRIOR,Faerie Dragon,0.0435,23
16,WARRIOR,Fen Creeper,0.0435,23
16,WARRIOR,Fiery War Axe,0.5217,23
16,WARRIOR,Frothing Berserker,0.4348,23
16,WARRIOR,Gorehowl,0.3043,23
16,WARRIOR,Grommash Hellscream,0.6957,23
16,WARRIOR,Harrison Jones,0.1739,23
16,WARRIOR,Harvest Golem,0.3043,23
16,WARRIOR,Heroic Strike,0.2609,23
16,WARRIOR,Imp Master,0.1739,23
16,WARRIOR,Inner Rage,0.2174,23
16,WARRIOR,Ironbeak Owl,0.2609,23
16,WARRIOR,Ironforge Rifleman,0.0435,23
16,WARRIOR,Knife Juggler,0.2609,23
16,WARRIOR,Kor'kron Elite,0.4348,23
16,WARRIOR,Leeroy Jenkins,0.1739,23
16,WARRIOR,Leper Gnome,0.3043,23
16,WARRIOR,Loatheb,0.2174,23
16,WARRIOR,Lord of the Arena,0.0435,23
16,WARRIOR,Lorewalker Cho,0.0435,23
16,WARRIOR,Mad Bomber,0.3478,23
16,WARRIOR,Master Swordsmith,0.2174,23
16,WARRIOR,Mortal Strike,0.3043,23
16,WARRIOR,Murloc Warleader,0.0435,23
16,WARRIOR,Nightblade,0.1304,23
16,WARRIOR,Nozdormu,0.0435,23
16,WARRIOR,Pint-Sized Summoner,0.087,23
16,WARRIOR,Raging Worgen,0.1304,23
16,WARRIOR,Ragnaros the Firelord,0.6957,23
16,WARRIOR,Rampage,0.0435,23
16,WARRIOR,Scarlet Crusader,0.0435,23
16,WARRIOR,Secretkeeper,0.0435,23
16,WARRIOR,Sen'jin Shieldmasta,0.5217,23
16,WARRIOR,Shattered Sun Cleric,0.2174,23
16,WARRIOR,Shield Block,0.5652,23
16,WARRIOR,Shield Slam,0.5652,23
16,WARRIOR,Shieldbearer,0.2174,23
16,WARRIOR,Silver Hand Knight,0.1304,23
16,WARRIOR,Slam,0.6522,23
16,WARRIOR,Sludge Belcher,0.6522,23
16,WARRIOR,Spectral Knight,0.2609,23
16,WARRIOR,Spellbreaker,0.2174,23
16,WARRIOR,Spiteful Smith,0.3913,23
16,WARRIOR,Stalagg,0.0435,23
16,WARRIOR,Stampeding Kodo,0.1304,23
16,WARRIOR,Stonetusk Boar,0.1304,23
16,WARRIOR,Sylvanas Windrunner,0.3043,23
16,WARRIOR,Tauren Warrior,0.0435,23
16,WARRIOR,The Black Knight,0.3043,23
16,WARRIOR,Undertaker,0.3913,23
16,WARRIOR,Unstable Ghoul,0.4783,23
16,WARRIOR,Upgrade!,0.3043,23
16,WARRIOR,Warsong Commander,0.5652,23
16,WARRIOR,Whirlwind,0.5652,23
16,WARRIOR,Windfury Harpy,0.0435,23
16,WARRIOR,Worgen Infiltrator,0.0435,23
16,WARRIOR,Young Priestess,0.1304,23
16,WARRIOR,Ysera,0.1739,23
16,WARRIOR,Zombie Chow,0.0435,23
17,HUNTER,Abomination,0.1579,19
17,HUNTER,Abusive Sergeant,0.1579,19
17,HUNTER,Ancient Brewmaster,0.0526,19
17,HUNTER,Angry Chicken,0.0526,19
17,HUNTER,Animal Companion,1.0,19
17,HUNTER,Arcane Shot,0.3684,19
17,HUNTER,Azure Drake,0.1579,19
17,HUNTER,Baron Rivendare,0.0526,19
17,HUNTER,Big Game Hunter,0.3684,19
17,HUNTER,Bloodfen Raptor,0.0526,19
17,HUNTER,Booty Bay Bodyguard,0.0526,19
17,HUNTER,Dark Iron Dwarf,0.2632,19
17,HUNTER,Deadly Shot,0.9474,19
17,HUNTER,Dire Wolf Alpha,0.2105,19
17,HUNTER,Dread Corsair,0.0526,19
17,HUNTER,Eaglehorn Bow,0.6842,19
17,HUNTER,Echoing Ooze,0.1053,19
17,HUNTER,Emperor Cobra,0.0526,19
17,HUNTER,Explosive Shot,0.3158,19
17,HUNTER,Explosive Trap,0.6316,19
17,HUNTER,Faerie Dragon,0.3684,19
17,HUNTER,Feugen,0.3684,19
17,HUNTER,Flare,0.4211,19
17,HUNTER,Freezing Trap,0.8947,19
17,HUNTER,Frost Elemental,0.2632,19
17,HUNTER,Harrison Jones,0.1053,19
17,HUNTER,Harvest Golem,0.1579,19
17,HUNTER,Haunted Creeper,0.1579,19
17,HUNTER,Houndmaster,0.6842,19
17,HUNTER,Hunter's Mark,0.4737,19
17,HUNTER,Ironbeak Owl,0.4211,19
17,HUNTER,Ironfur Grizzly,0.1579,19
17,HUNTER,Kel'Thuzad,0.2105,19
17,HUNTER,Kill Command,0.5263,19
17,HUNTER,King Krush,0.0526,19
17,HUNTER,Knife Juggler,0.3684,19
17,HUNTER,Kobold Geomancer,0.0526,19
17,HUNTER,Leeroy Jenkins,0.3684,19
17,HUNTER,Loatheb,0.1053,19
17,HUNTER,Loot Hoarder,0.3158,19
17,HUNTER,Lorewalker Cho,0.0526,19
17,HUNTER,Mad Scientist,0.5263,19
17,HUNTER,Mountain Giant,0.1053,19
17,HUNTER,Nat Pagle,0.0526,19
17,HUNTER,Nozdormu,0.1579,19
17,HUNTER,Priestess of Elune,0.1053,19
17,HUNTER,Razorfen Hunter,0.0526,19
17,HUNTER,River Crocolisk,0.2632,19
17,HUNTER,Savannah Highmane,0.9474,19
17,HUNTER,Scavenging Hyena,0.3158,19
17,HUNTER,Sea Giant,0.3684,19
17,HUNTER,Secretkeeper,0.1579,19
17,HUNTER,Sen'jin Shieldmasta,0.2105,19
17,HUNTER,Sludge Belcher,0.4211,19
17,HUNTER,Snake Trap,0.0526,19
17,HUNTER,Spectral Knight,0.2105,19
17,HUNTER,Stampeding Kodo,0.2632,19
17,HUNTER,Starving Buzzard,0.9474,19
17,HUNTER,Stoneskin Gargoyle,0.1579,19
17,HUNTER,Stonetusk Boar,0.2632,19
17,HUNTER,Stormwind Champion,0.0526,19
17,HUNTER,Stranglethorn Tiger,0.3684,19
17,HUNTER,Thrallmar Farseer,0.3684,19
17,HUNTER,Timber Wolf,0.6316,19
17,HUNTER,Tracking,0.6316,19
17,HUNTER,Tundra Rhino,0.0526,19
17,HUNTER,Undertaker,0.3684,19
17,HUNTER,Unleash the Hounds,1.0,19
17,HUNTER,Unstable Ghoul,0.1053,19
17,HUNTER,Webspinner,0.1053,19
17,HUNTER,Wild Pyromancer,0.0526,19
17,HUNTER,Wisp,0.0526,19
17,HUNTER,Youthful Brewmaster,0.1053,19
17,HUNTER,Ysera,0.1053,19
17,HUNTER,Zombie Chow,0.2105,19
17,MAGE,Acidic Swamp Ooze,0.0278,36
17,MAGE,Acolyte of Pain,0.3056,36
17,MAGE,Alexstrasza,0.0833,36
17,MAGE,Amani Berserker,0.3889,36
17,MAGE,Ancient Mage,0.0556,36
17,MAGE,Ancient Watcher,0.0278,36
17,MAGE,Angry Chicken,0.0556,36
17,MAGE,Arcane Explosion,0.1111,36
17,MAGE,Arcane Intellect,0.3056,36
17,MAGE,Arcane Missiles,0.4722,36
17,MAGE,Archmage,0.2222,36
17,MAGE,Archmage Antonidas,0.3889,36
17,MAGE,Argent Commander,0.1944,36
17,MAGE,Argent Squire,0.3056,36
17,MAGE,Azure Drake,0.3056,36
17,MAGE,Blizzard,0.5833,36
17,MAGE,Bloodfen Raptor,0.0833,36
17,MAGE,Bloodmage Thalnos,0.3333,36
17,MAGE,Bloodsail Raider,0.0556,36
17,MAGE,Boulderfist Ogre,0.0833,36
17,MAGE,Captain's Parrot,0.0278,36
17,MAGE,Chillwind Yeti,0.1944,36
17,MAGE,Coldlight Oracle,0.1389,36
17,MAGE,Cone of Cold,0.0556,36
17,MAGE,Counterspell,0.25,36
17,MAGE,Dalaran Mage,0.0833,36
17,MAGE,Darkscale Healer,0.1111,36
17,MAGE,Deathlord,0.0278,36
17,MAGE,Defender of Argus,0.0556,36
17,MAGE,Demolisher,0.0278,36
17,MAGE,Dire Wolf Alpha,0.1667,36
17,MAGE,Doomsayer,0.1667,36
17,MAGE,Duplicate,0.0278,36
17,MAGE,Earthen Ring Farseer,0.1667,36
17,MAGE,Echoing Ooze,0.0833,36
17,MAGE,Elite Tauren Chieftain,0.0278,36
17,MAGE,Elven Archer,0.0278,36
17,MAGE,Ethereal Arcanist,0.2222,36
17,MAGE,Faceless Manipulator,0.2222,36
17,MAGE,Faerie Dragon,0.1667,36
17,MAGE,Fen Creeper,0.1111,36
17,MAGE,Feugen,0.0278,36
17,MAGE,Fireball,0.6389,36
17,MAGE,Flamestrike,0.2222,36
17,MAGE,Flesheating Ghoul,0.0278,36
17,MAGE,Frost Nova,0.1667,36
17,MAGE,Frostbolt,0.8611,36
17,MAGE,Frostwolf Grunt,0.3333,36
17,MAGE,Gnomish Inventor,0.25,36
17,MAGE,Goldshire Footman,0.0556,36
17,MAGE,Harrison Jones,0.0833,36
17,MAGE,Harvest Golem,0.1667,36
17,MAGE,Ice Barrier,0.4444,36
17,MAGE,Ice Block,0.1667,36
17,MAGE,Ice Lance,0.2778,36
17,MAGE,Injured Blademaster,0.0278,36
17,MAGE,Ironforge Rifleman,0.0556,36
17,MAGE,Ironfur Grizzly,0.2222,36
17,MAGE,Kirin Tor Mage,0.0278,36
17,MAGE,Knife Juggler,0.2222,36
17,MAGE,Kobold Geomancer,0.0833,36
17,MAGE,Leeroy Jenkins,0.1667,36
17,MAGE,Leper Gnome,0.1667,36
17,MAGE,Lightwarden,0.1389,36
17,MAGE,Loatheb,0.1667,36
17,MAGE,Loot Hoarder,0.3056,36
17,MAGE,Mad Scientist,0.0833,36
17,MAGE,Maexxna,0.0278,36
17,MAGE,Mana Wraith,0.25,36
17,MAGE,Mana Wyrm,0.7222,36
17,MAGE,Millhouse Manastorm,0.25,36
17,MAGE,Mirror Entity,0.3889,36
17,MAGE,Mirror Image,0.5833,36
17,MAGE,Molten Giant,0.0278,36
17,MAGE,Mountain Giant,0.0833,36
17,MAGE,Nerub'ar Weblord,0.0556,36
17,MAGE,Nightblade,0.1667,36
17,MAGE,Novice Engineer,0.3889,36
17,MAGE,Oasis Snapjaw,0.0278,36
17,MAGE,Polymorph,0.5,36
17,MAGE,Priestess of Elune,0.0278,36
17,MAGE,Pyroblast,0.3611,36
17,MAGE,Questing Adventurer,0.0833,36
17,MAGE,Raging Worgen,0.0556,36
17,MAGE,Ragnaros the Firelord,0.2778,36
17,MAGE,Ravenholdt Assassin,0.1667,36
17,MAGE,Razorfen Hunter,0.1111,36
17,MAGE,Reckless Rocketeer,0.1389,36
17,MAGE,Secretkeeper,0.0556,36
17,MAGE,Sen'jin Shieldmasta,0.0278,36
17,MAGE,Shade of Naxxramas,0.1111,36
17,MAGE,Shattered Sun Cleric,0.1667,36
17,MAGE,Shieldbearer,0.3889,36
17,MAGE,Sludge Belcher,0.6111,36
17,MAGE,Sorcerer's Apprentice,0.2778,36
17,MAGE,Southsea Captain,0.0278,36
17,MAGE,Spellbender,0.25,36
17,MAGE,Stonetusk Boar,0.0278,36
17,MAGE,Stormpike Commando,0.1111,36
17,MAGE,Stormwind Knight,0.0556,36
17,MAGE,Sunfury Protector,0.1667,36
17,MAGE,Sunwalker,0.1111,36
17,MAGE,Sylvanas Windrunner,0.1944,36
17,MAGE,Tauren Warrior,0.0556,36
17,MAGE,The Black Knight,0.1389,36
17,MAGE,Tinkmaster Overspark,0.1111,36
17,MAGE,Undertaker,0.1944,36
17,MAGE,Unstable Ghoul,0.0278,36
17,MAGE,Vaporize,0.25,36
17,MAGE,Violet Teacher,0.0278,36
17,MAGE,Water Elemental,0.5,36
17,MAGE,Wisp,0.0278,36
17,MAGE,Wolfrider,0.1389,36
17,MAGE,Young Dragonhawk,0.0556,36
17,MAGE,Ysera,0.2778,36
17,WARRIOR,Acidic Swamp Ooze,0.2174,23
17,WARRIOR,Acolyte of Pain,0.3043,23
17,WARRIOR,Alexstrasza,0.2609,23
17,WARRIOR,Amani Berserker,0.087,23
17,WARRIOR,Ancient Watcher,0.0435,23
17,WARRIOR,Angry Chicken,0.0435,23
17,WARRIOR,Arathi Weaponsmith,0.4783,23
17,WARRIOR,Arcane Golem,0.0435,23
17,WARRIOR,Arcanite Reaper,0.3913,23
17,WARRIOR,Archmage,0.0435,23
17,WARRIOR,Argent Commander,0.3043,23
17,WARRIOR,Argent Squire,0.2174,23
17,WARRIOR,Armorsmith,0.7391,23
17,WARRIOR,Azure Drake,0.0435,23
17,WARRIOR,Baron Geddon,0.2609,23
17,WARRIOR,Big Game Hunter,0.087,23
17,WARRIOR,Bloodfen Raptor,0.1739,23
17,WARRIOR,Bloodsail Raider,0.7391,23
17,WARRIOR,Boulderfist Ogre,0.087,23
17,WARRIOR,Brawl,0.5652,23
17,WARRIOR,Cairne Bloodhoof,0.1739,23
17,WARRIOR,Chillwind Yeti,0.087,23
17,WARRIOR,Cleave,0.087,23
17,WARRIOR,Commanding Shout,0.0435,23
17,WARRIOR,Cruel Taskmaster,0.6957,23
17,WARRIOR,Cult Master,0.1304,23
17,WARRIOR,Dancing Swords,0.087,23
17,WARRIOR,Dark Iron Dwarf,0.1304,23
17,WARRIOR,Defender of Argus,0.0435,23
17,WARRIOR,Dire Wolf Alpha,0.2174,23
17,WARRIOR,Dragonling Mechanic,0.0435,23
17,WARRIOR,Dread Corsair,0.0435,23
17,WARRIOR,Earthen Ring Farseer,0.3478,23
17,WARRIOR,Elite Tauren Chieftain,0.0435,23
17,WARRIOR,Elven Archer,0.2609,23
17,WARRIOR,Emperor Cobra,0.087,23
17,WARRIOR,Execute,0.7391,23
17,WARRIOR,Faceless Manipulator,0.087,23
17,WARRIOR,Faerie Dragon,0.0435,23
17,WARRIOR,Fen Creeper,0.087,23
17,WARRIOR,Fiery War Axe,0.5652,23
17,WARRIOR,Frothing Berserker,0.4783,23
17,WARRIOR,Gorehowl,0.3478,23
17,WARRIOR,Grommash Hellscream,0.6957,23
17,WARRIOR,Harrison Jones,0.1304,23
17,WARRIOR,Harvest Golem,0.3043,23
17,WARRIOR,Heroic Strike,0.2609,23
17,WARRIOR,Imp Master,0.1739,23
17,WARRIOR,Inner Rage,0.2174,23
17,WARRIOR,Ironbeak Owl,0.2609,23
17,WARRIOR,Ironforge Rifleman,0.0435,23
17,WARRIOR,Jungle Panther,0.0435,23
17,WARRIOR,Knife Juggler,0.2609,23
17,WARRIOR,Kor'kron Elite,0.4348,23
17,WARRIOR,Leeroy Jenkins,0.1739,23
17,WARRIOR,Leper Gnome,0.3043,23
17,WARRIOR,Loatheb,0.2174,23
17,WARRIOR,Lord of the Arena,0.0435,23
17,WARRIOR,Lorewalker Cho,0.0435,23
17,WARRIOR,Mad Bomber,0.3043,23
17,WARRIOR,Master Swordsmith,0.2174,23
17,WARRIOR,Mortal Strike,0.3043,23
17,WARRIOR,Murloc Warleader,0.0435,23
17,WARRIOR,Nightblade,0.1304,23
17,WARRIOR,Nozdormu,0.0435,23
17,WARRIOR,Pint-Sized Summoner,0.087,23
17,WARRIOR,Raging Worgen,0.1304,23
17,WARRIOR,Ragnaros the Firelord,0.6522,23
17,WARRIOR,Rampage,0.0435,23
17,WARRIOR,Scarlet Crusader,0.0435,23
17,WARRIOR,Secretkeeper,0.0435,23
17,WARRIOR,Sen'jin Shieldmasta,0.4348,23
17,WARRIOR,Shattered Sun Cleric,0.2174,23
17,WARRIOR,Shield Block,0.5652,23
17,WARRIOR,Shield Slam,0.5652,23
17,WARRIOR,Shieldbearer,0.2174,23
17,WARRIOR,Silver Hand Knight,0.1304,23
17,WARRIOR,Slam,0.6522,23
17,WARRIOR,Sludge Belcher,0.6087,23
17,WARRIOR,Spectral Knight,0.2174,23
17,WARRIOR,Spellbreaker,0.1739,23
17,WARRIOR,Spiteful Smith,0.3913,23
17,WARRIOR,Stalagg,0.0435,23
17,WARRIOR,Stampeding Kodo,0.1304,23
17,WARRIOR,Stonetusk Boar,0.1304,23
17,WARRIOR,Sylvanas Windrunner,0.3043,23
17,WARRIOR,Tauren Warrior,0.0435,23
17,WARRIOR,The Black Knight,0.2609,23
17,WARRIOR,Undertaker,0.3043,23
17,WARRIOR,Unstable Ghoul,0.4348,23
17,WARRIOR,Upgrade!,0.2609,23
17,WARRIOR,Warsong Commander,0.5652,23
17,WARRIOR,Whirlwind,0.5652,23
17,WARRIOR,Windfury Harpy,0.0435,23
17,WARRIOR,Worgen Infiltrator,0.0435,23
17,WARRIOR,Young Priestess,0.1739,23
17,WARRIOR,Ysera,0.1739,23
17,WARRIOR,Zombie Chow,0.0435,23
18,HUNTER,Abomination,0.1579,19
18,HUNTER,Abusive Sergeant,0.1579,19
18,HUNTER,Ancient Brewmaster,0.0526,19
18,HUNTER,Angry Chicken,0.0526,19
18,HUNTER,Animal Companion,1.0,19
18,HUNTER,Arcane Shot,0.3684,19
18,HUNTER,Azure Drake,0.1579,19
18,HUNTER,Baron Rivendare,0.0526,19
18,HUNTER,Big Game Hunter,0.3684,19
18,HUNTER,Bloodfen Raptor,0.0526,19
18,HUNTER,Booty Bay Bodyguard,0.0526,19
18,HUNTER,Dark Iron Dwarf,0.2632,19
18,HUNTER,Deadly Shot,0.9474,19
18,HUNTER,Dire Wolf Alpha,0.2105,19
18,HUNTER,Dread Corsair,0.0526,19
18,HUNTER,Eaglehorn Bow,0.6842,19
18,HUNTER,Echoing Ooze,0.1053,19
18,HUNTER,Emperor Cobra,0.0526,19
18,HUNTER,Explosive Shot,0.3158,19
18,HUNTER,Explosive Trap,0.6316,19
18,HUNTER,Faerie Dragon,0.3684,19
18,HUNTER,Feugen,0.3684,19
18,HUNTER,Flare,0.4211,19
18,HUNTER,Freezing Trap,0.8947,19
18,HUNTER,Frost Elemental,0.2632,19
18,HUNTER,Harrison Jones,0.1053,19
18,HUNTER,Harvest Golem,0.1579,19
18,HUNTER,Haunted Creeper,0.1579,19
18,HUNTER,Houndmaster,0.6842,19
18,HUNTER,Hunter's Mark,0.4737,19
18,HUNTER,Ironbeak Owl,0.4211,19
18,HUNTER,Ironfur Grizzly,0.1579,19
18,HUNTER,Kel'Thuzad,0.2105,19
18,HUNTER,Kill Command,0.5263,19
18,HUNTER,King Krush,0.0526,19
18,HUNTER,Knife Juggler,0.3684,19
18,HUNTER,Kobold Geomancer,0.0526,19
18,HUNTER,Leeroy Jenkins,0.3684,19
18,HUNTER,Loatheb,0.1053,19
18,HUNTER,Loot Hoarder,0.3158,19
18,HUNTER,Lorewalker Cho,0.0526,19
18,HUNTER,Mad Scientist,0.5263,19
18,HUNTER,Mountain Giant,0.1053,19
18,HUNTER,Nat Pagle,0.0526,19
18,HUNTER,Nozdormu,0.1579,19
18,HUNTER,Priestess of Elune,0.1053,19
18,HUNTER,Razorfen Hunter,0.0526,19
18,HUNTER,River Crocolisk,0.2632,19
18,HUNTER,Savannah Highmane,0.9474,19
18,HUNTER,Scavenging Hyena,0.3158,19
18,HUNTER,Sea Giant,0.3684,19
18,HUNTER,Secretkeeper,0.1579,19
18,HUNTER,Sen'jin Shieldmasta,0.2105,19
18,HUNTER,Sludge Belcher,0.4211,19
18,HUNTER,Snake Trap,0.0526,19
18,HUNTER,Spectral Knight,0.2105,19
18,HUNTER,Stampeding Kodo,0.2632,19
18,HUNTER,Starving Buzzard,0.9474,19
18,HUNTER,Stoneskin Gargoyle,0.1579,19
18,HUNTER,Stonetusk Boar,0.2632,19
18,HUNTER,Stormwind Champion,0.0526,19
18,HUNTER,Stranglethorn Tiger,0.3684,19
18,HUNTER,Thrallmar Farseer,0.3684,19
18,HUNTER,Timber Wolf,0.6316,19
18,HUNTER,Tracking,0.6316,19
18,HUNTER,Tundra Rhino,0.0526,19
18,HUNTER,Undertaker,0.3684,19
18,HUNTER,Unleash the Hounds,1.0,19
18,HUNTER,Unstable Ghoul,0.1053,19
18,HUNTER,Webspinner,0.1053,19
18,HUNTER,Wild Pyromancer,0.0526,19
18,HUNTER,Wisp,0.0526,19
18,HUNTER,Youthful Brewmaster,0.1053,19
18,HUNTER,Ysera,0.1053,19
18,HUNTER,Zombie Chow,0.2105,19
18,MAGE,Acidic Swamp Ooze,0.0278,36
18,MAGE,Acolyte of Pain,0.3056,36
18,MAGE,Alexstrasza,0.0833,36
18,MAGE,Amani Berserker,0.3889,36
18,MAGE,Ancient Mage,0.0556,36
18,MAGE,Ancient Watcher,0.0278,36
18,MAGE,Angry Chicken,0.0556,36
18,MAGE,Arcane Explosion,0.1111,36
18,MAGE,Arcane Intellect,0.3056,36
18,MAGE,Arcane Missiles,0.4722,36
18,MAGE,Archmage,0.2222,36
18,MAGE,Archmage Antonidas,0.3889,36
18,MAGE,Argent Commander,0.1944,36
18,MAGE,Argent Squire,0.3056,36
18,MAGE,Azure Drake,0.3056,36
18,MAGE,Blizzard,0.5833,36
18,MAGE,Bloodfen Raptor,0.0833,36
18,MAGE,Bloodmage Thalnos,0.3333,36
18,MAGE,Bloodsail Raider,0.0556,36
18,MAGE,Boulderfist Ogre,0.0833,36
18,MAGE,Captain's Parrot,0.0278,36
18,MAGE,Chillwind Yeti,0.1944,36
18,MAGE,Coldlight Oracle,0.1389,36
18,MAGE,Cone of Cold,0.0556,36
18,MAGE,Counterspell,0.25,36
18,MAGE,Dalaran Mage,0.0833,36
18,MAGE,Darkscale Healer,0.1111,36
18,MAGE,Deathlord,0.0278,36
18,MAGE,Defender of Argus,0.0556,36
18,MAGE,Demolisher,0.0278,36
18,MAGE,Dire Wolf Alpha,0.1667,36
18,MAGE,Doomsayer,0.1667,36
18,MAGE,Duplicate,0.0278,36
18,MAGE,Earthen Ring Farseer,0.1667,36
18,MAGE,Echoing Ooze,0.0833,36
18,MAGE,Elite Tauren Chieftain,0.0278,36
18,MAGE,Elven Archer,0.0278,36
18,MAGE,Ethereal Arcanist,0.2222,36
18,MAGE,Faceless Manipulator,0.2222,36
18,MAGE,Faerie Dragon,0.1667,36
18,MAGE,Fen Creeper,0.1111,36
18,MAGE,Feugen,0.0278,36
18,MAGE,Fireball,0.6389,36
18,MAGE,Flamestrike,0.2222,36
18,MAGE,Flesheating Ghoul,0.0278,36
18,MAGE,Frost Nova,0.1667,36
18,MAGE,Frostbolt,0.8611,36
18,MAGE,Frostwolf Grunt,0.3333,36
18,MAGE,Gnomish Inventor,0.25,36
18,MAGE,Goldshire Footman,0.0556,36
18,MAGE,Harrison Jones,0.0833,36
18,MAGE,Harvest Golem,0.1667,36
18,MAGE,Ice Barrier,0.4444,36
18,MAGE,Ice Block,0.1667,36
18,MAGE,Ice Lance,0.2778,36
18,MAGE,Injured Blademaster,0.0278,36
18,MAGE,Ironforge Rifleman,0.0556,36
18,MAGE,Ironfur Grizzly,0.2222,36
18,MAGE,Kirin Tor Mage,0.0278,36
18,MAGE,Knife Juggler,0.2222,36
18,MAGE,Kobold Geomancer,0.0833,36
18,MAGE,Leeroy Jenkins,0.1667,36
18,MAGE,Leper Gnome,0.1667,36
18,MAGE,Lightwarden,0.1389,36
18,MAGE,Loatheb,0.1667,36
18,MAGE,Loot Hoarder,0.3056,36
18,MAGE,Mad Scientist,0.0833,36
18,MAGE,Maexxna,0.0278,36
18,MAGE,Mana Wraith,0.25,36
18,MAGE,Mana Wyrm,0.7222,36
18,MAGE,Millhouse Manastorm,0.25,36
18,MAGE,Mirror Entity,0.3889,36
18,MAGE,Mirror Image,0.5833,36
18,MAGE,Molten Giant,0.0278,36
18,MAGE,Mountain Giant,0.0833,36
18,MAGE,Nerub'ar Weblord,0.0556,36
18,MAGE,Nightblade,0.1667,36
18,MAGE,Novice Engineer,0.3889,36
18,MAGE,Oasis Snapjaw,0.0278,36
18,MAGE,Polymorph,0.5,36
18,MAGE,Priestess of Elune,0.0278,36
18,MAGE,Pyroblast,0.3611,36
18,MAGE,Questing Adventurer,0.0833,36
18,MAGE,Raging Worgen,0.0556,36
18,MAGE,Ragnaros the Firelord,0.2778,36
18,MAGE,Ravenholdt Assassin,0.1667,36
18,MAGE,Razorfen Hunter,0.1111,36
18,MAGE,Reckless Rocketeer,0.1389,36
18,MAGE,Secretkeeper,0.0556,36
18,MAGE,Sen'jin Shieldmasta,0.0278,36
18,MAGE,Shade of Naxxramas,0.1111,36
18,MAGE,Shattered Sun Cleric,0.1667,36
18,MAGE,Shieldbearer,0.3889,36
18,MAGE,Sludge Belcher,0.6111,36
18,MAGE,Sorcerer's Apprentice,0.2778,36
18,MAGE,Southsea Captain,0.0278,36
18,MAGE,Spellbender,0.25,36
18,MAGE,Stonetusk Boar,0.0278,36
18,MAGE,Stormpike Commando,0.1111,36
18,MAGE,Stormwind Knight,0.0556,36
18,MAGE,Sunfury Protector,0.1667,36
18,MAGE,Sunwalker,0.1111,36
18,MAGE,Sylvanas Windrunner,0.1944,36
18,MAGE,Tauren Warrior,0.0556,36
18,MAGE,The Black Knight,0.1389,36
18,MAGE,Tinkmaster Overspark,0.1111,36
18,MAGE,Undertaker,0.1944,36
18,MAGE,Unstable Ghoul,0.0278,36
18,MAGE,Vaporize,0.25,36
18,MAGE,Violet Teacher,0.0278,36
18,MAGE,Water Elemental,0.5,36
18,MAGE,Wisp,0.0278,36
18,MAGE,Wolfrider,0.1389,36
18,MAGE,Young Dragonhawk,0.0556,36
18,MAGE,Ysera,0.2778,36
18,WARRIOR,Acidic Swamp Ooze,0.2174,23
18,WARRIOR,Acolyte of Pain,0.3043,23
18,WARRIOR,Alexstrasza,0.2609,23
18,WARRIOR,Amani Berserker,0.087,23
18,WARRIOR,Ancient Watcher,0.0435,23
18,WARRIOR,Angry Chicken,0.0435,23
18,WARRIOR,Arathi Weaponsmith,0.4783,23
18,WARRIOR,Arcane Golem,0.0435,23
18,WARRIOR,Arcanite Reaper,0.3913,23
18,WARRIOR,Archmage,0.0435,23
18,WARRIOR,Argent Commander,0.3043,23
18,WARRIOR,Argent Squire,0.2174,23
18,WARRIOR,Armorsmith,0.7391,23
18,WARRIOR,Azure Drake,0.0435,23
18,WARRIOR,Baron Geddon,0.2609,23
18,WARRIOR,Big Game Hunter,0.087,23
18,WARRIOR,Bloodfen Raptor,0.1739,23
18,WARRIOR,Bloodsail Raider,0.7391,23
18,WARRIOR,Boulderfist Ogre,0.087,23
18,WARRIOR,Brawl,0.5652,23
18,WARRIOR,Cairne Bloodhoof,0.1739,23
18,WARRIOR,Chillwind Yeti,0.087,23
18,WARRIOR,Cleave,0.087,23
18,WARRIOR,Commanding Shout,0.0435,23
18,WARRIOR,Cruel Taskmaster,0.6957,23
18,WARRIOR,Cult Master,0.1304,23
18,WARRIOR,Dancing Swords,0.087,23
18,WARRIOR,Dark Iron Dwarf,0.1304,23
18,WARRIOR,Defender of Argus,0.0435,23
18,WARRIOR,Dire Wolf Alpha,0.2174,23
18,WARRIOR,Dragonling Mechanic,0.0435,23
18,WARRIOR,Dread Corsair,0.0435,23
18,WARRIOR,Earthen Ring Farseer,0.3478,23
18,WARRIOR,Elite Tauren Chieftain,0.0435,23
18,WARRIOR,Elven Archer,0.2609,23
18,WARRIOR,Emperor Cobra,0.087,23
18,WARRIOR,Execute,0.7391,23
18,WARRIOR,Faceless Manipulator,0.087,23
18,WARRIOR,Faerie Dragon,0.0435,23
18,WARRIOR,Fen Creeper,0.087,23
18,WARRIOR,Fiery War Axe,0.5652,23
18,WARRIOR,Frothing Berserker,0.4783,23
18,WARRIOR,Gorehowl,0.3478,23
18,WARRIOR,Grommash Hellscream,0.6957,23
18,WARRIOR,Harrison Jones,0.1304,23
18,WARRIOR,Harvest Golem,0.3043,23
18,WARRIOR,Heroic Strike,0.2609,23
18,WARRIOR,Imp Master,0.1739,23
18,WARRIOR,Inner Rage,0.2174,23
18,WARRIOR,Ironbeak Owl,0.2609,23
18,WARRIOR,Ironforge Rifleman,0.0435,23
18,WARRIOR,Jungle Panther,0.0435,23
18,WARRIOR,Knife Juggler,0.2609,23
18,WARRIOR,Kor'kron Elite,0.4348,23
18,WARRIOR,Leeroy Jenkins,0.1739,23
18,WARRIOR,Leper Gnome,0.3043,23
18,WARRIOR,Loatheb,0.2174,23
18,WARRIOR,Lord of the Arena,0.0435,23
18,WARRIOR,Lorewalker Cho,0.0435,23
18,WARRIOR,Mad Bomber,0.3043,23
18,WARRIOR,Master Swordsmith,0.2174,23
18,WARRIOR,Mortal Strike,0.3043,23
18,WARRIOR,Murloc Warleader,0.0435,23
18,WARRIOR,Nightblade,0.1304,23
18,WARRIOR,Nozdormu,0.0435,23
18,WARRIOR,Pint-Sized Summoner,0.087,23
18,WARRIOR,Raging Worgen,0.1304,23
18,WARRIOR,Ragnaros the Firelord,0.6522,23
18,WARRIOR,Rampage,0.0435,23
18,WARRIOR,Scarlet Crusader,0.0435,23
18,WARRIOR,Secretkeeper,0.0435,23
18,WARRIOR,Sen'jin Shieldmasta,0.4348,23
18,WARRIOR,Shattered Sun Cleric,0.2174,23
18,WARRIOR,Shield Block,0.5652,23
18,WARRIOR,Shield Slam,0.5652,23
18,WARRIOR,Shieldbearer,0.2174,23
18,WARRIOR,Silver Hand Knight,0.1304,23
18,WARRIOR,Slam,0.6522,23
18,WARRIOR,Sludge Belcher,0.6087,23
18,WARRIOR,Spectral Knight,0.2174,23
18,WARRIOR,Spellbreaker,0.1739,23
18,WARRIOR,Spiteful Smith,0.3913,23
18,WARRIOR,Stalagg,0.0435,23
18,WARRIOR,Stampeding Kodo,0.1304,23
18,WARRIOR,Stonetusk Boar,0.1304,23
18,WARRIOR,Sylvanas Windrunner,0.3043,23
18,WARRIOR,Tauren Warrior,0.0435,23
18,WARRIOR,The Black Knight,0.2609,23
18,WARRIOR,Undertaker,0.3043,23
18,WARRIOR,Unstable Ghoul,0.4348,23
18,WARRIOR,Upgrade!,0.2609,23
18,WARRIOR,Warsong Commander,0.5652,23
18,WARRIOR,Whirlwind,0.5652,23
18,WARRIOR,Windfury Harpy,0.0435,23
18,WARRIOR,Worgen Infiltrator,0.0435,23
18,WARRIOR,Young Priestess,0.1739,23
18,WARRIOR,Ysera,0.1739,23
18,WARRIOR,Zombie Chow,0.0435,23
19,HUNTER,Abomination,0.1579,19
19,HUNTER,Abusive Sergeant,0.1579,19
19,HUNTER,Ancient Brewmaster,0.0526,19
19,HUNTER,Angry Chicken,0.0526,19
19,HUNTER,Animal Companion,1.0,19
19,HUNTER,Arcane Shot,0.3684,19
19,HUNTER,Azure Drake,0.1579,19
19,HUNTER,Baron Rivendare,0.0526,19
19,HUNTER,Big Game Hunter,0.3684,19
19,HUNTER,Bloodfen Raptor,0.0526,19
19,HUNTER,Booty Bay Bodyguard,0.0526,19
19,HUNTER,Dark Iron Dwarf,0.2632,19
19,HUNTER,Deadly Shot,0.9474,19
19,HUNTER,Dire Wolf Alpha,0.2105,19
19,HUNTER,Dread Corsair,0.0526,19
19,HUNTER,Eaglehorn Bow,0.6842,19
19,HUNTER,Echoing Ooze,0.1053,19
19,HUNTER,Emperor Cobra,0.0526,19
19,HUNTER,Explosive Shot,0.3158,19
19,HUNTER,Explosive Trap,0.6316,19
19,HUNTER,Faerie Dragon,0.3684,19
19,HUNTER,Feugen,0.3684,19
19,HUNTER,Flare,0.4211,19
19,HUNTER,Freezing Trap,0.8947,19
19,HUNTER,Frost Elemental,0.2632,19
19,HUNTER,Harrison Jones,0.1053,19
19,HUNTER,Harvest Golem,0.1579,19
19,HUNTER,Haunted Creeper,0.1579,19
19,HUNTER,Houndmaster,0.6842,19
19,HUNTER,Hunter's Mark,0.4737,19
19,HUNTER,Ironbeak Owl,0.4211,19
19,HUNTER,Ironfur Grizzly,0.1579,19
19,HUNTER,Kel'Thuzad,0.2105,19
19,HUNTER,Kill Command,0.5263,19
19,HUNTER,King Krush,0.0526,19
19,HUNTER,Knife Juggler,0.3684,19
19,HUNTER,Kobold Geomancer,0.0526,19
19,HUNTER,Leeroy Jenkins,0.3684,19
19,HUNTER,Loatheb,0.1053,19
19,HUNTER,Loot Hoarder,0.3158,19
19,HUNTER,Lorewalker Cho,0.0526,19
19,HUNTER,Mad Scientist,0.5263,19
19,HUNTER,Mountain Giant,0.1053,19
19,HUNTER,Nat Pagle,0.0526,19
19,HUNTER,Nozdormu,0.1579,19
19,HUNTER,Priestess of Elune,0.1053,19
19,HUNTER,Razorfen Hunter,0.0526,19
19,HUNTER,River Crocolisk,0.2632,19
19,HUNTER,Savannah Highmane,0.9474,19
19,HUNTER,Scavenging Hyena,0.3158,19
19,HUNTER,Sea Giant,0.3684,19
19,HUNTER,Secretkeeper,0.1579,19
19,HUNTER,Sen'jin Shieldmasta,0.2105,19
19,HUNTER,Sludge Belcher,0.4211,19
19,HUNTER,Snake Trap,0.0526,19
19,HUNTER,Spectral Knight,0.2105,19
19,HUNTER,Stampeding Kodo,0.2632,19
19,HUNTER,Starving Buzzard,0.9474,19
19,HUNTER,Stoneskin Gargoyle,0.1579,19
19,HUNTER,Stonetusk Boar,0.2632,19
19,HUNTER,Stormwind Champion,0.0526,19
19,HUNTER,Stranglethorn Tiger,0.3684,19
19,HUNTER,Thrallmar Farseer,0.3684,19
19,HUNTER,Timber Wolf,0.6316,19
19,HUNTER,Tracking,0.6316,19
19,HUNTER,Tundra Rhino,0.0526,19
19,HUNTER,Undertaker,0.3684,19
19,HUNTER,Unleash the Hounds,1.0,19
19,HUNTER,Unstable Ghoul,0.1053,19
19,HUNTER,Webspinner,0.1053,19
19,HUNTER,Wild Pyromancer,0.0526,19
19,HUNTER,Wisp,0.0526,19
19,HUNTER,Youthful Brewmaster,0.1053,19
19,HUNTER,Ysera,0.1053,19
19,HUNTER,Zombie Chow,0.2105,19
19,MAGE,Acidic Swamp Ooze,0.0278,36
19,MAGE,Acolyte of Pain,0.3056,36
19,MAGE,Alexstrasza,0.0833,36
19,MAGE,Amani Berserker,0.3889,36
19,MAGE,Ancient Mage,0.0556,36
19,MAGE,Ancient Watcher,0.0278,36
19,MAGE,Angry Chicken,0.0556,36
19,MAGE,Arcane Explosion,0.1111,36
19,MAGE,Arcane Intellect,0.3056,36
19,MAGE,Arcane Missiles,0.4722,36
19,MAGE,Archmage,0.2222,36
19,MAGE,Archmage Antonidas,0.3889,36
19,MAGE,Argent Commander,0.1944,36
19,MAGE,Argent Squire,0.3056,36
19,MAGE,Azure Drake,0.3056,36
19,MAGE,Blizzard,0.5833,36
19,MAGE,Bloodfen Raptor,0.0833,36
19,MAGE,Bloodmage Thalnos,0.3333,36
19,MAGE,Bloodsail Raider,0.0556,36
19,MAGE,Boulderfist Ogre,0.0833,36
19,MAGE,Captain's Parrot,0.0278,36
19,MAGE,Chillwind Yeti,0.1944,36
19,MAGE,Coldlight Oracle,0.1389,36
19,MAGE,Cone of Cold,0.0556,36
19,MAGE,Counterspell,0.25,36
19,MAGE,Dalaran Mage,0.0833,36
19,MAGE,Darkscale Healer,0.1111,36
19,MAGE,Deathlord,0.0278,36
19,MAGE,Defender of Argus,0.0556,36
19,MAGE,Demolisher,0.0278,36
19,MAGE,Dire Wolf Alpha,0.1667,36
19,MAGE,Doomsayer,0.1667,36
19,MAGE,Duplicate,0.0278,36
19,MAGE,Earthen Ring Farseer,0.1667,36
19,MAGE,Echoing Ooze,0.0833,36
19,MAGE,Elite Tauren Chieftain,0.0278,36
19,MAGE,Elven Archer,0.0278,36
19,MAGE,Ethereal Arcanist,0.2222,36
19,MAGE,Faceless Manipulator,0.2222,36
19,MAGE,Faerie Dragon,0.1667,36
19,MAGE,Fen Creeper,0.1111,36
19,MAGE,Feugen,0.0278,36
19,MAGE,Fireball,0.6389,36
19,MAGE,Flamestrike,0.2222,36
19,MAGE,Flesheating Ghoul,0.0278,36
19,MAGE,Frost Nova,0.1667,36
19,MAGE,Frostbolt,0.8611,36
19,MAGE,Frostwolf Grunt,0.3333,36
19,MAGE,Gnomish Inventor,0.25,36
19,MAGE,Goldshire Footman,0.0556,36
19,MAGE,Harrison Jones,0.0833,36
19,MAGE,Harvest Golem,0.1667,36
19,MAGE,Ice Barrier,0.4444,36
19,MAGE,Ice Block,0.1667,36
19,MAGE,Ice Lance,0.2778,36
19,MAGE,Injured Blademaster,0.0278,36
19,MAGE,Ironforge Rifleman,0.0556,36
19,MAGE,Ironfur Grizzly,0.2222,36
19,MAGE,Kirin Tor Mage,0.0278,36
19,MAGE,Knife Juggler,0.2222,36
19,MAGE,Kobold Geomancer,0.0833,36
19,MAGE,Leeroy Jenkins,0.1667,36
19,MAGE,Leper Gnome,0.1667,36
19,MAGE,Lightwarden,0.1389,36
19,MAGE,Loatheb,0.1667,36
19,MAGE,Loot Hoarder,0.3056,36
19,MAGE,Mad Scientist,0.0833,36
19,MAGE,Maexxna,0.0278,36
19,MAGE,Mana Wraith,0.25,36
19,MAGE,Mana Wyrm,0.7222,36
19,MAGE,Millhouse Manastorm,0.25,36
19,MAGE,Mirror Entity,0.3889,36
19,MAGE,Mirror Image,0.5833,36
19,MAGE,Molten Giant,0.0278,36
19,MAGE,Mountain Giant,0.0833,36
19,MAGE,Nerub'ar Weblord,0.0556,36
19,MAGE,Nightblade,0.1667,36
19,MAGE,Novice Engineer,0.3889,36
19,MAGE,Oasis Snapjaw,0.0278,36
19,MAGE,Polymorph,0.5,36
19,MAGE,Priestess of Elune,0.0278,36
19,MAGE,Pyroblast,0.3611,36
19,MAGE,Questing Adventurer,0.0833,36
19,MAGE,Raging Worgen,0.0556,36
19,MAGE,Ragnaros the Firelord,0.2778,36
19,MAGE,Ravenholdt Assassin,0.1667,36
19,MAGE,Razorfen Hunter,0.1111,36
19,MAGE,Reckless Rocketeer,0.1389,36
19,MAGE,Secretkeeper,0.0556,36
19,MAGE,Sen'jin Shieldmasta,0.0278,36
19,MAGE,Shade of Naxxramas,0.1111,36
19,MAGE,Shattered Sun Cleric,0.1667,36
19,MAGE,Shieldbearer,0.3889,36
19,MAGE,Sludge Belcher,0.6111,36
19,MAGE,Sorcerer's Apprentice,0.2778,36
19,MAGE,Southsea Captain,0.0278,36
19,MAGE,Spellbender,0.25,36
19,MAGE,Stonetusk Boar,0.0278,36
19,MAGE,Stormpike Commando,0.1111,36
19,MAGE,Stormwind Knight,0.0556,36
19,MAGE,Sunfury Protector,0.1667,36
19,MAGE,Sunwalker,0.1111,36
19,MAGE,Sylvanas Windrunner,0.1944,36
19,MAGE,Tauren Warrior,0.0556,36
19,MAGE,The Black Knight,0.1389,36
19,MAGE,Tinkmaster Overspark,0.1111,36
19,MAGE,Undertaker,0.1944,36
19,MAGE,Unstable Ghoul,0.0278,36
19,MAGE,Vaporize,0.25,36
19,MAGE,Violet Teacher,0.0278,36
19,MAGE,Water Elemental,0.5,36
19,MAGE,Wisp,0.0278,36
19,MAGE,Wolfrider,0.1389,36
19,MAGE,Young Dragonhawk,0.0556,36
19,MAGE,Ysera,0.2778,36
19,WARRIOR,Acidic Swamp Ooze,0.2174,23
19,WARRIOR,Acolyte of Pain,0.3043,23
19,WARRIOR,Alexstrasza,0.2609,23
19,WARRIOR,Amani Berserker,0.087,23
19,WARRIOR,Ancient Watcher,0.0435,23
19,WARRIOR,Angry Chicken,0.0435,23
19,WARRIOR,Arathi Weaponsmith,0.4783,23
19,WARRIOR,Arcane Golem,0.0435,23
19,WARRIOR,Arcanite Reaper,0.3913,23
19,WARRIOR,Archmage,0.0435,23
19,WARRIOR,Argent Commander,0.3043,23
19,WARRIOR,Argent Squire,0.2174,23
19,WARRIOR,Armorsmith,0.7391,23
19,WARRIOR,Azure Drake,0.0435,23
19,WARRIOR,Baron Geddon,0.2609,23
19,WARRIOR,Big Game Hunter,0.087,23
19,WARRIOR,Bloodfen Raptor,0.1739,23
19,WARRIOR,Bloodsail Raider,0.7391,23
19,WARRIOR,Boulderfist Ogre,0.087,23
19,WARRIOR,Brawl,0.5652,23
19,WARRIOR,Cairne Bloodhoof,0.1739,23
19,WARRIOR,Chillwind Yeti,0.087,23
19,WARRIOR,Cleave,0.087,23
19,WARRIOR,Commanding Shout,0.0435,23
19,WARRIOR,Cruel Taskmaster,0.6957,23
19,WARRIOR,Cult Master,0.1304,23
19,WARRIOR,Dancing Swords,0.087,23
19,WARRIOR,Dark Iron Dwarf,0.1304,23
19,WARRIOR,Defender of Argus,0.0435,23
19,WARRIOR,Dire Wolf Alpha,0.2174,23
19,WARRIOR,Dragonling Mechanic,0.0435,23
19,WARRIOR,Dread Corsair,0.0435,23
19,WARRIOR,Earthen Ring Farseer,0.3478,23
19,WARRIOR,Elite Tauren Chieftain,0.0435,23
19,WARRIOR,Elven Archer,0.2609,23
19,WARRIOR,Emperor Cobra,0.087,23
19,WARRIOR,Execute,0.7391,23
19,WARRIOR,Faceless Manipulator,0.087,23
19,WARRIOR,Faerie Dragon,0.0435,23
19,WARRIOR,Fen Creeper,0.087,23
19,WARRIOR,Fiery War Axe,0.5652,23
19,WARRIOR,Frothing Berserker,0.4783,23
19,WARRIOR,Gorehowl,0.3478,23
19,WARRIOR,Grommash Hellscream,0.6957,23
19,WARRIOR,Harrison Jones,0.1304,23
19,WARRIOR,Harvest Golem,0.3043,23
19,WARRIOR,Heroic Strike,0.2609,23
19,WARRIOR,Imp Master,0.1739,23
19,WARRIOR,Inner Rage,0.2174,23
19,WARRIOR,Ironbeak Owl,0.2609,23
19,WARRIOR,Ironforge Rifleman,0.0435,23
19,WARRIOR,Jungle Panther,0.0435,23
19,WARRIOR,Knife Juggler,0.2609,23
19,WARRIOR,Kor'kron Elite,0.4348,23
19,WARRIOR,Leeroy Jenkins,0.1739,23
19,WARRIOR,Leper Gnome,0.3043,23
19,WARRIOR,Loatheb,0.2174,23
19,WARRIOR,Lord of the Arena,0.0435,23
19,WARRIOR,Lorewalker Cho,0.0435,23
19,WARRIOR,Mad Bomber,0.3043,23
19,WARRIOR,Master Swordsmith,0.2174,23
19,WARRIOR,Mortal Strike,0.3043,23
19,WARRIOR,Murloc Warleader,0.0435,23
19,WARRIOR,Nightblade,0.1304,23
19,WARRIOR,Nozdormu,0.0435,23
19,WARRIOR,Pint-Sized Summoner,0.087,23
19,WARRIOR,Raging Worgen,0.1304,23
19,WARRIOR,Ragnaros the Firelord,0.6522,23
19,WARRIOR,Rampage,0.0435,23
19,WARRIOR,Scarlet Crusader,0.0435,23
19,WARRIOR,Secretkeeper,0.0435,23
19,WARRIOR,Sen'jin Shieldmasta,0.4348,23
19,WARRIOR,Shattered Sun Cleric,0.2174,23
19,WARRIOR,Shield Block,0.5652,23
19,WARRIOR,Shield Slam,0.5652,23
19,WARRIOR,Shieldbearer,0.2174,23
19,WARRIOR,Silver Hand Knight,0.1304,23
19,WARRIOR,Slam,0.6522,23
19,WARRIOR,Sludge Belcher,0.6087,23
19,WARRIOR,Spectral Knight,0.2174,23
19,WARRIOR,Spellbreaker,0.1739,23
19,WARRIOR,Spiteful Smith,0.3913,23
19,WARRIOR,Stalagg,0.0435,23
19,WARRIOR,Stampeding Kodo,0.1304,23
19,WARRIOR,Stonetusk Boar,0.1304,23
19,WARRIOR,Sylvanas Windrunner,0.3043,23
19,WARRIOR,Tauren Warrior,0.0435,23
19,WARRIOR,The Black Knight,0.2609,23
19,WARRIOR,Undertaker,0.3043,23
19,WARRIOR,Unstable Ghoul,0.4348,23
19,WARRIOR,Upgrade!,0.2609,23
19,WARRIOR,Warsong Commander,0.5652,23
19,WARRIOR,Whirlwind,0.5652,23
19,WARRIOR,Windfury Harpy,0.0435,23
19,WARRIOR,Worgen Infiltrator,0.0435,23
19,WARRIOR,Young Priestess,0.1739,23
19,WARRIOR,Ysera,0.1739,23
19,WARRIOR,Zombie Chow,0.0435,23
20,HUNTER,Abomination,0.1053,19
20,HUNTER,Abusive Sergeant,0.1579,19
20,HUNTER,Ancient Brewmaster,0.0526,19
20,HUNTER,Angry Chicken,0.0526,19
20,HUNTER,Animal Companion,1.0,19
20,HUNTER,Arcane Shot,0.3684,19
20,HUNTER,Azure Drake,0.1579,19
20,HUNTER,Baron Rivendare,0.0526,19
20,HUNTER,Big Game Hunter,0.3684,19
20,HUNTER,Bloodfen Raptor,0.0526,19
20,HUNTER,Booty Bay Bodyguard,0.0526,19
20,HUNTER,Dark Iron Dwarf,0.2632,19
20,HUNTER,Deadly Shot,0.9474,19
20,HUNTER,Dire Wolf Alpha,0.1579,19
20,HUNTER,Dread Corsair,0.0526,19
20,HUNTER,Eaglehorn Bow,0.6842,19
20,HUNTER,Echoing Ooze,0.1053,19
20,HUNTER,Emperor Cobra,0.0526,19
20,HUNTER,Explosive Shot,0.3158,19
20,HUNTER,Explosive Trap,0.6316,19
20,HUNTER,Faerie Dragon,0.3684,19
20,HUNTER,Feugen,0.3684,19
20,HUNTER,Flare,0.4737,19
20,HUNTER,Freezing Trap,0.9474,19
20,HUNTER,Frost Elemental,0.2632,19
20,HUNTER,Harrison Jones,0.1053,19
20,HUNTER,Harvest Golem,0.1579,19
20,HUNTER,Haunted Creeper,0.1053,19
20,HUNTER,Houndmaster,0.6842,19
20,HUNTER,Hunter's Mark,0.4737,19
20,HUNTER,Ironbeak Owl,0.3684,19
20,HUNTER,Ironfur Grizzly,0.1579,19
20,HUNTER,Kel'Thuzad,0.2105,19
20,HUNTER,Kill Command,0.4737,19
20,HUNTER,King Krush,0.0526,19
20,HUNTER,Knife Juggler,0.3684,19
20,HUNTER,Leeroy Jenkins,0.3684,19
20,HUNTER,Loatheb,0.1053,19
20,HUNTER,Loot Hoarder,0.3158,19
20,HUNTER,Lorewalker Cho,0.0526,19
20,HUNTER,Mad Scientist,0.5789,19
20,HUNTER,Mountain Giant,0.1053,19
20,HUNTER,Nat Pagle,0.0526,19
20,HUNTER,Nozdormu,0.1579,19
20,HUNTER,Priestess of Elune,0.1053,19
20,HUNTER,River Crocolisk,0.2632,19
20,HUNTER,Savannah Highmane,0.9474,19
20,HUNTER,Scavenging Hyena,0.3158,19
20,HUNTER,Sea Giant,0.3684,19
20,HUNTER,Secretkeeper,0.1579,19
20,HUNTER,Sen'jin Shieldmasta,0.2632,19
20,HUNTER,Sludge Belcher,0.3684,19
20,HUNTER,Snake Trap,0.0526,19
20,HUNTER,Spectral Knight,0.2632,19
20,HUNTER,Stampeding Kodo,0.2632,19
20,HUNTER,Starving Buzzard,0.9474,19
20,HUNTER,Stoneskin Gargoyle,0.1579,19
20,HUNTER,Stonetusk Boar,0.2632,19
20,HUNTER,Stormwind Champion,0.0526,19
20,HUNTER,Stranglethorn Tiger,0.3684,19
20,HUNTER,Thrallmar Farseer,0.3684,19
20,HUNTER,Timber Wolf,0.6316,19
20,HUNTER,Tracking,0.6316,19
20,HUNTER,Tundra Rhino,0.0526,19
20,HUNTER,Undertaker,0.3684,19
20,HUNTER,Unleash the Hounds,1.0,19
20,HUNTER,Unstable Ghoul,0.1053,19
20,HUNTER,Webspinner,0.1053,19
20,HUNTER,Wild Pyromancer,0.1053,19
20,HUNTER,Wisp,0.1053,19
20,HUNTER,Youthful Brewmaster,0.1053,19
20,HUNTER,Ysera,0.1053,19
20,HUNTER,Zombie Chow,0.2632,19
20,MAGE,Acidic Swamp Ooze,0.0278,36
20,MAGE,Acolyte of Pain,0.3056,36
20,MAGE,Alexstrasza,0.0833,36
20,MAGE,Amani Berserker,0.3889,36
20,MAGE,Ancient Mage,0.0556,36
20,MAGE,Ancient Watcher,0.0278,36
20,MAGE,Angry Chicken,0.0556,36
20,MAGE,Arcane Explosion,0.1111,36
20,MAGE,Arcane Intellect,0.3056,36
20,MAGE,Arcane Missiles,0.4722,36
20,MAGE,Archmage,0.2222,36
20,MAGE,Archmage Antonidas,0.3889,36
20,MAGE,Argent Commander,0.1944,36
20,MAGE,Argent Squire,0.3056,36
20,MAGE,Azure Drake,0.3056,36
20,MAGE,Blizzard,0.5833,36
20,MAGE,Bloodfen Raptor,0.0833,36
20,MAGE,Bloodmage Thalnos,0.3333,36
20,MAGE,Bloodsail Raider,0.0556,36
20,MAGE,Boulderfist Ogre,0.0833,36
20,MAGE,Captain's Parrot,0.0278,36
20,MAGE,Chillwind Yeti,0.1944,36
20,MAGE,Coldlight Oracle,0.1389,36
20,MAGE,Cone of Cold,0.0556,36
20,MAGE,Counterspell,0.25,36
20,MAGE,Dalaran Mage,0.0833,36
20,MAGE,Darkscale Healer,0.1111,36
20,MAGE,Deathlord,0.0278,36
20,MAGE,Defender of Argus,0.0556,36
20,MAGE,Demolisher,0.0278,36
20,MAGE,Dire Wolf Alpha,0.1667,36
20,MAGE,Doomsayer,0.1667,36
20,MAGE,Duplicate,0.0278,36
20,MAGE,Earthen Ring Farseer,0.1667,36
20,MAGE,Echoing Ooze,0.0833,36
20,MAGE,Elite Tauren Chieftain,0.0278,36
20,MAGE,Elven Archer,0.0278,36
20,MAGE,Ethereal Arcanist,0.2222,36
20,MAGE,Faceless Manipulator,0.2222,36
20,MAGE,Faerie Dragon,0.1667,36
20,MAGE,Fen Creeper,0.1111,36
20,MAGE,Feugen,0.0278,36
20,MAGE,Fireball,0.6389,36
20,MAGE,Flamestrike,0.2222,36
20,MAGE,Flesheating Ghoul,0.0278,36
20,MAGE,Frost Nova,0.1667,36
20,MAGE,Frostbolt,0.8611,36
20,MAGE,Frostwolf Grunt,0.3333,36
20,MAGE,Gnomish Inventor,0.25,36
20,MAGE,Goldshire Footman,0.0556,36
20,MAGE,Harrison Jones,0.0833,36
20,MAGE,Harvest Golem,0.1667,36
20,MAGE,Ice Barrier,0.4444,36
20,MAGE,Ice Block,0.1667,36
20,MAGE,Ice Lance,0.2778,36
20,MAGE,Injured Blademaster,0.0278,36
20,MAGE,Ironforge Rifleman,0.0556,36
20,MAGE,Ironfur Grizzly,0.2222,36
20,MAGE,Kirin Tor Mage,0.0278,36
20,MAGE,Knife Juggler,0.2222,36
20,MAGE,Kobold Geomancer,0.0833,36
20,MAGE,Leeroy Jenkins,0.1667,36
20,MAGE,Leper Gnome,0.1667,36
20,MAGE,Lightwarden,0.1389,36
20,MAGE,Loatheb,0.1667,36
20,MAGE,Loot Hoarder,0.3056,36
20,MAGE,Mad Scientist,0.0833,36
20,MAGE,Maexxna,0.0278,36
20,MAGE,Mana Wraith,0.25,36
20,MAGE,Mana Wyrm,0.7222,36
20,MAGE,Millhouse Manastorm,0.25,36
20,MAGE,Mirror Entity,0.3889,36
20,MAGE,Mirror Image,0.5833,36
20,MAGE,Molten Giant,0.0278,36
20,MAGE,Mountain Giant,0.0833,36
20,MAGE,Nerub'ar Weblord,0.0556,36
20,MAGE,Nightblade,0.1667,36
20,MAGE,Novice Engineer,0.3889,36
20,MAGE,Oasis Snapjaw,0.0278,36
20,MAGE,Polymorph,0.5,36
20,MAGE,Priestess of Elune,0.0278,36
20,MAGE,Pyroblast,0.3611,36
20,MAGE,Questing Adventurer,0.0833,36
20,MAGE,Raging Worgen,0.0556,36
20,MAGE,Ragnaros the Firelord,0.2778,36
20,MAGE,Ravenholdt Assassin,0.1667,36
20,MAGE,Razorfen Hunter,0.1111,36
20,MAGE,Reckless Rocketeer,0.1389,36
20,MAGE,Secretkeeper,0.0556,36
20,MAGE,Sen'jin Shieldmasta,0.0278,36
20,MAGE,Shade of Naxxramas,0.1111,36
20,MAGE,Shattered Sun Cleric,0.1667,36
20,MAGE,Shieldbearer,0.3889,36
20,MAGE,Sludge Belcher,0.6111,36
20,MAGE,Sorcerer's Apprentice,0.2778,36
20,MAGE,Southsea Captain,0.0278,36
20,MAGE,Spellbender,0.25,36
20,MAGE,Stonetusk Boar,0.0278,36
20,MAGE,Stormpike Commando,0.1111,36
20,MAGE,Stormwind Knight,0.0556,36
20,MAGE,Sunfury Protector,0.1667,36
20,MAGE,Sunwalker,0.1111,36
20,MAGE,Sylvanas Windrunner,0.1944,36
20,MAGE,Tauren Warrior,0.0556,36
20,MAGE,The Black Knight,0.1389,36
20,MAGE,Tinkmaster Overspark,0.1111,36
20,MAGE,Undertaker,0.1944,36
20,MAGE,Unstable Ghoul,0.0278,36
20,MAGE,Vaporize,0.25,36
20,MAGE,Violet Teacher,0.0278,36
20,MAGE,Water Elemental,0.5,36
20,MAGE,Wisp,0.0278,36
20,MAGE,Wolfrider,0.1389,36
20,MAGE,Young Dragonhawk,0.0556,36
20,MAGE,Ysera,0.2778,36
20,WARRIOR,Acidic Swamp Ooze,0.2174,23
20,WARRIOR,Acolyte of Pain,0.3043,23
20,WARRIOR,Alexstrasza,0.2609,23
20,WARRIOR,Amani Berserker,0.087,23
20,WARRIOR,Ancient Watcher,0.0435,23
20,WARRIOR,Angry Chicken,0.0435,23
20,WARRIOR,Arathi Weaponsmith,0.4783,23
20,WARRIOR,Arcane Golem,0.0435,23
20,WARRIOR,Arcanite Reaper,0.3913,23
20,WARRIOR,Archmage,0.0435,23
20,WARRIOR,Argent Commander,0.3043,23
20,WARRIOR,Argent Squire,0.2174,23
20,WARRIOR,Armorsmith,0.7391,23
20,WARRIOR,Azure Drake,0.0435,23
20,WARRIOR,Baron Geddon,0.2609,23
20,WARRIOR,Big Game Hunter,0.087,23
20,WARRIOR,Bloodfen Raptor,0.1739,23
20,WARRIOR,Bloodsail Raider,0.7391,23
20,WARRIOR,Boulderfist Ogre,0.087,23
20,WARRIOR,Brawl,0.5652,23
20,WARRIOR,Cairne Bloodhoof,0.1739,23
20,WARRIOR,Chillwind Yeti,0.087,23
20,WARRIOR,Cleave,0.087,23
20,WARRIOR,Commanding Shout,0.0435,23
20,WARRIOR,Cruel Taskmaster,0.6957,23
20,WARRIOR,Cult Master,0.1304,23
20,WARRIOR,Dancing Swords,0.087,23
20,WARRIOR,Dark Iron Dwarf,0.1304,23
20,WARRIOR,Defender of Argus,0.0435,23
20,WARRIOR,Dire Wolf Alpha,0.2174,23
20,WARRIOR,Dragonling Mechanic,0.0435,23
20,WARRIOR,Dread Corsair,0.0435,23
20,WARRIOR,Earthen Ring Farseer,0.3478,23
20,WARRIOR,Elite Tauren Chieftain,0.0435,23
20,WARRIOR,Elven Archer,0.2609,23
20,WARRIOR,Emperor Cobra,0.087,23
20,WARRIOR,Execute,0.7391,23
20,WARRIOR,Faceless Manipulator,0.087,23
20,WARRIOR,Faerie Dragon,0.0435,23
20,WARRIOR,Fen Creeper,0.087,23
20,WARRIOR,Fiery War Axe,0.5652,23
20,WARRIOR,Frothing Berserker,0.4783,23
20,WARRIOR,Gorehowl,0.3478,23
20,WARRIOR,Grommash Hellscream,0.6957,23
20,WARRIOR,Harrison Jones,0.1304,23
20,WARRIOR,Harvest Golem,0.3043,23
20,WARRIOR,Heroic Strike,0.2609,23
20,WARRIOR,Imp Master,0.1739,23
20,WARRIOR,Inner Rage,0.2174,23
20,WARRIOR,Ironbeak Owl,0.2609,23
20,WARRIOR,Ironforge Rifleman,0.0435,23
20,WARRIOR,Jungle Panther,0.0435,23
20,WARRIOR,Knife Juggler,0.2609,23
20,WARRIOR,Kor'kron Elite,0.4348,23
20,WARRIOR,Leeroy Jenkins,0.1739,23
20,WARRIOR,Leper Gnome,0.3043,23
20,WARRIOR,Loatheb,0.2174,23
20,WARRIOR,Lord of the Arena,0.0435,23
20,WARRIOR,Lorewalker Cho,0.0435,23
20,WARRIOR,Mad Bomber,0.3043,23
20,WARRIOR,Master Swordsmith,0.2174,23
20,WARRIOR,Mortal Strike,0.3043,23
20,WARRIOR,Murloc Warleader,0.0435,23
20,WARRIOR,Nightblade,0.1304,23
20,WARRIOR,Nozdormu,0.0435,23
20,WARRIOR,Pint-Sized Summoner,0.087,23
20,WARRIOR,Raging Worgen,0.1304,23
20,WARRIOR,Ragnaros the Firelord,0.6522,23
20,WARRIOR,Rampage,0.0435,23
20,WARRIOR,Scarlet Crusader,0.0435,23
20,WARRIOR,Secretkeeper,0.0435,23
20,WARRIOR,Sen'jin Shieldmasta,0.4348,23
20,WARRIOR,Shattered Sun Cleric,0.2174,23
20,WARRIOR,Shield Block,0.5652,23
20,WARRIOR,Shield Slam,0.5652,23
20,WARRIOR,Shieldbearer,0.2174,23
20,WARRIOR,Silver Hand Knight,0.1304,23
20,WARRIOR,Slam,0.6522,23
20,WARRIOR,Sludge Belcher,0.6087,23
20,WARRIOR,Spectral Knight,0.2174,23
20,WARRIOR,Spellbreaker,0.1739,23
20,WARRIOR,Spiteful Smith,0.3913,23
20,WARRIOR,Stalagg,0.0435,23
20,WARRIOR,Stampeding Kodo,0.1304,23
20,WARRIOR,Stonetusk Boar,0.1304,23
20,WARRIOR,Sylvanas Windrunner,0.3043,23
20,WARRIOR,Tauren Warrior,0.0435,23
20,WARRIOR,The Black Knight,0.2609,23
20,WARRIOR,Undertaker,0.3043,23
20,WARRIOR,Unstable Ghoul,0.4348,23
20,WARRIOR,Upgrade!,0.2609,23
20,WARRIOR,Warsong Commander,0.5652,23
20,WARRIOR,Whirlwind,0.5652,23
20,WARRIOR,Windfury Harpy,0.0435,23
20,WARRIOR,Worgen Infiltrator,0.0435,23
20,WARRIOR,Young Priestess,0.1739,23
20,WARRIOR,Ysera,0.1739,23
20,WARRIOR,Zombie Chow,0.0435,23
21,HUNTER,Abomination,0.0588,17
21,HUNTER,Abusive Sergeant,0.1765,17
21,HUNTER,Ancient Brewmaster,0.0588,17
21,HUNTER,Angry Chicken,0.0588,17
21,HUNTER,Animal Companion,1.0,17
21,HUNTER,Arcane Shot,0.3529,17
21,HUNTER,Azure Drake,0.1176,17
21,HUNTER,Baron Rivendare,0.0588,17
21,HUNTER,Big Game Hunter,0.4118,17
21,HUNTER,Dark Iron Dwarf,0.2353,17
21,HUNTER,Deadly Shot,0.9412,17
21,HUNTER,Dire Wolf Alpha,0.1176,17
21,HUNTER,Dread Corsair,0.0588,17
21,HUNTER,Eaglehorn Bow,0.7647,17
21,HUNTER,Echoing Ooze,0.1176,17
21,HUNTER,Explosive Shot,0.3529,17
21,HUNTER,Explosive Trap,0.6471,17
21,HUNTER,Faerie Dragon,0.4118,17
21,HUNTER,Feugen,0.3529,17
21,HUNTER,Flare,0.4706,17
21,HUNTER,Freezing Trap,1.0,17
21,HUNTER,Frost Elemental,0.2941,17
21,HUNTER,Harrison Jones,0.1176,17
21,HUNTER,Harvest Golem,0.1765,17
21,HUNTER,Haunted Creeper,0.1176,17
21,HUNTER,Houndmaster,0.6471,17
21,HUNTER,Hunter's Mark,0.5294,17
21,HUNTER,Ironbeak Owl,0.4118,17
21,HUNTER,Ironfur Grizzly,0.1176,17
21,HUNTER,Kel'Thuzad,0.2353,17
21,HUNTER,Kill Command,0.4706,17
21,HUNTER,Knife Juggler,0.4118,17
21,HUNTER,Leeroy Jenkins,0.4118,17
21,HUNTER,Loatheb,0.1176,17
21,HUNTER,Loot Hoarder,0.3529,17
21,HUNTER,Lorewalker Cho,0.0588,17
21,HUNTER,Mad Scientist,0.7059,17
21,HUNTER,Mountain Giant,0.1176,17
21,HUNTER,Murloc Warleader,0.0588,17
21,HUNTER,Novice Engineer,0.0588,17
21,HUNTER,Nozdormu,0.1765,17
21,HUNTER,Priestess of Elune,0.1176,17
21,HUNTER,River Crocolisk,0.2353,17
21,HUNTER,Savannah Highmane,0.9412,17
21,HUNTER,Scavenging Hyena,0.2353,17
21,HUNTER,Sea Giant,0.4118,17
21,HUNTER,Secretkeeper,0.1765,17
21,HUNTER,Sen'jin Shieldmasta,0.2353,17
21,HUNTER,Sludge Belcher,0.4118,17
21,HUNTER,Spectral Knight,0.2353,17
21,HUNTER,Stampeding Kodo,0.2941,17
21,HUNTER,Starving Buzzard,0.9412,17
21,HUNTER,Stoneskin Gargoyle,0.1765,17
21,HUNTER,Stonetusk Boar,0.2353,17
21,HUNTER,Stranglethorn Tiger,0.4118,17
21,HUNTER,Thrallmar Farseer,0.4118,17
21,HUNTER,Timber Wolf,0.5882,17
21,HUNTER,Tracking,0.6471,17
21,HUNTER,Undertaker,0.3529,17
21,HUNTER,Unleash the Hounds,1.0,17
21,HUNTER,Unstable Ghoul,0.1176,17
21,HUNTER,Webspinner,0.1176,17
21,HUNTER,Wild Pyromancer,0.1176,17
21,HUNTER,Wisp,0.1176,17
21,HUNTER,Youthful Brewmaster,0.1176,17
21,HUNTER,Ysera,0.0588,17
21,HUNTER,Zombie Chow,0.2941,17
21,MAGE,Acidic Swamp Ooze,0.0278,36
21,MAGE,Acolyte of Pain,0.3056,36
21,MAGE,Alexstrasza,0.0833,36
21,MAGE,Amani Berserker,0.3889,36
21,MAGE,Ancient Mage,0.0556,36
21,MAGE,Ancient Watcher,0.0278,36
21,MAGE,Angry Chicken,0.0556,36
21,MAGE,Arcane Explosion,0.1111,36
21,MAGE,Arcane Intellect,0.3056,36
21,MAGE,Arcane Missiles,0.4722,36
21,MAGE,Archmage,0.2222,36
21,MAGE,Archmage Antonidas,0.3889,36
21,MAGE,Argent Commander,0.1944,36
21,MAGE,Argent Squire,0.3056,36
21,MAGE,Azure Drake,0.3056,36
21,MAGE,Blizzard,0.5833,36
21,MAGE,Bloodfen Raptor,0.0833,36
21,MAGE,Bloodmage Thalnos,0.3333,36
21,MAGE,Bloodsail Raider,0.0556,36
21,MAGE,Boulderfist Ogre,0.0833,36
21,MAGE,Captain's Parrot,0.0278,36
21,MAGE,Chillwind Yeti,0.1944,36
21,MAGE,Coldlight Oracle,0.1389,36
21,MAGE,Cone of Cold,0.0556,36
21,MAGE,Counterspell,0.25,36
21,MAGE,Dalaran Mage,0.0833,36
21,MAGE,Darkscale Healer,0.1111,36
21,MAGE,Deathlord,0.0278,36
21,MAGE,Defender of Argus,0.0556,36
21,MAGE,Demolisher,0.0278,36
21,MAGE,Dire Wolf Alpha,0.1667,36
21,MAGE,Doomsayer,0.1667,36
21,MAGE,Duplicate,0.0278,36
21,MAGE,Earthen Ring Farseer,0.1667,36
21,MAGE,Echoing Ooze,0.0833,36
21,MAGE,Elite Tauren Chieftain,0.0278,36
21,MAGE,Elven Archer,0.0278,36
21,MAGE,Ethereal Arcanist,0.2222,36
21,MAGE,Faceless Manipulator,0.2222,36
21,MAGE,Faerie Dragon,0.1667,36
21,MAGE,Fen Creeper,0.1111,36
21,MAGE,Feugen,0.0278,36
21,MAGE,Fireball,0.6389,36
21,MAGE,Flamestrike,0.2222,36
21,MAGE,Flesheating Ghoul,0.0278,36
21,MAGE,Frost Nova,0.1667,36
21,MAGE,Frostbolt,0.8611,36
21,MAGE,Frostwolf Grunt,0.3333,36
21,MAGE,Gnomish Inventor,0.25,36
21,MAGE,Goldshire Footman,0.0556,36
21,MAGE,Harrison Jones,0.0833,36
21,MAGE,Harvest Golem,0.1667,36
21,MAGE,Ice Barrier,0.4444,36
21,MAGE,Ice Block,0.1667,36
21,MAGE,Ice Lance,0.2778,36
21,MAGE,Injured Blademaster,0.0278,36
21,MAGE,Ironforge Rifleman,0.0556,36
21,MAGE,Ironfur Grizzly,0.2222,36
21,MAGE,Kirin Tor Mage,0.0278,36
21,MAGE,Knife Juggler,0.2222,36
21,MAGE,Kobold Geomancer,0.0833,36
21,MAGE,Leeroy Jenkins,0.1667,36
21,MAGE,Leper Gnome,0.1667,36
21,MAGE,Lightwarden,0.1389,36
21,MAGE,Loatheb,0.1667,36
21,MAGE,Loot Hoarder,0.3056,36
21,MAGE,Mad Scientist,0.0833,36
21,MAGE,Maexxna,0.0278,36
21,MAGE,Mana Wraith,0.25,36
21,MAGE,Mana Wyrm,0.7222,36
21,MAGE,Millhouse Manastorm,0.25,36
21,MAGE,Mirror Entity,0.3889,36
21,MAGE,Mirror Image,0.5833,36
21,MAGE,Molten Giant,0.0278,36
21,MAGE,Mountain Giant,0.0833,36
21,MAGE,Nerub'ar Weblord,0.0556,36
21,MAGE,Nightblade,0.1667,36
21,MAGE,Novice Engineer,0.3889,36
21,MAGE,Oasis Snapjaw,0.0278,36
21,MAGE,Polymorph,0.5,36
21,MAGE,Priestess of Elune,0.0278,36
21,MAGE,Pyroblast,0.3611,36
21,MAGE,Questing Adventurer,0.0833,36
21,MAGE,Raging Worgen,0.0556,36
21,MAGE,Ragnaros the Firelord,0.2778,36
21,MAGE,Ravenholdt Assassin,0.1667,36
21,MAGE,Razorfen Hunter,0.1111,36
21,MAGE,Reckless Rocketeer,0.1389,36
21,MAGE,Secretkeeper,0.0556,36
21,MAGE,Sen'jin Shieldmasta,0.0278,36
21,MAGE,Shade of Naxxramas,0.1111,36
21,MAGE,Shattered Sun Cleric,0.1667,36
21,MAGE,Shieldbearer,0.3889,36
21,MAGE,Sludge Belcher,0.6111,36
21,MAGE,Sorcerer's Apprentice,0.2778,36
21,MAGE,Southsea Captain,0.0278,36
21,MAGE,Spellbender,0.25,36
21,MAGE,Stonetusk Boar,0.0278,36
21,MAGE,Stormpike Commando,0.1111,36
21,MAGE,Stormwind Knight,0.0556,36
21,MAGE,Sunfury Protector,0.1667,36
21,MAGE,Sunwalker,0.1111,36
21,MAGE,Sylvanas Windrunner,0.1944,36
21,MAGE,Tauren Warrior,0.0556,36
21,MAGE,The Black Knight,0.1389,36
21,MAGE,Tinkmaster Overspark,0.1111,36
21,MAGE,Undertaker,0.1944,36
21,MAGE,Unstable Ghoul,0.0278,36
21,MAGE,Vaporize,0.25,36
21,MAGE,Violet Teacher,0.0278,36
21,MAGE,Water Elemental,0.5,36
21,MAGE,Wisp,0.0278,36
21,MAGE,Wolfrider,0.1389,36
21,MAGE,Young Dragonhawk,0.0556,36
21,MAGE,Ysera,0.2778,36
21,WARRIOR,Acidic Swamp Ooze,0.2174,23
21,WARRIOR,Acolyte of Pain,0.3043,23
21,WARRIOR,Alexstrasza,0.2609,23
21,WARRIOR,Amani Berserker,0.087,23
21,WARRIOR,Ancient Watcher,0.0435,23
21,WARRIOR,Angry Chicken,0.0435,23
21,WARRIOR,Arathi Weaponsmith,0.4783,23
21,WARRIOR,Arcane Golem,0.0435,23
21,WARRIOR,Arcanite Reaper,0.3913,23
21,WARRIOR,Archmage,0.0435,23
21,WARRIOR,Argent Commander,0.3043,23
21,WARRIOR,Argent Squire,0.2174,23
21,WARRIOR,Armorsmith,0.7391,23
21,WARRIOR,Azure Drake,0.0435,23
21,WARRIOR,Baron Geddon,0.2609,23
21,WARRIOR,Big Game Hunter,0.087,23
21,WARRIOR,Bloodfen Raptor,0.1739,23
21,WARRIOR,Bloodsail Raider,0.7391,23
21,WARRIOR,Boulderfist Ogre,0.087,23
21,WARRIOR,Brawl,0.5652,23
21,WARRIOR,Cairne Bloodhoof,0.1739,23
21,WARRIOR,Chillwind Yeti,0.087,23
21,WARRIOR,Cleave,0.087,23
21,WARRIOR,Commanding Shout,0.0435,23
21,WARRIOR,Cruel Taskmaster,0.6957,23
21,WARRIOR,Cult Master,0.1304,23
21,WARRIOR,Dancing Swords,0.087,23
21,WARRIOR,Dark Iron Dwarf,0.1304,23
21,WARRIOR,Defender of Argus,0.0435,23
21,WARRIOR,Dire Wolf Alpha,0.2174,23
21,WARRIOR,Dragonling Mechanic,0.0435,23
21,WARRIOR,Dread Corsair,0.0435,23
21,WARRIOR,Earthen Ring Farseer,0.3478,23
21,WARRIOR,Elite Tauren Chieftain,0.0435,23
21,WARRIOR,Elven Archer,0.2609,23
21,WARRIOR,Emperor Cobra,0.087,23
21,WARRIOR,Execute,0.7391,23
21,WARRIOR,Faceless Manipulator,0.087,23
21,WARRIOR,Faerie Dragon,0.0435,23
21,WARRIOR,Fen Creeper,0.087,23
21,WARRIOR,Fiery War Axe,0.5652,23
21,WARRIOR,Frothing Berserker,0.4783,23
21,WARRIOR,Gorehowl,0.3478,23
21,WARRIOR,Grommash Hellscream,0.6957,23
21,WARRIOR,Harrison Jones,0.1304,23
21,WARRIOR,Harvest Golem,0.3043,23
21,WARRIOR,Heroic Strike,0.2609,23
21,WARRIOR,Imp Master,0.1739,23
21,WARRIOR,Inner Rage,0.2174,23
21,WARRIOR,Ironbeak Owl,0.2609,23
21,WARRIOR,Ironforge Rifleman,0.0435,23
21,WARRIOR,Jungle Panther,0.0435,23
21,WARRIOR,Knife Juggler,0.2609,23
21,WARRIOR,Kor'kron Elite,0.4348,23
21,WARRIOR,Leeroy Jenkins,0.1739,23
21,WARRIOR,Leper Gnome,0.3043,23
21,WARRIOR,Loatheb,0.2174,23
21,WARRIOR,Lord of the Arena,0.0435,23
21,WARRIOR,Lorewalker Cho,0.0435,23
21,WARRIOR,Mad Bomber,0.3043,23
21,WARRIOR,Master Swordsmith,0.2174,23
21,WARRIOR,Mortal Strike,0.3043,23
21,WARRIOR,Murloc Warleader,0.0435,23
21,WARRIOR,Nightblade,0.1304,23
21,WARRIOR,Nozdormu,0.0435,23
21,WARRIOR,Pint-Sized Summoner,0.087,23
21,WARRIOR,Raging Worgen,0.1304,23
21,WARRIOR,Ragnaros the Firelord,0.6522,23
21,WARRIOR,Rampage,0.0435,23
21,WARRIOR,Scarlet Crusader,0.0435,23
21,WARRIOR,Secretkeeper,0.0435,23
21,WARRIOR,Sen'jin Shieldmasta,0.4348,23
21,WARRIOR,Shattered Sun Cleric,0.2174,23
21,WARRIOR,Shield Block,0.5652,23
21,WARRIOR,Shield Slam,0.5652,23
21,WARRIOR,Shieldbearer,0.2174,23
21,WARRIOR,Silver Hand Knight,0.1304,23
21,WARRIOR,Slam,0.6522,23
21,WARRIOR,Sludge Belcher,0.6087,23
21,WARRIOR,Spectral Knight,0.2174,23
21,WARRIOR,Spellbreaker,0.1739,23
21,WARRIOR,Spiteful Smith,0.3913,23
21,WARRIOR,Stalagg,0.0435,23
21,WARRIOR,Stampeding Kodo,0.1304,23
21,WARRIOR,Stonetusk Boar,0.1304,23
21,WARRIOR,Sylvanas Windrunner,0.3043,23
21,WARRIOR,Tauren Warrior,0.0435,23
21,WARRIOR,The Black Knight,0.2609,23
21,WARRIOR,Undertaker,0.3043,23
21,WARRIOR,Unstable Ghoul,0.4348,23
21,WARRIOR,Upgrade!,0.2609,23
21,WARRIOR,Warsong Commander,0.5652,23
21,WARRIOR,Whirlwind,0.5652,23
21,WARRIOR,Windfury Harpy,0.0435,23
21,WARRIOR,Worgen Infiltrator,0.0435,23
21,WARRIOR,Young Priestess,0.1739,23
21,WARRIOR,Ysera,0.1739,23
21,WARRIOR,Zombie Chow,0.0435,23
22,HUNTER,Abomination,0.0588,17
22,HUNTER,Abusive Sergeant,0.1765,17
22,HUNTER,Ancient Brewmaster,0.0588,17
22,HUNTER,Angry Chicken,0.0588,17
22,HUNTER,Animal Companion,1.0,17
22,HUNTER,Arcane Shot,0.3529,17
22,HUNTER,Azure Drake,0.1176,17
22,HUNTER,Baron Rivendare,0.0588,17
22,HUNTER,Big Game Hunter,0.4118,17
22,HUNTER,Dancing Swords,0.0588,17
22,HUNTER,Dark Iron Dwarf,0.2353,17
22,HUNTER,Deadly Shot,0.8235,17
22,HUNTER,Dire Wolf Alpha,0.1176,17
22,HUNTER,Dread Corsair,0.0588,17
22,HUNTER,Eaglehorn Bow,0.7647,17
22,HUNTER,Echoing Ooze,0.1176,17
22,HUNTER,Explosive Shot,0.3529,17
22,HUNTER,Explosive Trap,0.6471,17
22,HUNTER,Faerie Dragon,0.4118,17
22,HUNTER,Feugen,0.4118,17
22,HUNTER,Flare,0.4706,17
22,HUNTER,Freezing Trap,1.0,17
22,HUNTER,Frost Elemental,0.2941,17
22,HUNTER,Harrison Jones,0.1176,17
22,HUNTER,Harvest Golem,0.1765,17
22,HUNTER,Haunted Creeper,0.1176,17
22,HUNTER,Houndmaster,0.6471,17
22,HUNTER,Hunter's Mark,0.5294,17
22,HUNTER,Ironbeak Owl,0.4118,17
22,HUNTER,Ironfur Grizzly,0.1176,17
22,HUNTER,Kel'Thuzad,0.2353,17
22,HUNTER,Kill Command,0.4706,17
22,HUNTER,Knife Juggler,0.4118,17
22,HUNTER,Leeroy Jenkins,0.4118,17
22,HUNTER,Loatheb,0.1176,17
22,HUNTER,Loot Hoarder,0.3529,17
22,HUNTER,Lorewalker Cho,0.0588,17
22,HUNTER,Mad Scientist,0.7059,17
22,HUNTER,Mountain Giant,0.1176,17
22,HUNTER,Murloc Warleader,0.0588,17
22,HUNTER,Novice Engineer,0.0588,17
22,HUNTER,Nozdormu,0.1765,17
22,HUNTER,Priestess of Elune,0.1176,17
22,HUNTER,River Crocolisk,0.2353,17
22,HUNTER,Savannah Highmane,0.9412,17
22,HUNTER,Scavenging Hyena,0.1765,17
22,HUNTER,Sea Giant,0.4118,17
22,HUNTER,Secretkeeper,0.1765,17
22,HUNTER,Sen'jin Shieldmasta,0.2353,17
22,HUNTER,Sludge Belcher,0.4706,17
22,HUNTER,Spectral Knight,0.2353,17
22,HUNTER,Stampeding Kodo,0.2941,17
22,HUNTER,Starving Buzzard,0.9412,17
22,HUNTER,Stoneskin Gargoyle,0.1765,17
22,HUNTER,Stonetusk Boar,0.2353,17
22,HUNTER,Stranglethorn Tiger,0.4118,17
22,HUNTER,Thrallmar Farseer,0.4118,17
22,HUNTER,Timber Wolf,0.5882,17
22,HUNTER,Tracking,0.6471,17
22,HUNTER,Undertaker,0.3529,17
22,HUNTER,Unleash the Hounds,1.0,17
22,HUNTER,Unstable Ghoul,0.1176,17
22,HUNTER,Webspinner,0.1176,17
22,HUNTER,Wild Pyromancer,0.1176,17
22,HUNTER,Wisp,0.1176,17
22,HUNTER,Youthful Brewmaster,0.1765,17
22,HUNTER,Ysera,0.0588,17
22,HUNTER,Zombie Chow,0.3529,17
22,MAGE,Acidic Swamp Ooze,0.0278,36
22,MAGE,Acolyte of Pain,0.3056,36
22,MAGE,Alexstrasza,0.0833,36
22,MAGE,Amani Berserker,0.3889,36
22,MAGE,Ancient Mage,0.0556,36
22,MAGE,Ancient Watcher,0.0278,36
22,MAGE,Angry Chicken,0.0556,36
22,MAGE,Arcane Explosion,0.1111,36
22,MAGE,Arcane Intellect,0.3056,36
22,MAGE,Arcane Missiles,0.4722,36
22,MAGE,Archmage,0.2222,36
22,MAGE,Archmage Antonidas,0.3889,36
22,MAGE,Argent Commander,0.1944,36
22,MAGE,Argent Squire,0.3056,36
22,MAGE,Azure Drake,0.3056,36
22,MAGE,Blizzard,0.5833,36
22,MAGE,Bloodfen Raptor,0.0833,36
22,MAGE,Bloodmage Thalnos,0.3333,36
22,MAGE,Bloodsail Raider,0.0556,36
22,MAGE,Boulderfist Ogre,0.0833,36
22,MAGE,Captain's Parrot,0.0278,36
22,MAGE,Chillwind Yeti,0.1944,36
22,MAGE,Coldlight Oracle,0.1389,36
22,MAGE,Cone of Cold,0.0556,36
22,MAGE,Counterspell,0.25,36
22,MAGE,Dalaran Mage,0.0833,36
22,MAGE,Darkscale Healer,0.1111,36
22,MAGE,Deathlord,0.0278,36
22,MAGE,Defender of Argus,0.0556,36
22,MAGE,Demolisher,0.0278,36
22,MAGE,Dire Wolf Alpha,0.1667,36
22,MAGE,Doomsayer,0.1667,36
22,MAGE,Duplicate,0.0278,36
22,MAGE,Earthen Ring Farseer,0.1667,36
22,MAGE,Echoing Ooze,0.0833,36
22,MAGE,Elite Tauren Chieftain,0.0278,36
22,MAGE,Elven Archer,0.0278,36
22,MAGE,Ethereal Arcanist,0.2222,36
22,MAGE,Faceless Manipulator,0.2222,36
22,MAGE,Faerie Dragon,0.1667,36
22,MAGE,Fen Creeper,0.1111,36
22,MAGE,Feugen,0.0278,36
22,MAGE,Fireball,0.6389,36
22,MAGE,Flamestrike,0.2222,36
22,MAGE,Flesheating Ghoul,0.0278,36
22,MAGE,Frost Nova,0.1667,36
22,MAGE,Frostbolt,0.8611,36
22,MAGE,Frostwolf Grunt,0.3333,36
22,MAGE,Gnomish Inventor,0.25,36
22,MAGE,Goldshire Footman,0.0556,36
22,MAGE,Harrison Jones,0.0833,36
22,MAGE,Harvest Golem,0.1667,36
22,MAGE,Ice Barrier,0.4444,36
22,MAGE,Ice Block,0.1667,36
22,MAGE,Ice Lance,0.2778,36
22,MAGE,Injured Blademaster,0.0278,36
22,MAGE,Ironforge Rifleman,0.0556,36
22,MAGE,Ironfur Grizzly,0.2222,36
22,MAGE,Kirin Tor Mage,0.0278,36
22,MAGE,Knife Juggler,0.2222,36
22,MAGE,Kobold Geomancer,0.0833,36
22,MAGE,Leeroy Jenkins,0.1667,36
22,MAGE,Leper Gnome,0.1667,36
22,MAGE,Lightwarden,0.1389,36
22,MAGE,Loatheb,0.1667,36
22,MAGE,Loot Hoarder,0.3056,36
22,MAGE,Mad Scientist,0.0833,36
22,MAGE,Maexxna,0.0278,36
22,MAGE,Mana Wraith,0.25,36
22,MAGE,Mana Wyrm,0.7222,36
22,MAGE,Millhouse Manastorm,0.25,36
22,MAGE,Mirror Entity,0.3889,36
22,MAGE,Mirror Image,0.5833,36
22,MAGE,Molten Giant,0.0278,36
22,MAGE,Mountain Giant,0.0833,36
22,MAGE,Nerub'ar Weblord,0.0556,36
22,MAGE,Nightblade,0.1667,36
22,MAGE,Novice Engineer,0.3889,36
22,MAGE,Oasis Snapjaw,0.0278,36
22,MAGE,Polymorph,0.5,36
22,MAGE,Priestess of Elune,0.0278,36
22,MAGE,Pyroblast,0.3611,36
22,MAGE,Questing Adventurer,0.0833,36
22,MAGE,Raging Worgen,0.0556,36
22,MAGE,Ragnaros the Firelord,0.2778,36
22,MAGE,Ravenholdt Assassin,0.1667,36
22,MAGE,Razorfen Hunter,0.1111,36
22,MAGE,Reckless Rocketeer,0.1389,36
22,MAGE,Secretkeeper,0.0556,36
22,MAGE,Sen'jin Shieldmasta,0.0278,36
22,MAGE,Shade of Naxxramas,0.1111,36
22,MAGE,Shattered Sun Cleric,0.1667,36
22,MAGE,Shieldbearer,0.3889,36
22,MAGE,Sludge Belcher,0.6111,36
22,MAGE,Sorcerer's Apprentice,0.2778,36
22,MAGE,Southsea Captain,0.0278,36
22,MAGE,Spellbender,0.25,36
22,MAGE,Stonetusk Boar,0.0278,36
22,MAGE,Stormpike Commando,0.1111,36
22,MAGE,Stormwind Knight,0.0556,36
22,MAGE,Sunfury Protector,0.1667,36
22,MAGE,Sunwalker,0.1111,36
22,MAGE,Sylvanas Windrunner,0.1944,36
22,MAGE,Tauren Warrior,0.0556,36
22,MAGE,The Black Knight,0.1389,36
22,MAGE,Tinkmaster Overspark,0.1111,36
22,MAGE,Undertaker,0.1944,36
22,MAGE,Unstable Ghoul,0.0278,36
22,MAGE,Vaporize,0.25,36
22,MAGE,Violet Teacher,0.0278,36
22,MAGE,Water Elemental,0.5,36
22,MAGE,Wisp,0.0278,36
22,MAGE,Wolfrider,0.1389,36
22,MAGE,Young Dragonhawk,0.0556,36
22,MAGE,Ysera,0.2778,36
22,WARRIOR,Acidic Swamp Ooze,0.2174,23
22,WARRIOR,Acolyte of Pain,0.3043,23
22,WARRIOR,Alexstrasza,0.2609,23
22,WARRIOR,Amani Berserker,0.087,23
22,WARRIOR,Ancient Watcher,0.0435,23
22,WARRIOR,Angry Chicken,0.0435,23
22,WARRIOR,Arathi Weaponsmith,0.4783,23
22,WARRIOR,Arcane Golem,0.0435,23
22,WARRIOR,Arcanite Reaper,0.3913,23
22,WARRIOR,Archmage,0.0435,23
22,WARRIOR,Argent Commander,0.3043,23
22,WARRIOR,Argent Squire,0.2174,23
22,WARRIOR,Armorsmith,0.7391,23
22,WARRIOR,Azure Drake,0.0435,23
22,WARRIOR,Baron Geddon,0.2609,23
22,WARRIOR,Big Game Hunter,0.087,23
22,WARRIOR,Bloodfen Raptor,0.1739,23
22,WARRIOR,Bloodsail Raider,0.7391,23
22,WARRIOR,Boulderfist Ogre,0.087,23
22,WARRIOR,Brawl,0.5652,23
22,WARRIOR,Cairne Bloodhoof,0.1739,23
22,WARRIOR,Chillwind Yeti,0.087,23
22,WARRIOR,Cleave,0.087,23
22,WARRIOR,Commanding Shout,0.0435,23
22,WARRIOR,Cruel Taskmaster,0.6957,23
22,WARRIOR,Cult Master,0.1304,23
22,WARRIOR,Dancing Swords,0.087,23
22,WARRIOR,Dark Iron Dwarf,0.1304,23
22,WARRIOR,Defender of Argus,0.0435,23
22,WARRIOR,Dire Wolf Alpha,0.2174,23
22,WARRIOR,Dragonling Mechanic,0.0435,23
22,WARRIOR,Dread Corsair,0.0435,23
22,WARRIOR,Earthen Ring Farseer,0.3478,23
22,WARRIOR,Elite Tauren Chieftain,0.0435,23
22,WARRIOR,Elven Archer,0.2609,23
22,WARRIOR,Emperor Cobra,0.087,23
22,WARRIOR,Execute,0.7391,23
22,WARRIOR,Faceless Manipulator,0.087,23
22,WARRIOR,Faerie Dragon,0.0435,23
22,WARRIOR,Fen Creeper,0.087,23
22,WARRIOR,Fiery War Axe,0.5652,23
22,WARRIOR,Frothing Berserker,0.4783,23
22,WARRIOR,Gorehowl,0.3478,23
22,WARRIOR,Grommash Hellscream,0.6957,23
22,WARRIOR,Harrison Jones,0.1304,23
22,WARRIOR,Harvest Golem,0.3043,23
22,WARRIOR,Heroic Strike,0.2609,23
22,WARRIOR,Imp Master,0.1739,23
22,WARRIOR,Inner Rage,0.2174,23
22,WARRIOR,Ironbeak Owl,0.2609,23
22,WARRIOR,Ironforge Rifleman,0.0435,23
22,WARRIOR,Jungle Panther,0.0435,23
22,WARRIOR,Knife Juggler,0.2609,23
22,WARRIOR,Kor'kron Elite,0.4348,23
22,WARRIOR,Leeroy Jenkins,0.1739,23
22,WARRIOR,Leper Gnome,0.3043,23
22,WARRIOR,Loatheb,0.2174,23
22,WARRIOR,Lord of the Arena,0.0435,23
22,WARRIOR,Lorewalker Cho,0.0435,23
22,WARRIOR,Mad Bomber,0.3043,23
22,WARRIOR,Master Swordsmith,0.2174,23
22,WARRIOR,Mortal Strike,0.3043,23
22,WARRIOR,Murloc Warleader,0.0435,23
22,WARRIOR,Nightblade,0.1304,23
22,WARRIOR,Nozdormu,0.0435,23
22,WARRIOR,Pint-Sized Summoner,0.087,23
22,WARRIOR,Raging Worgen,0.1304,23
22,WARRIOR,Ragnaros the Firelord,0.6522,23
22,WARRIOR,Rampage,0.0435,23
22,WARRIOR,Scarlet Crusader,0.0435,23
22,WARRIOR,Secretkeeper,0.0435,23
22,WARRIOR,Sen'jin Shieldmasta,0.4348,23
22,WARRIOR,Shattered Sun Cleric,0.2174,23
22,WARRIOR,Shield Block,0.5652,23
22,WARRIOR,Shield Slam,0.5652,23
22,WARRIOR,Shieldbearer,0.2174,23
22,WARRIOR,Silver Hand Knight,0.1304,23
22,WARRIOR,Slam,0.6522,23
22,WARRIOR,Sludge Belcher,0.6087,23
22,WARRIOR,Spectral Knight,0.2174,23
22,WARRIOR,Spellbreaker,0.1739,23
22,WARRIOR,Spiteful Smith,0.3913,23
22,WARRIOR,Stalagg,0.0435,23
22,WARRIOR,Stampeding Kodo,0.1304,23
22,WARRIOR,Stonetusk Boar,0.1304,23
22,WARRIOR,Sylvanas Windrunner,0.3043,23
22,WARRIOR,Tauren Warrior,0.0435,23
22,WARRIOR,The Black Knight,0.2609,23
22,WARRIOR,Undertaker,0.3043,23
22,WARRIOR,Unstable Ghoul,0.4348,23
22,WARRIOR,Upgrade!,0.2609,23
22,WARRIOR,Warsong Commander,0.5652,23
22,WARRIOR,Whirlwind,0.5652,23
22,WARRIOR,Windfury Harpy,0.0435,23
22,WARRIOR,Worgen Infiltrator,0.0435,23
22,WARRIOR,Young Priestess,0.1739,23
22,WARRIOR,Ysera,0.1739,23
22,WARRIOR,Zombie Chow,0.0435,23
23,HUNTER,Abomination,0.0556,18
23,HUNTER,Abusive Sergeant,0.1667,18
23,HUNTER,Ancient Brewmaster,0.0556,18
23,HUNTER,Angry Chicken,0.1111,18
23,HUNTER,Animal Companion,1.0,18
23,HUNTER,Arcane Shot,0.3889,18
23,HUNTER,Azure Drake,0.1111,18
23,HUNTER,Baron Rivendare,0.0556,18
23,HUNTER,Big Game Hunter,0.3889,18
23,HUNTER,Bloodfen Raptor,0.0556,18
23,HUNTER,Dark Iron Dwarf,0.2222,18
23,HUNTER,Deadly Shot,0.8889,18
23,HUNTER,Dire Wolf Alpha,0.1111,18
23,HUNTER,Dread Corsair,0.1111,18
23,HUNTER,Eaglehorn Bow,0.7778,18
23,HUNTER,Echoing Ooze,0.1111,18
23,HUNTER,Explosive Shot,0.3889,18
23,HUNTER,Explosive Trap,0.6667,18
23,HUNTER,Faerie Dragon,0.3889,18
23,HUNTER,Feugen,0.3889,18
23,HUNTER,Flare,0.5,18
23,HUNTER,Freezing Trap,1.0,18
23,HUNTER,Frost Elemental,0.2778,18
23,HUNTER,Harrison Jones,0.1111,18
23,HUNTER,Harvest Golem,0.2222,18
23,HUNTER,Haunted Creeper,0.1111,18
23,HUNTER,Houndmaster,0.6111,18
23,HUNTER,Hunter's Mark,0.5,18
23,HUNTER,Ironbeak Owl,0.3889,18
23,HUNTER,Ironfur Grizzly,0.1111,18
23,HUNTER,Kel'Thuzad,0.2222,18
23,HUNTER,Kill Command,0.5,18
23,HUNTER,Knife Juggler,0.3889,18
23,HUNTER,Leeroy Jenkins,0.3889,18
23,HUNTER,Loatheb,0.1111,18
23,HUNTER,Loot Hoarder,0.3889,18
23,HUNTER,Lorewalker Cho,0.0556,18
23,HUNTER,Mad Scientist,0.7222,18
23,HUNTER,Mountain Giant,0.1111,18
23,HUNTER,Murloc Raider,0.0556,18
23,HUNTER,Nozdormu,0.1667,18
23,HUNTER,Priestess of Elune,0.1111,18
23,HUNTER,River Crocolisk,0.2222,18
23,HUNTER,Savannah Highmane,0.8889,18
23,HUNTER,Scavenging Hyena,0.2222,18
23,HUNTER,Sea Giant,0.3889,18
23,HUNTER,Secretkeeper,0.1667,18
23,HUNTER,Sen'jin Shieldmasta,0.2222,18
23,HUNTER,Shieldbearer,0.0556,18
23,HUNTER,Sludge Belcher,0.5,18
23,HUNTER,Spectral Knight,0.2222,18
23,HUNTER,Stampeding Kodo,0.2778,18
23,HUNTER,Starving Buzzard,1.0,18
23,HUNTER,Stoneskin Gargoyle,0.1667,18
23,HUNTER,Stonetusk Boar,0.2222,18
23,HUNTER,Stranglethorn Tiger,0.3889,18
23,HUNTER,Thrallmar Farseer,0.3889,18
23,HUNTER,Timber Wolf,0.6111,18
23,HUNTER,Tracking,0.5556,18
23,HUNTER,Undertaker,0.3333,18
23,HUNTER,Unleash the Hounds,1.0,18
23,HUNTER,Unstable Ghoul,0.1111,18
23,HUNTER,Webspinner,0.1111,18
23,HUNTER,Wild Pyromancer,0.1111,18
23,HUNTER,Wisp,0.1111,18
23,HUNTER,Youthful Brewmaster,0.1667,18
23,HUNTER,Ysera,0.0556,18
23,HUNTER,Zombie Chow,0.3889,18
23,MAGE,Acidic Swamp Ooze,0.0278,36
23,MAGE,Acolyte of Pain,0.3056,36
23,MAGE,Alexstrasza,0.0833,36
23,MAGE,Amani Berserker,0.3889,36
23,MAGE,Ancient Mage,0.0556,36
23,MAGE,Ancient Watcher,0.0278,36
23,MAGE,Angry Chicken,0.0556,36
23,MAGE,Arcane Explosion,0.1111,36
23,MAGE,Arcane Intellect,0.3056,36
23,MAGE,Arcane Missiles,0.4722,36
23,MAGE,Archmage,0.2222,36
23,MAGE,Archmage Antonidas,0.3889,36
23,MAGE,Argent Commander,0.1944,36
23,MAGE,Argent Squire,0.3056,36
23,MAGE,Azure Drake,0.3056,36
23,MAGE,Blizzard,0.5833,36
23,MAGE,Bloodfen Raptor,0.0833,36
23,MAGE,Bloodmage Thalnos,0.3333,36
23,MAGE,Bloodsail Raider,0.0556,36
23,MAGE,Boulderfist Ogre,0.0833,36
23,MAGE,Captain's Parrot,0.0278,36
23,MAGE,Chillwind Yeti,0.1944,36
23,MAGE,Coldlight Oracle,0.1389,36
23,MAGE,Cone of Cold,0.0556,36
23,MAGE,Counterspell,0.25,36
23,MAGE,Dalaran Mage,0.0833,36
23,MAGE,Darkscale Healer,0.1111,36
23,MAGE,Deathlord,0.0278,36
23,MAGE,Defender of Argus,0.0556,36
23,MAGE,Demolisher,0.0278,36
23,MAGE,Dire Wolf Alpha,0.1667,36
23,MAGE,Doomsayer,0.1667,36
23,MAGE,Duplicate,0.0278,36
23,MAGE,Earthen Ring Farseer,0.1667,36
23,MAGE,Echoing Ooze,0.0833,36
23,MAGE,Elite Tauren Chieftain,0.0278,36
23,MAGE,Elven Archer,0.0278,36
23,MAGE,Ethereal Arcanist,0.2222,36
23,MAGE,Faceless Manipulator,0.2222,36
23,MAGE,Faerie Dragon,0.1667,36
23,MAGE,Fen Creeper,0.1111,36
23,MAGE,Feugen,0.0278,36
23,MAGE,Fireball,0.6389,36
23,MAGE,Flamestrike,0.2222,36
23,MAGE,Flesheating Ghoul,0.0278,36
23,MAGE,Frost Nova,0.1667,36
23,MAGE,Frostbolt,0.8611,36
23,MAGE,Frostwolf Grunt,0.3333,36
23,MAGE,Gnomish Inventor,0.25,36
23,MAGE,Goldshire Footman,0.0556,36
23,MAGE,Harrison Jones,0.0833,36
23,MAGE,Harvest Golem,0.1667,36
23,MAGE,Ice Barrier,0.4444,36
23,MAGE,Ice Block,0.1667,36
23,MAGE,Ice Lance,0.2778,36
23,MAGE,Injured Blademaster,0.0278,36
23,MAGE,Ironforge Rifleman,0.0556,36
23,MAGE,Ironfur Grizzly,0.2222,36
23,MAGE,Kirin Tor Mage,0.0278,36
23,MAGE,Knife Juggler,0.2222,36
23,MAGE,Kobold Geomancer,0.0833,36
23,MAGE,Leeroy Jenkins,0.1667,36
23,MAGE,Leper Gnome,0.1667,36
23,MAGE,Lightwarden,0.1389,36
23,MAGE,Loatheb,0.1667,36
23,MAGE,Loot Hoarder,0.3056,36
23,MAGE,Mad Scientist,0.0833,36
23,MAGE,Maexxna,0.0278,36
23,MAGE,Mana Wraith,0.25,36
23,MAGE,Mana Wyrm,0.7222,36
23,MAGE,Millhouse Manastorm,0.25,36
23,MAGE,Mirror Entity,0.3889,36
23,MAGE,Mirror Image,0.5833,36
23,MAGE,Molten Giant,0.0278,36
23,MAGE,Mountain Giant,0.0833,36
23,MAGE,Nerub'ar Weblord,0.0556,36
23,MAGE,Nightblade,0.1667,36
23,MAGE,Novice Engineer,0.3889,36
23,MAGE,Oasis Snapjaw,0.0278,36
23,MAGE,Polymorph,0.5,36
23,MAGE,Priestess of Elune,0.0278,36
23,MAGE,Pyroblast,0.3611,36
23,MAGE,Questing Adventurer,0.0833,36
23,MAGE,Raging Worgen,0.0556,36
23,MAGE,Ragnaros the Firelord,0.2778,36
23,MAGE,Ravenholdt Assassin,0.1667,36
23,MAGE,Razorfen Hunter,0.1111,36
23,MAGE,Reckless Rocketeer,0.1389,36
23,MAGE,Secretkeeper,0.0556,36
23,MAGE,Sen'jin Shieldmasta,0.0278,36
23,MAGE,Shade of Naxxramas,0.1111,36
23,MAGE,Shattered Sun Cleric,0.1667,36
23,MAGE,Shieldbearer,0.3889,36
23,MAGE,Sludge Belcher,0.6111,36
23,MAGE,Sorcerer's Apprentice,0.2778,36
23,MAGE,Southsea Captain,0.0278,36
23,MAGE,Spellbender,0.25,36
23,MAGE,Stonetusk Boar,0.0278,36
23,MAGE,Stormpike Commando,0.1111,36
23,MAGE,Stormwind Knight,0.0556,36
23,MAGE,Sunfury Protector,0.1667,36
23,MAGE,Sunwalker,0.1111,36
23,MAGE,Sylvanas Windrunner,0.1944,36
23,MAGE,Tauren Warrior,0.0556,36
23,MAGE,The Black Knight,0.1389,36
23,MAGE,Tinkmaster Overspark,0.1111,36
23,MAGE,Undertaker,0.1944,36
23,MAGE,Unstable Ghoul,0.0278,36
23,MAGE,Vaporize,0.25,36
23,MAGE,Violet Teacher,0.0278,36
23,MAGE,Water Elemental,0.5,36
23,MAGE,Wisp,0.0278,36
23,MAGE,Wolfrider,0.1389,36
23,MAGE,Young Dragonhawk,0.0556,36
23,MAGE,Ysera,0.2778,36
23,WARRIOR,Acidic Swamp Ooze,0.2174,23
23,WARRIOR,Acolyte of Pain,0.3043,23
23,WARRIOR,Alexstrasza,0.2609,23
23,WARRIOR,Amani Berserker,0.087,23
23,WARRIOR,Ancient Watcher,0.0435,23
23,WARRIOR,Angry Chicken,0.0435,23
23,WARRIOR,Arathi Weaponsmith,0.4783,23
23,WARRIOR,Arcane Golem,0.0435,23
23,WARRIOR,Arcanite Reaper,0.3913,23
23,WARRIOR,Archmage,0.0435,23
23,WARRIOR,Argent Commander,0.3043,23
23,WARRIOR,Argent Squire,0.2174,23
23,WARRIOR,Armorsmith,0.7391,23
23,WARRIOR,Azure Drake,0.0435,23
23,WARRIOR,Baron Geddon,0.2609,23
23,WARRIOR,Big Game Hunter,0.087,23
23,WARRIOR,Bloodfen Raptor,0.1739,23
23,WARRIOR,Bloodsail Raider,0.7391,23
23,WARRIOR,Boulderfist Ogre,0.087,23
23,WARRIOR,Brawl,0.5652,23
23,WARRIOR,Cairne Bloodhoof,0.1739,23
23,WARRIOR,Chillwind Yeti,0.087,23
23,WARRIOR,Cleave,0.087,23
23,WARRIOR,Commanding Shout,0.0435,23
23,WARRIOR,Cruel Taskmaster,0.6957,23
23,WARRIOR,Cult Master,0.1304,23
23,WARRIOR,Dancing Swords,0.087,23
23,WARRIOR,Dark Iron Dwarf,0.1304,23
23,WARRIOR,Defender of Argus,0.0435,23
23,WARRIOR,Dire Wolf Alpha,0.2174,23
23,WARRIOR,Dragonling Mechanic,0.0435,23
23,WARRIOR,Dread Corsair,0.0435,23
23,WARRIOR,Earthen Ring Farseer,0.3478,23
23,WARRIOR,Elite Tauren Chieftain,0.0435,23
23,WARRIOR,Elven Archer,0.2609,23
23,WARRIOR,Emperor Cobra,0.087,23
23,WARRIOR,Execute,0.7391,23
23,WARRIOR,Faceless Manipulator,0.087,23
23,WARRIOR,Faerie Dragon,0.0435,23
23,WARRIOR,Fen Creeper,0.087,23
23,WARRIOR,Fiery War Axe,0.5652,23
23,WARRIOR,Frothing Berserker,0.4783,23
23,WARRIOR,Gorehowl,0.3478,23
23,WARRIOR,Grommash Hellscream,0.6957,23
23,WARRIOR,Harrison Jones,0.1304,23
23,WARRIOR,Harvest Golem,0.3043,23
23,WARRIOR,Heroic Strike,0.2609,23
23,WARRIOR,Imp Master,0.1739,23
23,WARRIOR,Inner Rage,0.2174,23
23,WARRIOR,Ironbeak Owl,0.2609,23
23,WARRIOR,Ironforge Rifleman,0.0435,23
23,WARRIOR,Jungle Panther,0.0435,23
23,WARRIOR,Knife Juggler,0.2609,23
23,WARRIOR,Kor'kron Elite,0.4348,23
23,WARRIOR,Leeroy Jenkins,0.1739,23
23,WARRIOR,Leper Gnome,0.3043,23
23,WARRIOR,Loatheb,0.2174,23
23,WARRIOR,Lord of the Arena,0.0435,23
23,WARRIOR,Lorewalker Cho,0.0435,23
23,WARRIOR,Mad Bomber,0.3043,23
23,WARRIOR,Master Swordsmith,0.2174,23
23,WARRIOR,Mortal Strike,0.3043,23
23,WARRIOR,Murloc Warleader,0.0435,23
23,WARRIOR,Nightblade,0.1304,23
23,WARRIOR,Nozdormu,0.0435,23
23,WARRIOR,Pint-Sized Summoner,0.087,23
23,WARRIOR,Raging Worgen,0.1304,23
23,WARRIOR,Ragnaros the Firelord,0.6522,23
23,WARRIOR,Rampage,0.0435,23
23,WARRIOR,Scarlet Crusader,0.0435,23
23,WARRIOR,Secretkeeper,0.0435,23
23,WARRIOR,Sen'jin Shieldmasta,0.4348,23
23,WARRIOR,Shattered Sun Cleric,0.2174,23
23,WARRIOR,Shield Block,0.5652,23
23,WARRIOR,Shield Slam,0.5652,23
23,WARRIOR,Shieldbearer,0.2174,23
23,WARRIOR,Silver Hand Knight,0.1304,23
23,WARRIOR,Slam,0.6522,23
23,WARRIOR,Sludge Belcher,0.6087,23
23,WARRIOR,Spectral Knight,0.2174,23
23,WARRIOR,Spellbreaker,0.1739,23
23,WARRIOR,Spiteful Smith,0.3913,23
23,WARRIOR,Stalagg,0.0435,23
23,WARRIOR,Stampeding Kodo,0.1304,23
23,WARRIOR,Stonetusk Boar,0.1304,23
23,WARRIOR,Sylvanas Windrunner,0.3043,23
23,WARRIOR,Tauren Warrior,0.0435,23
23,WARRIOR,The Black Knight,0.2609,23
23,WARRIOR,Undertaker,0.3043,23
23,WARRIOR,Unstable Ghoul,0.4348,23
23,WARRIOR,Upgrade!,0.2609,23
23,WARRIOR,Warsong Commander,0.5652,23
23,WARRIOR,Whirlwind,0.5652,23
23,WARRIOR,Windfury Harpy,0.0435,23
23,WARRIOR,Worgen Infiltrator,0.0435,23
23,WARRIOR,Young Priestess,0.1739,23
23,WARRIOR,Ysera,0.1739,23
23,WARRIOR,Zombie Chow,0.0435,23
24,HUNTER,Abomination,0.0556,18
24,HUNTER,Abusive Sergeant,0.1667,18
24,HUNTER,Ancient Brewmaster,0.0556,18
24,HUNTER,Angry Chicken,0.1111,18
24,HUNTER,Animal Companion,1.0,18
24,HUNTER,Arcane Shot,0.3889,18
24,HUNTER,Azure Drake,0.1111,18
24,HUNTER,Baron Rivendare,0.0556,18
24,HUNTER,Big Game Hunter,0.3889,18
24,HUNTER,Bloodfen Raptor,0.0556,18
24,HUNTER,Dark Iron Dwarf,0.2222,18
24,HUNTER,Deadly Shot,0.8889,18
24,HUNTER,Dire Wolf Alpha,0.1111,18
24,HUNTER,Dread Corsair,0.1111,18
24,HUNTER,Eaglehorn Bow,0.7222,18
24,HUNTER,Echoing Ooze,0.1111,18
24,HUNTER,Explosive Shot,0.3889,18
24,HUNTER,Explosive Trap,0.6667,18
24,HUNTER,Faerie Dragon,0.3889,18
24,HUNTER,Feugen,0.3889,18
24,HUNTER,Flare,0.5,18
24,HUNTER,Freezing Trap,1.0,18
24,HUNTER,Frost Elemental,0.2778,18
24,HUNTER,Frostwolf Grunt,0.0556,18
24,HUNTER,Harrison Jones,0.1111,18
24,HUNTER,Harvest Golem,0.2222,18
24,HUNTER,Haunted Creeper,0.1111,18
24,HUNTER,Houndmaster,0.6111,18
24,HUNTER,Hunter's Mark,0.5,18
24,HUNTER,Ironbeak Owl,0.3889,18
24,HUNTER,Ironfur Grizzly,0.1111,18
24,HUNTER,Jungle Panther,0.0556,18
24,HUNTER,Kel'Thuzad,0.2222,18
24,HUNTER,Kill Command,0.5,18
24,HUNTER,Knife Juggler,0.3889,18
24,HUNTER,Leeroy Jenkins,0.3889,18
24,HUNTER,Loatheb,0.1111,18
24,HUNTER,Loot Hoarder,0.3889,18
24,HUNTER,Lorewalker Cho,0.0556,18
24,HUNTER,Mad Scientist,0.7222,18
24,HUNTER,Mountain Giant,0.1111,18
24,HUNTER,Murloc Raider,0.0556,18
24,HUNTER,Nozdormu,0.1667,18
24,HUNTER,Priestess of Elune,0.1111,18
24,HUNTER,River Crocolisk,0.2222,18
24,HUNTER,Savannah Highmane,0.8889,18
24,HUNTER,Scavenging Hyena,0.2222,18
24,HUNTER,Sea Giant,0.3889,18
24,HUNTER,Secretkeeper,0.1667,18
24,HUNTER,Sen'jin Shieldmasta,0.2222,18
24,HUNTER,Shieldbearer,0.0556,18
24,HUNTER,Sludge Belcher,0.5,18
24,HUNTER,Spectral Knight,0.2222,18
24,HUNTER,Stampeding Kodo,0.2778,18
24,HUNTER,Starving Buzzard,1.0,18
24,HUNTER,Stoneskin Gargoyle,0.1667,18
24,HUNTER,Stonetusk Boar,0.2222,18
24,HUNTER,Stranglethorn Tiger,0.3889,18
24,HUNTER,Thrallmar Farseer,0.3889,18
24,HUNTER,Timber Wolf,0.6111,18
24,HUNTER,Tracking,0.5556,18
24,HUNTER,Undertaker,0.3333,18
24,HUNTER,Unleash the Hounds,1.0,18
24,HUNTER,Unstable Ghoul,0.1111,18
24,HUNTER,Webspinner,0.1111,18
24,HUNTER,Wild Pyromancer,0.1111,18
24,HUNTER,Wisp,0.1111,18
24,HUNTER,Youthful Brewmaster,0.1667,18
24,HUNTER,Ysera,0.0556,18
24,HUNTER,Zombie Chow,0.3889,18
24,MAGE,Acidic Swamp Ooze,0.0278,36
24,MAGE,Acolyte of Pain,0.3056,36
24,MAGE,Alexstrasza,0.0833,36
24,MAGE,Amani Berserker,0.3889,36
24,MAGE,Ancient Mage,0.0556,36
24,MAGE,Ancient Watcher,0.0278,36
24,MAGE,Angry Chicken,0.0556,36
24,MAGE,Arcane Explosion,0.1111,36
24,MAGE,Arcane Intellect,0.3056,36
24,MAGE,Arcane Missiles,0.4722,36
24,MAGE,Archmage,0.2222,36
24,MAGE,Archmage Antonidas,0.3889,36
24,MAGE,Argent Commander,0.1944,36
24,MAGE,Argent Squire,0.3056,36
24,MAGE,Azure Drake,0.3056,36
24,MAGE,Blizzard,0.5833,36
24,MAGE,Bloodfen Raptor,0.0833,36
24,MAGE,Bloodmage Thalnos,0.3333,36
24,MAGE,Bloodsail Raider,0.0556,36
24,MAGE,Boulderfist Ogre,0.0833,36
24,MAGE,Captain's Parrot,0.0278,36
24,MAGE,Chillwind Yeti,0.1944,36
24,MAGE,Coldlight Oracle,0.1389,36
24,MAGE,Cone of Cold,0.0556,36
24,MAGE,Counterspell,0.25,36
24,MAGE,Dalaran Mage,0.0833,36
24,MAGE,Darkscale Healer,0.1111,36
24,MAGE,Deathlord,0.0278,36
24,MAGE,Defender of Argus,0.0556,36
24,MAGE,Demolisher,0.0278,36
24,MAGE,Dire Wolf Alpha,0.1667,36
24,MAGE,Doomsayer,0.1667,36
24,MAGE,Duplicate,0.0278,36
24,MAGE,Earthen Ring Farseer,0.1667,36
24,MAGE,Echoing Ooze,0.0833,36
24,MAGE,Elite Tauren Chieftain,0.0278,36
24,MAGE,Elven Archer,0.0278,36
24,MAGE,Ethereal Arcanist,0.2222,36
24,MAGE,Faceless Manipulator,0.2222,36
24,MAGE,Faerie Dragon,0.1667,36
24,MAGE,Fen Creeper,0.1111,36
24,MAGE,Feugen,0.0278,36
24,MAGE,Fireball,0.6389,36
24,MAGE,Flamestrike,0.2222,36
24,MAGE,Flesheating Ghoul,0.0278,36
24,MAGE,Frost Nova,0.1667,36
24,MAGE,Frostbolt,0.8611,36
24,MAGE,Frostwolf Grunt,0.3333,36
24,MAGE,Gnomish Inventor,0.25,36
24,MAGE,Goldshire Footman,0.0556,36
24,MAGE,Harrison Jones,0.0833,36
24,MAGE,Harvest Golem,0.1667,36
24,MAGE,Ice Barrier,0.4444,36
24,MAGE,Ice Block,0.1667,36
24,MAGE,Ice Lance,0.2778,36
24,MAGE,Injured Blademaster,0.0278,36
24,MAGE,Ironforge Rifleman,0.0556,36
24,MAGE,Ironfur Grizzly,0.2222,36
24,MAGE,Kirin Tor Mage,0.0278,36
24,MAGE,Knife Juggler,0.2222,36
24,MAGE,Kobold Geomancer,0.0833,36
24,MAGE,Leeroy Jenkins,0.1667,36
24,MAGE,Leper Gnome,0.1667,36
24,MAGE,Lightwarden,0.1389,36
24,MAGE,Loatheb,0.1667,36
24,MAGE,Loot Hoarder,0.3056,36
24,MAGE,Mad Scientist,0.0833,36
24,MAGE,Maexxna,0.0278,36
24,MAGE,Mana Wraith,0.25,36
24,MAGE,Mana Wyrm,0.7222,36
24,MAGE,Millhouse Manastorm,0.25,36
24,MAGE,Mirror Entity,0.3889,36
24,MAGE,Mirror Image,0.5833,36
24,MAGE,Molten Giant,0.0278,36
24,MAGE,Mountain Giant,0.0833,36
24,MAGE,Nerub'ar Weblord,0.0556,36
24,MAGE,Nightblade,0.1667,36
24,MAGE,Novice Engineer,0.3889,36
24,MAGE,Oasis Snapjaw,0.0278,36
24,MAGE,Polymorph,0.5,36
24,MAGE,Priestess of Elune,0.0278,36
24,MAGE,Pyroblast,0.3611,36
24,MAGE,Questing Adventurer,0.0833,36
24,MAGE,Raging Worgen,0.0556,36
24,MAGE,Ragnaros the Firelord,0.2778,36
24,MAGE,Ravenholdt Assassin,0.1667,36
24,MAGE,Razorfen Hunter,0.1111,36
24,MAGE,Reckless Rocketeer,0.1389,36
24,MAGE,Secretkeeper,0.0556,36
24,MAGE,Sen'jin Shieldmasta,0.0278,36
24,MAGE,Shade of Naxxramas,0.1111,36
24,MAGE,Shattered Sun Cleric,0.1667,36
24,MAGE,Shieldbearer,0.3889,36
24,MAGE,Sludge Belcher,0.6111,36
24,MAGE,Sorcerer's Apprentice,0.2778,36
24,MAGE,Southsea Captain,0.0278,36
24,MAGE,Spellbender,0.25,36
24,MAGE,Stonetusk Boar,0.0278,36
24,MAGE,Stormpike Commando,0.1111,36
24,MAGE,Stormwind Knight,0.0556,36
24,MAGE,Sunfury Protector,0.1667,36
24,MAGE,Sunwalker,0.1111,36
24,MAGE,Sylvanas Windrunner,0.1944,36
24,MAGE,Tauren Warrior,0.0556,36
24,MAGE,The Black Knight,0.1389,36
24,MAGE,Tinkmaster Overspark,0.1111,36
24,MAGE,Undertaker,0.1944,36
24,MAGE,Unstable Ghoul,0.0278,36
24,MAGE,Vaporize,0.25,36
24,MAGE,Violet Teacher,0.0278,36
24,MAGE,Water Elemental,0.5,36
24,MAGE,Wisp,0.0278,36
24,MAGE,Wolfrider,0.1389,36
24,MAGE,Young Dragonhawk,0.0556,36
24,MAGE,Ysera,0.2778,36
24,WARRIOR,Acidic Swamp Ooze,0.2083,24
24,WARRIOR,Acolyte of Pain,0.2917,24
24,WARRIOR,Alexstrasza,0.25,24
24,WARRIOR,Amani Berserker,0.0833,24
24,WARRIOR,Ancient Watcher,0.0833,24
24,WARRIOR,Angry Chicken,0.0417,24
24,WARRIOR,Arathi Weaponsmith,0.5,24
24,WARRIOR,Arcane Golem,0.0417,24
24,WARRIOR,Arcanite Reaper,0.375,24
24,WARRIOR,Archmage,0.0417,24
24,WARRIOR,Argent Commander,0.2917,24
24,WARRIOR,Argent Squire,0.25,24
24,WARRIOR,Armorsmith,0.75,24
24,WARRIOR,Azure Drake,0.0417,24
24,WARRIOR,Baron Geddon,0.25,24
24,WARRIOR,Big Game Hunter,0.0833,24
24,WARRIOR,Bloodfen Raptor,0.1667,24
24,WARRIOR,Bloodsail Raider,0.75,24
24,WARRIOR,Boulderfist Ogre,0.0833,24
24,WARRIOR,Brawl,0.5833,24
24,WARRIOR,Cairne Bloodhoof,0.1667,24
24,WARRIOR,Chillwind Yeti,0.0833,24
24,WARRIOR,Cleave,0.0833,24
24,WARRIOR,Commanding Shout,0.0833,24
24,WARRIOR,Cruel Taskmaster,0.7083,24
24,WARRIOR,Cult Master,0.125,24
24,WARRIOR,Dancing Swords,0.0833,24
24,WARRIOR,Dark Iron Dwarf,0.125,24
24,WARRIOR,Defender of Argus,0.0417,24
24,WARRIOR,Dire Wolf Alpha,0.2083,24
24,WARRIOR,Dragonling Mechanic,0.0417,24
24,WARRIOR,Dread Corsair,0.0417,24
24,WARRIOR,Earthen Ring Farseer,0.3333,24
24,WARRIOR,Elite Tauren Chieftain,0.0417,24
24,WARRIOR,Elven Archer,0.25,24
24,WARRIOR,Emperor Cobra,0.0833,24
24,WARRIOR,Execute,0.7083,24
24,WARRIOR,Faceless Manipulator,0.0833,24
24,WARRIOR,Faerie Dragon,0.0417,24
24,WARRIOR,Fen Creeper,0.125,24
24,WARRIOR,Fiery War Axe,0.5417,24
24,WARRIOR,Frothing Berserker,0.4583,24
24,WARRIOR,Gorehowl,0.3333,24
24,WARRIOR,Grommash Hellscream,0.7083,24
24,WARRIOR,Harrison Jones,0.125,24
24,WARRIOR,Harvest Golem,0.2917,24
24,WARRIOR,Heroic Strike,0.25,24
24,WARRIOR,Imp Master,0.1667,24
24,WARRIOR,Inner Rage,0.2083,24
24,WARRIOR,Ironbeak Owl,0.25,24
24,WARRIOR,Ironforge Rifleman,0.0833,24
24,WARRIOR,Jungle Panther,0.0833,24
24,WARRIOR,Knife Juggler,0.25,24
24,WARRIOR,Kor'kron Elite,0.4167,24
24,WARRIOR,Leeroy Jenkins,0.1667,24
24,WARRIOR,Leper Gnome,0.2917,24
24,WARRIOR,Loatheb,0.2083,24
24,WARRIOR,Lord of the Arena,0.0833,24
24,WARRIOR,Lorewalker Cho,0.0417,24
24,WARRIOR,Mad Bomber,0.3333,24
24,WARRIOR,Magma Rager,0.0417,24
24,WARRIOR,Master Swordsmith,0.2083,24
24,WARRIOR,Mortal Strike,0.2917,24
24,WARRIOR,Murloc Warleader,0.0417,24
24,WARRIOR,Nightblade,0.125,24
24,WARRIOR,Nozdormu,0.0417,24
24,WARRIOR,Pint-Sized Summoner,0.0833,24
24,WARRIOR,Raging Worgen,0.125,24
24,WARRIOR,Ragnaros the Firelord,0.625,24
24,WARRIOR,Rampage,0.0417,24
24,WARRIOR,Scarlet Crusader,0.0417,24
24,WARRIOR,Secretkeeper,0.0417,24
24,WARRIOR,Sen'jin Shieldmasta,0.4167,24
24,WARRIOR,Shattered Sun Cleric,0.2083,24
24,WARRIOR,Shield Block,0.5833,24
24,WARRIOR,Shield Slam,0.5833,24
24,WARRIOR,Shieldbearer,0.2083,24
24,WARRIOR,Silver Hand Knight,0.1667,24
24,WARRIOR,Slam,0.6667,24
24,WARRIOR,Sludge Belcher,0.625,24
24,WARRIOR,Spectral Knight,0.2083,24
24,WARRIOR,Spellbreaker,0.1667,24
24,WARRIOR,Spiteful Smith,0.4167,24
24,WARRIOR,Stalagg,0.0417,24
24,WARRIOR,Stampeding Kodo,0.125,24
24,WARRIOR,Stonetusk Boar,0.125,24
24,WARRIOR,Sylvanas Windrunner,0.2917,24
24,WARRIOR,Tauren Warrior,0.0417,24
24,WARRIOR,The Black Knight,0.2917,24
24,WARRIOR,Undertaker,0.2917,24
24,WARRIOR,Unstable Ghoul,0.4583,24
24,WARRIOR,Upgrade!,0.2917,24
24,WARRIOR,Warsong Commander,0.5417,24
24,WARRIOR,Whirlwind,0.5833,24
24,WARRIOR,Windfury Harpy,0.0417,24
24,WARRIOR,Worgen Infiltrator,0.0417,24
24,WARRIOR,Young Priestess,0.1667,24
24,WARRIOR,Ysera,0.1667,24
24,WARRIOR,Zombie Chow,0.0417,24
